-- ============================================================
-- ECD Sample Dataset Import
-- Generated from ECD_sample_data_sets.xlsx
-- Creates a SEPARATE hierarchy (does NOT modify existing data)
-- Safe to re-run: cleans up previous sample data first
-- ============================================================

-- 0a. ENSURE datasets table exists (must be created before cleanup references it)
CREATE TABLE IF NOT EXISTS datasets (
  id serial PRIMARY KEY,
  name text NOT NULL,
  name_te text,
  project_id int REFERENCES projects(id),
  district_id int REFERENCES districts(id),
  state_id int REFERENCES states(id),
  is_default boolean DEFAULT false,
  created_at timestamptz DEFAULT now()
);

ALTER TABLE datasets ENABLE ROW LEVEL SECURITY;
DO $$ BEGIN
  CREATE POLICY "Anyone can read datasets" ON datasets FOR SELECT USING (true);
EXCEPTION WHEN duplicate_object THEN NULL;
END $$;

-- 0b. CLEANUP: Remove any previously imported ECD sample data
--     Uses ID ranges only (5000-5999 for children, 200+ for hierarchy, 10000+ for screening).
--     Does NOT use child_unique_id pattern to avoid deleting App Data children.
--     Each DELETE is independent so one failure doesn't block others.

-- First clean up by ID ranges (for tables without a pattern marker)
DO $$ BEGIN DELETE FROM environment_assessments WHERE id BETWEEN 10001 AND 11000; EXCEPTION WHEN OTHERS THEN NULL; END $$;
DO $$ BEGIN DELETE FROM nutrition_assessments    WHERE id BETWEEN 10001 AND 11000; EXCEPTION WHEN OTHERS THEN NULL; END $$;
DO $$ BEGIN DELETE FROM intervention_followups   WHERE id BETWEEN 10001 AND 11000; EXCEPTION WHEN OTHERS THEN NULL; END $$;
DO $$ BEGIN DELETE FROM referrals                WHERE id BETWEEN 10001 AND 11000; EXCEPTION WHEN OTHERS THEN NULL; END $$;
DO $$ BEGIN DELETE FROM screening_results        WHERE id BETWEEN 10000 AND 10999; EXCEPTION WHEN OTHERS THEN NULL; END $$;
DO $$ BEGIN DELETE FROM screening_sessions       WHERE id BETWEEN 10000 AND 10999; EXCEPTION WHEN OTHERS THEN NULL; END $$;

-- Also clean screening data linked to ECD sample children (ID range 5000-5999 only — preserves App Data children)
DO $$ BEGIN DELETE FROM screening_results  WHERE session_id IN (SELECT id FROM screening_sessions WHERE child_id BETWEEN 5000 AND 5999); EXCEPTION WHEN OTHERS THEN NULL; END $$;
DO $$ BEGIN DELETE FROM screening_sessions WHERE child_id BETWEEN 5000 AND 5999; EXCEPTION WHEN OTHERS THEN NULL; END $$;
DO $$ BEGIN DELETE FROM referrals          WHERE child_id BETWEEN 5000 AND 5999; EXCEPTION WHEN OTHERS THEN NULL; END $$;

-- Delete ECD sample children only (ID range 5000-5999 — preserves App Data children IDs 1-200)
DO $$ BEGIN DELETE FROM children WHERE id BETWEEN 5000 AND 5999; EXCEPTION WHEN OTHERS THEN NULL; END $$;

-- Clean up hierarchy
DO $$ BEGIN DELETE FROM anganwadi_centres WHERE id BETWEEN 200 AND 398; EXCEPTION WHEN OTHERS THEN NULL; END $$;
DO $$ BEGIN DELETE FROM sectors           WHERE id BETWEEN 200 AND 202; EXCEPTION WHEN OTHERS THEN NULL; END $$;
DO $$ BEGIN DELETE FROM projects          WHERE id = 200;               EXCEPTION WHEN OTHERS THEN NULL; END $$;
DO $$ BEGIN DELETE FROM districts         WHERE id = 200;               EXCEPTION WHEN OTHERS THEN NULL; END $$;
DO $$ BEGIN DELETE FROM datasets          WHERE id = 2;                 EXCEPTION WHEN OTHERS THEN NULL; END $$;

-- 1. HIERARCHY: State (reuse AP), new District, Project, Sectors, AWCs

INSERT INTO districts (id, state_id, name, code) VALUES
  (200, 1, 'ECD Sample District', 'ECD_SAMPLE')
ON CONFLICT (id) DO NOTHING;

INSERT INTO projects (id, district_id, name, code) VALUES
  (200, 200, 'ECD Sample Project', 'ECD_SAMPLE_P')
ON CONFLICT (id) DO NOTHING;

INSERT INTO sectors (id, project_id, name, code) VALUES
  (200, 200, 'Mandal_A', 'ECD_S_01'),
  (201, 200, 'Mandal_B', 'ECD_S_02'),
  (202, 200, 'Mandal_C', 'ECD_S_03')
ON CONFLICT (id) DO NOTHING;

INSERT INTO anganwadi_centres (id, sector_id, centre_code, name, address) VALUES
  (200, 201, 'ECD_1000', 'ECD AWC-1000', 'Mandal_B'),
  (201, 201, 'ECD_1001', 'ECD AWC-1001', 'Mandal_B'),
  (202, 200, 'ECD_1002', 'ECD AWC-1002', 'Mandal_A'),
  (203, 202, 'ECD_1003', 'ECD AWC-1003', 'Mandal_C'),
  (204, 200, 'ECD_1004', 'ECD AWC-1004', 'Mandal_A'),
  (205, 200, 'ECD_1005', 'ECD AWC-1005', 'Mandal_A'),
  (206, 201, 'ECD_1006', 'ECD AWC-1006', 'Mandal_B'),
  (207, 200, 'ECD_1007', 'ECD AWC-1007', 'Mandal_A'),
  (208, 201, 'ECD_1008', 'ECD AWC-1008', 'Mandal_B'),
  (209, 202, 'ECD_1009', 'ECD AWC-1009', 'Mandal_C'),
  (210, 201, 'ECD_1010', 'ECD AWC-1010', 'Mandal_B'),
  (211, 202, 'ECD_1011', 'ECD AWC-1011', 'Mandal_C'),
  (212, 201, 'ECD_1012', 'ECD AWC-1012', 'Mandal_B'),
  (213, 200, 'ECD_1013', 'ECD AWC-1013', 'Mandal_A'),
  (214, 202, 'ECD_1014', 'ECD AWC-1014', 'Mandal_C'),
  (215, 202, 'ECD_1015', 'ECD AWC-1015', 'Mandal_C'),
  (216, 201, 'ECD_1016', 'ECD AWC-1016', 'Mandal_B'),
  (217, 201, 'ECD_1017', 'ECD AWC-1017', 'Mandal_B'),
  (218, 202, 'ECD_1018', 'ECD AWC-1018', 'Mandal_C'),
  (219, 201, 'ECD_1019', 'ECD AWC-1019', 'Mandal_B'),
  (220, 202, 'ECD_1020', 'ECD AWC-1020', 'Mandal_C'),
  (221, 200, 'ECD_1021', 'ECD AWC-1021', 'Mandal_A'),
  (222, 202, 'ECD_1022', 'ECD AWC-1022', 'Mandal_C'),
  (223, 201, 'ECD_1023', 'ECD AWC-1023', 'Mandal_B'),
  (224, 202, 'ECD_1024', 'ECD AWC-1024', 'Mandal_C'),
  (225, 200, 'ECD_1025', 'ECD AWC-1025', 'Mandal_A'),
  (226, 200, 'ECD_1026', 'ECD AWC-1026', 'Mandal_A'),
  (227, 201, 'ECD_1027', 'ECD AWC-1027', 'Mandal_B'),
  (228, 200, 'ECD_1028', 'ECD AWC-1028', 'Mandal_A'),
  (229, 200, 'ECD_1029', 'ECD AWC-1029', 'Mandal_A'),
  (230, 201, 'ECD_1030', 'ECD AWC-1030', 'Mandal_B'),
  (231, 200, 'ECD_1031', 'ECD AWC-1031', 'Mandal_A'),
  (232, 201, 'ECD_1032', 'ECD AWC-1032', 'Mandal_B'),
  (233, 201, 'ECD_1033', 'ECD AWC-1033', 'Mandal_B'),
  (234, 200, 'ECD_1034', 'ECD AWC-1034', 'Mandal_A'),
  (235, 202, 'ECD_1035', 'ECD AWC-1035', 'Mandal_C'),
  (236, 202, 'ECD_1036', 'ECD AWC-1036', 'Mandal_C'),
  (237, 200, 'ECD_1037', 'ECD AWC-1037', 'Mandal_A'),
  (238, 200, 'ECD_1038', 'ECD AWC-1038', 'Mandal_A'),
  (239, 202, 'ECD_1039', 'ECD AWC-1039', 'Mandal_C'),
  (240, 200, 'ECD_1040', 'ECD AWC-1040', 'Mandal_A'),
  (241, 200, 'ECD_1041', 'ECD AWC-1041', 'Mandal_A'),
  (242, 200, 'ECD_1042', 'ECD AWC-1042', 'Mandal_A'),
  (243, 201, 'ECD_1043', 'ECD AWC-1043', 'Mandal_B'),
  (244, 202, 'ECD_1044', 'ECD AWC-1044', 'Mandal_C'),
  (245, 201, 'ECD_1045', 'ECD AWC-1045', 'Mandal_B'),
  (246, 201, 'ECD_1046', 'ECD AWC-1046', 'Mandal_B'),
  (247, 202, 'ECD_1047', 'ECD AWC-1047', 'Mandal_C'),
  (248, 200, 'ECD_1048', 'ECD AWC-1048', 'Mandal_A'),
  (249, 200, 'ECD_1049', 'ECD AWC-1049', 'Mandal_A'),
  (250, 201, 'ECD_1050', 'ECD AWC-1050', 'Mandal_B'),
  (251, 202, 'ECD_1051', 'ECD AWC-1051', 'Mandal_C'),
  (252, 201, 'ECD_1052', 'ECD AWC-1052', 'Mandal_B'),
  (253, 201, 'ECD_1053', 'ECD AWC-1053', 'Mandal_B'),
  (254, 201, 'ECD_1054', 'ECD AWC-1054', 'Mandal_B'),
  (255, 200, 'ECD_1055', 'ECD AWC-1055', 'Mandal_A'),
  (256, 201, 'ECD_1056', 'ECD AWC-1056', 'Mandal_B'),
  (257, 200, 'ECD_1057', 'ECD AWC-1057', 'Mandal_A'),
  (258, 200, 'ECD_1058', 'ECD AWC-1058', 'Mandal_A'),
  (259, 202, 'ECD_1059', 'ECD AWC-1059', 'Mandal_C'),
  (260, 200, 'ECD_1060', 'ECD AWC-1060', 'Mandal_A'),
  (261, 200, 'ECD_1061', 'ECD AWC-1061', 'Mandal_A'),
  (262, 200, 'ECD_1062', 'ECD AWC-1062', 'Mandal_A'),
  (263, 201, 'ECD_1063', 'ECD AWC-1063', 'Mandal_B'),
  (264, 200, 'ECD_1064', 'ECD AWC-1064', 'Mandal_A'),
  (265, 202, 'ECD_1065', 'ECD AWC-1065', 'Mandal_C'),
  (266, 202, 'ECD_1066', 'ECD AWC-1066', 'Mandal_C'),
  (267, 200, 'ECD_1067', 'ECD AWC-1067', 'Mandal_A'),
  (268, 201, 'ECD_1068', 'ECD AWC-1068', 'Mandal_B'),
  (269, 200, 'ECD_1069', 'ECD AWC-1069', 'Mandal_A'),
  (270, 200, 'ECD_1070', 'ECD AWC-1070', 'Mandal_A'),
  (271, 200, 'ECD_1071', 'ECD AWC-1071', 'Mandal_A'),
  (272, 201, 'ECD_1072', 'ECD AWC-1072', 'Mandal_B'),
  (273, 202, 'ECD_1073', 'ECD AWC-1073', 'Mandal_C'),
  (274, 202, 'ECD_1074', 'ECD AWC-1074', 'Mandal_C'),
  (275, 200, 'ECD_1075', 'ECD AWC-1075', 'Mandal_A'),
  (276, 201, 'ECD_1076', 'ECD AWC-1076', 'Mandal_B'),
  (277, 202, 'ECD_1077', 'ECD AWC-1077', 'Mandal_C'),
  (278, 201, 'ECD_1078', 'ECD AWC-1078', 'Mandal_B'),
  (279, 202, 'ECD_1079', 'ECD AWC-1079', 'Mandal_C'),
  (280, 200, 'ECD_1080', 'ECD AWC-1080', 'Mandal_A'),
  (281, 200, 'ECD_1081', 'ECD AWC-1081', 'Mandal_A'),
  (282, 201, 'ECD_1082', 'ECD AWC-1082', 'Mandal_B'),
  (283, 201, 'ECD_1083', 'ECD AWC-1083', 'Mandal_B'),
  (284, 200, 'ECD_1084', 'ECD AWC-1084', 'Mandal_A'),
  (285, 202, 'ECD_1085', 'ECD AWC-1085', 'Mandal_C'),
  (286, 200, 'ECD_1086', 'ECD AWC-1086', 'Mandal_A'),
  (287, 202, 'ECD_1087', 'ECD AWC-1087', 'Mandal_C'),
  (288, 202, 'ECD_1088', 'ECD AWC-1088', 'Mandal_C'),
  (289, 202, 'ECD_1089', 'ECD AWC-1089', 'Mandal_C'),
  (290, 201, 'ECD_1090', 'ECD AWC-1090', 'Mandal_B'),
  (291, 201, 'ECD_1091', 'ECD AWC-1091', 'Mandal_B'),
  (292, 200, 'ECD_1092', 'ECD AWC-1092', 'Mandal_A'),
  (293, 201, 'ECD_1093', 'ECD AWC-1093', 'Mandal_B'),
  (294, 202, 'ECD_1094', 'ECD AWC-1094', 'Mandal_C'),
  (295, 200, 'ECD_1095', 'ECD AWC-1095', 'Mandal_A'),
  (296, 202, 'ECD_1096', 'ECD AWC-1096', 'Mandal_C'),
  (297, 202, 'ECD_1097', 'ECD AWC-1097', 'Mandal_C'),
  (298, 202, 'ECD_1098', 'ECD AWC-1098', 'Mandal_C'),
  (299, 201, 'ECD_1099', 'ECD AWC-1099', 'Mandal_B'),
  (300, 201, 'ECD_1100', 'ECD AWC-1100', 'Mandal_B'),
  (301, 202, 'ECD_1101', 'ECD AWC-1101', 'Mandal_C'),
  (302, 201, 'ECD_1102', 'ECD AWC-1102', 'Mandal_B'),
  (303, 200, 'ECD_1103', 'ECD AWC-1103', 'Mandal_A'),
  (304, 201, 'ECD_1104', 'ECD AWC-1104', 'Mandal_B'),
  (305, 200, 'ECD_1105', 'ECD AWC-1105', 'Mandal_A'),
  (306, 202, 'ECD_1106', 'ECD AWC-1106', 'Mandal_C'),
  (307, 201, 'ECD_1107', 'ECD AWC-1107', 'Mandal_B'),
  (308, 201, 'ECD_1108', 'ECD AWC-1108', 'Mandal_B'),
  (309, 202, 'ECD_1109', 'ECD AWC-1109', 'Mandal_C'),
  (310, 202, 'ECD_1110', 'ECD AWC-1110', 'Mandal_C'),
  (311, 202, 'ECD_1111', 'ECD AWC-1111', 'Mandal_C'),
  (312, 200, 'ECD_1112', 'ECD AWC-1112', 'Mandal_A'),
  (313, 200, 'ECD_1113', 'ECD AWC-1113', 'Mandal_A'),
  (314, 201, 'ECD_1114', 'ECD AWC-1114', 'Mandal_B'),
  (315, 202, 'ECD_1115', 'ECD AWC-1115', 'Mandal_C'),
  (316, 200, 'ECD_1116', 'ECD AWC-1116', 'Mandal_A'),
  (317, 202, 'ECD_1117', 'ECD AWC-1117', 'Mandal_C'),
  (318, 200, 'ECD_1118', 'ECD AWC-1118', 'Mandal_A'),
  (319, 201, 'ECD_1119', 'ECD AWC-1119', 'Mandal_B'),
  (320, 200, 'ECD_1120', 'ECD AWC-1120', 'Mandal_A'),
  (321, 202, 'ECD_1121', 'ECD AWC-1121', 'Mandal_C'),
  (322, 202, 'ECD_1122', 'ECD AWC-1122', 'Mandal_C'),
  (323, 201, 'ECD_1123', 'ECD AWC-1123', 'Mandal_B'),
  (324, 201, 'ECD_1124', 'ECD AWC-1124', 'Mandal_B'),
  (325, 201, 'ECD_1125', 'ECD AWC-1125', 'Mandal_B'),
  (326, 202, 'ECD_1126', 'ECD AWC-1126', 'Mandal_C'),
  (327, 201, 'ECD_1127', 'ECD AWC-1127', 'Mandal_B'),
  (328, 201, 'ECD_1128', 'ECD AWC-1128', 'Mandal_B'),
  (329, 201, 'ECD_1129', 'ECD AWC-1129', 'Mandal_B'),
  (330, 202, 'ECD_1130', 'ECD AWC-1130', 'Mandal_C'),
  (331, 200, 'ECD_1131', 'ECD AWC-1131', 'Mandal_A'),
  (332, 201, 'ECD_1132', 'ECD AWC-1132', 'Mandal_B'),
  (333, 202, 'ECD_1133', 'ECD AWC-1133', 'Mandal_C'),
  (334, 201, 'ECD_1134', 'ECD AWC-1134', 'Mandal_B'),
  (335, 202, 'ECD_1135', 'ECD AWC-1135', 'Mandal_C'),
  (336, 200, 'ECD_1136', 'ECD AWC-1136', 'Mandal_A'),
  (337, 200, 'ECD_1137', 'ECD AWC-1137', 'Mandal_A'),
  (338, 200, 'ECD_1138', 'ECD AWC-1138', 'Mandal_A'),
  (339, 202, 'ECD_1139', 'ECD AWC-1139', 'Mandal_C'),
  (340, 202, 'ECD_1140', 'ECD AWC-1140', 'Mandal_C'),
  (341, 201, 'ECD_1141', 'ECD AWC-1141', 'Mandal_B'),
  (342, 200, 'ECD_1142', 'ECD AWC-1142', 'Mandal_A'),
  (343, 202, 'ECD_1143', 'ECD AWC-1143', 'Mandal_C'),
  (344, 202, 'ECD_1144', 'ECD AWC-1144', 'Mandal_C'),
  (345, 200, 'ECD_1145', 'ECD AWC-1145', 'Mandal_A'),
  (346, 200, 'ECD_1146', 'ECD AWC-1146', 'Mandal_A'),
  (347, 201, 'ECD_1147', 'ECD AWC-1147', 'Mandal_B'),
  (348, 202, 'ECD_1148', 'ECD AWC-1148', 'Mandal_C'),
  (349, 200, 'ECD_1149', 'ECD AWC-1149', 'Mandal_A'),
  (350, 201, 'ECD_1150', 'ECD AWC-1150', 'Mandal_B'),
  (351, 200, 'ECD_1151', 'ECD AWC-1151', 'Mandal_A'),
  (352, 201, 'ECD_1152', 'ECD AWC-1152', 'Mandal_B'),
  (353, 200, 'ECD_1153', 'ECD AWC-1153', 'Mandal_A'),
  (354, 202, 'ECD_1154', 'ECD AWC-1154', 'Mandal_C'),
  (355, 200, 'ECD_1155', 'ECD AWC-1155', 'Mandal_A'),
  (356, 200, 'ECD_1156', 'ECD AWC-1156', 'Mandal_A'),
  (357, 200, 'ECD_1157', 'ECD AWC-1157', 'Mandal_A'),
  (358, 201, 'ECD_1158', 'ECD AWC-1158', 'Mandal_B'),
  (359, 202, 'ECD_1159', 'ECD AWC-1159', 'Mandal_C'),
  (360, 202, 'ECD_1160', 'ECD AWC-1160', 'Mandal_C'),
  (361, 201, 'ECD_1161', 'ECD AWC-1161', 'Mandal_B'),
  (362, 201, 'ECD_1162', 'ECD AWC-1162', 'Mandal_B'),
  (363, 200, 'ECD_1163', 'ECD AWC-1163', 'Mandal_A'),
  (364, 200, 'ECD_1164', 'ECD AWC-1164', 'Mandal_A'),
  (365, 201, 'ECD_1165', 'ECD AWC-1165', 'Mandal_B'),
  (366, 202, 'ECD_1166', 'ECD AWC-1166', 'Mandal_C'),
  (367, 200, 'ECD_1167', 'ECD AWC-1167', 'Mandal_A'),
  (368, 202, 'ECD_1168', 'ECD AWC-1168', 'Mandal_C'),
  (369, 200, 'ECD_1169', 'ECD AWC-1169', 'Mandal_A'),
  (370, 202, 'ECD_1170', 'ECD AWC-1170', 'Mandal_C'),
  (371, 202, 'ECD_1171', 'ECD AWC-1171', 'Mandal_C'),
  (372, 201, 'ECD_1172', 'ECD AWC-1172', 'Mandal_B'),
  (373, 201, 'ECD_1173', 'ECD AWC-1173', 'Mandal_B'),
  (374, 202, 'ECD_1174', 'ECD AWC-1174', 'Mandal_C'),
  (375, 200, 'ECD_1175', 'ECD AWC-1175', 'Mandal_A'),
  (376, 201, 'ECD_1176', 'ECD AWC-1176', 'Mandal_B'),
  (377, 201, 'ECD_1177', 'ECD AWC-1177', 'Mandal_B'),
  (378, 200, 'ECD_1178', 'ECD AWC-1178', 'Mandal_A'),
  (379, 201, 'ECD_1179', 'ECD AWC-1179', 'Mandal_B'),
  (380, 202, 'ECD_1180', 'ECD AWC-1180', 'Mandal_C'),
  (381, 200, 'ECD_1181', 'ECD AWC-1181', 'Mandal_A'),
  (382, 202, 'ECD_1182', 'ECD AWC-1182', 'Mandal_C'),
  (383, 202, 'ECD_1183', 'ECD AWC-1183', 'Mandal_C'),
  (384, 202, 'ECD_1184', 'ECD AWC-1184', 'Mandal_C'),
  (385, 201, 'ECD_1185', 'ECD AWC-1185', 'Mandal_B'),
  (386, 200, 'ECD_1186', 'ECD AWC-1186', 'Mandal_A'),
  (387, 202, 'ECD_1187', 'ECD AWC-1187', 'Mandal_C'),
  (388, 201, 'ECD_1188', 'ECD AWC-1188', 'Mandal_B'),
  (389, 200, 'ECD_1190', 'ECD AWC-1190', 'Mandal_A'),
  (390, 201, 'ECD_1191', 'ECD AWC-1191', 'Mandal_B'),
  (391, 201, 'ECD_1192', 'ECD AWC-1192', 'Mandal_B'),
  (392, 202, 'ECD_1193', 'ECD AWC-1193', 'Mandal_C'),
  (393, 200, 'ECD_1194', 'ECD AWC-1194', 'Mandal_A'),
  (394, 201, 'ECD_1195', 'ECD AWC-1195', 'Mandal_B'),
  (395, 201, 'ECD_1196', 'ECD AWC-1196', 'Mandal_B'),
  (396, 200, 'ECD_1197', 'ECD AWC-1197', 'Mandal_A'),
  (397, 202, 'ECD_1198', 'ECD AWC-1198', 'Mandal_C'),
  (398, 201, 'ECD_1199', 'ECD AWC-1199', 'Mandal_B')
ON CONFLICT (id) DO NOTHING;

-- 2. CHILDREN (1000)

INSERT INTO children (id, child_unique_id, name, dob, gender, awc_id) VALUES
  (5000, 'ECD_SAMPLE_000001', 'Priya Reddy', '2022-01-24', 'female', 201),
  (5001, 'ECD_SAMPLE_000002', 'Ravi Naidu', '2024-08-18', 'male', 372),
  (5002, 'ECD_SAMPLE_000003', 'Krishna Kumar', '2022-11-24', 'male', 373),
  (5003, 'ECD_SAMPLE_000004', 'Divya Rao', '2021-03-07', 'female', 351),
  (5004, 'ECD_SAMPLE_000005', 'Srinivas Sharma', '2024-09-18', 'male', 321),
  (5005, 'ECD_SAMPLE_000006', 'Mahesh Babu', '2025-04-05', 'male', 317),
  (5006, 'ECD_SAMPLE_000007', 'Swathi Prasad', '2024-04-03', 'female', 284),
  (5007, 'ECD_SAMPLE_000008', 'Anusha Varma', '2022-04-01', 'female', 349),
  (5008, 'ECD_SAMPLE_000009', 'Mohan Chowdary', '2020-09-14', 'male', 306),
  (5009, 'ECD_SAMPLE_000010', 'Chandini Raju', '2023-01-14', 'female', 306),
  (5010, 'ECD_SAMPLE_000011', 'Pavan Swamy', '2022-09-24', 'male', 254),
  (5011, 'ECD_SAMPLE_000012', 'Gayathri Gupta', '2024-09-21', 'female', 249),
  (5012, 'ECD_SAMPLE_000013', 'Harika Patel', '2021-08-15', 'female', 390),
  (5013, 'ECD_SAMPLE_000014', 'Varun Murthy', '2021-01-08', 'male', 237),
  (5014, 'ECD_SAMPLE_000015', 'Lavanya Goud', '2022-07-02', 'female', 308),
  (5015, 'ECD_SAMPLE_000016', 'Pranav Reddy', '2025-01-19', 'male', 307),
  (5016, 'ECD_SAMPLE_000017', 'Aarav Naidu', '2023-01-02', 'male', 246),
  (5017, 'ECD_SAMPLE_000018', 'Dhruv Kumar', '2020-11-24', 'male', 275),
  (5018, 'ECD_SAMPLE_000019', 'Radhika Rao', '2020-12-24', 'female', 299),
  (5019, 'ECD_SAMPLE_000020', 'Sahasra Sharma', '2020-11-18', 'female', 337),
  (5020, 'ECD_SAMPLE_000021', 'Akshara Babu', '2022-06-19', 'female', 232),
  (5021, 'ECD_SAMPLE_000022', 'Ananya Prasad', '2020-11-26', 'female', 352),
  (5022, 'ECD_SAMPLE_000023', 'Diya Varma', '2024-10-08', 'female', 266),
  (5023, 'ECD_SAMPLE_000024', 'Shaurya Chowdary', '2024-05-01', 'male', 398),
  (5024, 'ECD_SAMPLE_000025', 'Vihaan Raju', '2022-03-11', 'male', 213),
  (5025, 'ECD_SAMPLE_000026', 'Indu Swamy', '2025-01-10', 'female', 255),
  (5026, 'ECD_SAMPLE_000027', 'Tanish Gupta', '2021-11-09', 'male', 225),
  (5027, 'ECD_SAMPLE_000028', 'Meghana Patel', '2022-05-08', 'female', 261),
  (5028, 'ECD_SAMPLE_000029', 'Niharika Murthy', '2022-12-30', 'female', 216),
  (5029, 'ECD_SAMPLE_000030', 'Anirudh Goud', '2021-02-23', 'male', 227),
  (5030, 'ECD_SAMPLE_000031', 'Tejas Reddy', '2023-12-20', 'male', 330),
  (5031, 'ECD_SAMPLE_000032', 'Vikram Naidu', '2021-05-25', 'male', 283),
  (5032, 'ECD_SAMPLE_000033', 'Rohit Kumar', '2022-05-07', 'male', 398),
  (5033, 'ECD_SAMPLE_000034', 'Ajay Rao', '2024-01-11', 'male', 236),
  (5034, 'ECD_SAMPLE_000035', 'Vijay Sharma', '2020-01-02', 'male', 341),
  (5035, 'ECD_SAMPLE_000036', 'Ramesh Babu', '2022-05-01', 'male', 259),
  (5036, 'ECD_SAMPLE_000037', 'Esha Prasad', '2022-12-05', 'female', 295),
  (5037, 'ECD_SAMPLE_000038', 'Manasa Varma', '2020-02-13', 'female', 276),
  (5038, 'ECD_SAMPLE_000039', 'Suresh Chowdary', '2022-11-10', 'male', 244),
  (5039, 'ECD_SAMPLE_000040', 'Rajesh Raju', '2024-03-29', 'male', 214),
  (5040, 'ECD_SAMPLE_000041', 'Likhitha Swamy', '2020-09-17', 'female', 301),
  (5041, 'ECD_SAMPLE_000042', 'Priya Gupta', '2024-06-27', 'female', 235),
  (5042, 'ECD_SAMPLE_000043', 'Nihal Patel', '2023-08-03', 'male', 335),
  (5043, 'ECD_SAMPLE_000044', 'Arjun Murthy', '2020-07-20', 'male', 397),
  (5044, 'ECD_SAMPLE_000045', 'Divya Goud', '2021-03-27', 'female', 372),
  (5045, 'ECD_SAMPLE_000046', 'Keerthi Reddy', '2021-09-15', 'female', 383),
  (5046, 'ECD_SAMPLE_000047', 'Mounika Naidu', '2025-01-19', 'female', 377),
  (5047, 'ECD_SAMPLE_000048', 'Srinivas Kumar', '2024-10-01', 'male', 289),
  (5048, 'ECD_SAMPLE_000049', 'Mahesh Rao', '2024-03-27', 'male', 216),
  (5049, 'ECD_SAMPLE_000050', 'Ganesh Sharma', '2024-02-07', 'male', 392),
  (5050, 'ECD_SAMPLE_000051', 'Kiran Babu', '2023-04-19', 'male', 340),
  (5051, 'ECD_SAMPLE_000052', 'Mohan Prasad', '2023-08-30', 'male', 207),
  (5052, 'ECD_SAMPLE_000053', 'Gayathri Varma', '2021-06-23', 'female', 368),
  (5053, 'ECD_SAMPLE_000054', 'Pavan Chowdary', '2020-02-07', 'male', 240),
  (5054, 'ECD_SAMPLE_000055', 'Kavya Raju', '2021-01-25', 'female', 234),
  (5055, 'ECD_SAMPLE_000056', 'Tarun Swamy', '2020-04-10', 'male', 381),
  (5056, 'ECD_SAMPLE_000057', 'Madhavi Gupta', '2022-08-30', 'female', 387),
  (5057, 'ECD_SAMPLE_000058', 'Sai Patel', '2022-12-10', 'male', 282),
  (5058, 'ECD_SAMPLE_000059', 'Pranav Murthy', '2022-08-20', 'male', 378),
  (5059, 'ECD_SAMPLE_000060', 'Aarav Goud', '2023-11-07', 'male', 254),
  (5060, 'ECD_SAMPLE_000061', 'Dhruv Reddy', '2022-08-15', 'male', 357),
  (5061, 'ECD_SAMPLE_000062', 'Akshara Naidu', '2021-11-02', 'female', 325),
  (5062, 'ECD_SAMPLE_000063', 'Vivaan Kumar', '2021-08-08', 'male', 380),
  (5063, 'ECD_SAMPLE_000064', 'Diya Rao', '2023-12-22', 'female', 368),
  (5064, 'ECD_SAMPLE_000065', 'Arnav Sharma', '2024-01-31', 'male', 275),
  (5065, 'ECD_SAMPLE_000066', 'Kabir Babu', '2020-09-06', 'male', 252),
  (5066, 'ECD_SAMPLE_000067', 'Indu Prasad', '2023-03-15', 'female', 382),
  (5067, 'ECD_SAMPLE_000068', 'Vihaan Varma', '2022-09-23', 'male', 260),
  (5068, 'ECD_SAMPLE_000069', 'Omkar Chowdary', '2022-12-24', 'male', 374),
  (5069, 'ECD_SAMPLE_000070', 'Tanish Raju', '2020-09-16', 'male', 331),
  (5070, 'ECD_SAMPLE_000071', 'Pooja Swamy', '2023-11-23', 'female', 274),
  (5071, 'ECD_SAMPLE_000072', 'Sahiti Gupta', '2020-10-03', 'female', 247),
  (5072, 'ECD_SAMPLE_000073', 'Tanvi Patel', '2025-03-06', 'female', 251),
  (5073, 'ECD_SAMPLE_000074', 'Varsha Murthy', '2021-12-22', 'female', 202),
  (5074, 'ECD_SAMPLE_000075', 'Anjali Goud', '2024-01-03', 'female', 245),
  (5075, 'ECD_SAMPLE_000076', 'Bhargavi Reddy', '2024-07-25', 'female', 237),
  (5076, 'ECD_SAMPLE_000077', 'Durga Naidu', '2020-10-12', 'female', 284),
  (5077, 'ECD_SAMPLE_000078', 'Esha Kumar', '2024-04-05', 'female', 371),
  (5078, 'ECD_SAMPLE_000079', 'Ramesh Rao', '2021-11-13', 'male', 232),
  (5079, 'ECD_SAMPLE_000080', 'Neelima Sharma', '2023-06-07', 'female', 215),
  (5080, 'ECD_SAMPLE_000081', 'Jyothi Babu', '2022-10-30', 'female', 326),
  (5081, 'ECD_SAMPLE_000082', 'Suresh Prasad', '2022-08-18', 'male', 377),
  (5082, 'ECD_SAMPLE_000083', 'Rajesh Varma', '2021-04-01', 'male', 210),
  (5083, 'ECD_SAMPLE_000084', 'Harish Chowdary', '2021-09-04', 'male', 371),
  (5084, 'ECD_SAMPLE_000085', 'Manish Raju', '2021-05-28', 'male', 207),
  (5085, 'ECD_SAMPLE_000086', 'Divya Swamy', '2020-12-30', 'female', 356),
  (5086, 'ECD_SAMPLE_000087', 'Keerthi Gupta', '2023-05-22', 'female', 226),
  (5087, 'ECD_SAMPLE_000088', 'Mounika Patel', '2025-02-25', 'female', 298),
  (5088, 'ECD_SAMPLE_000089', 'Krishna Murthy', '2024-10-12', 'male', 367),
  (5089, 'ECD_SAMPLE_000090', 'Venkat Goud', '2024-05-19', 'male', 295),
  (5090, 'ECD_SAMPLE_000091', 'Srinivas Reddy', '2025-01-27', 'male', 250),
  (5091, 'ECD_SAMPLE_000092', 'Mahesh Naidu', '2025-06-07', 'male', 332),
  (5092, 'ECD_SAMPLE_000093', 'Deepika Kumar', '2020-03-29', 'female', 392),
  (5093, 'ECD_SAMPLE_000094', 'Kiran Rao', '2022-05-15', 'male', 208),
  (5094, 'ECD_SAMPLE_000095', 'Harika Sharma', '2020-05-03', 'female', 356),
  (5095, 'ECD_SAMPLE_000096', 'Gopal Babu', '2024-09-16', 'male', 312),
  (5096, 'ECD_SAMPLE_000097', 'Lavanya Prasad', '2023-12-01', 'female', 233),
  (5097, 'ECD_SAMPLE_000098', 'Charan Varma', '2021-06-26', 'male', 206),
  (5098, 'ECD_SAMPLE_000099', 'Tarun Chowdary', '2020-07-18', 'male', 362),
  (5099, 'ECD_SAMPLE_000100', 'Varun Raju', '2023-12-13', 'male', 367)
ON CONFLICT (id) DO NOTHING;

INSERT INTO children (id, child_unique_id, name, dob, gender, awc_id) VALUES
  (5100, 'ECD_SAMPLE_000101', 'Radhika Swamy', '2023-04-27', 'female', 328),
  (5101, 'ECD_SAMPLE_000102', 'Sahasra Gupta', '2020-06-06', 'female', 263),
  (5102, 'ECD_SAMPLE_000103', 'Aarav Patel', '2022-09-30', 'male', 227),
  (5103, 'ECD_SAMPLE_000104', 'Dhruv Murthy', '2024-10-05', 'male', 377),
  (5104, 'ECD_SAMPLE_000105', 'Ishaan Goud', '2021-09-11', 'male', 231),
  (5105, 'ECD_SAMPLE_000106', 'Vivaan Reddy', '2022-07-19', 'male', 316),
  (5106, 'ECD_SAMPLE_000107', 'Himaja Naidu', '2022-01-26', 'female', 242),
  (5107, 'ECD_SAMPLE_000108', 'Indu Kumar', '2024-04-29', 'female', 288),
  (5108, 'ECD_SAMPLE_000109', 'Kabir Rao', '2024-11-22', 'male', 284),
  (5109, 'ECD_SAMPLE_000110', 'Meghana Sharma', '2020-12-31', 'female', 335),
  (5110, 'ECD_SAMPLE_000111', 'Niharika Babu', '2023-04-14', 'female', 233),
  (5111, 'ECD_SAMPLE_000112', 'Pooja Prasad', '2021-06-09', 'female', 325),
  (5112, 'ECD_SAMPLE_000113', 'Sahiti Varma', '2020-01-24', 'female', 373),
  (5113, 'ECD_SAMPLE_000114', 'Tanvi Chowdary', '2022-11-06', 'female', 279),
  (5114, 'ECD_SAMPLE_000115', 'Varsha Raju', '2021-11-08', 'female', 329),
  (5115, 'ECD_SAMPLE_000116', 'Anjali Swamy', '2022-01-23', 'female', 390),
  (5116, 'ECD_SAMPLE_000117', 'Bhargavi Gupta', '2022-06-04', 'female', 214),
  (5117, 'ECD_SAMPLE_000118', 'Durga Patel', '2021-02-01', 'female', 270),
  (5118, 'ECD_SAMPLE_000119', 'Rohit Murthy', '2024-02-02', 'male', 266),
  (5119, 'ECD_SAMPLE_000120', 'Ajay Goud', '2020-09-04', 'male', 312),
  (5120, 'ECD_SAMPLE_000121', 'Neelima Reddy', '2022-08-06', 'female', 316),
  (5121, 'ECD_SAMPLE_000122', 'Jyothi Naidu', '2020-04-04', 'female', 332),
  (5122, 'ECD_SAMPLE_000123', 'Likhitha Kumar', '2024-12-22', 'female', 360),
  (5123, 'ECD_SAMPLE_000124', 'Priya Rao', '2024-08-25', 'female', 320),
  (5124, 'ECD_SAMPLE_000125', 'Lakshmi Sharma', '2024-06-14', 'female', 368),
  (5125, 'ECD_SAMPLE_000126', 'Sravani Babu', '2024-05-21', 'female', 221),
  (5126, 'ECD_SAMPLE_000127', 'Divya Prasad', '2024-12-15', 'female', 215),
  (5127, 'ECD_SAMPLE_000128', 'Keerthi Varma', '2020-02-13', 'female', 333),
  (5128, 'ECD_SAMPLE_000129', 'Mounika Chowdary', '2022-12-23', 'female', 330),
  (5129, 'ECD_SAMPLE_000130', 'Arjun Raju', '2023-11-17', 'male', 225),
  (5130, 'ECD_SAMPLE_000131', 'Anusha Swamy', '2023-05-31', 'female', 351),
  (5131, 'ECD_SAMPLE_000132', 'Bhavani Gupta', '2024-02-24', 'female', 298),
  (5132, 'ECD_SAMPLE_000133', 'Venkat Patel', '2025-04-07', 'male', 332),
  (5133, 'ECD_SAMPLE_000134', 'Srinivas Murthy', '2020-09-14', 'male', 349),
  (5134, 'ECD_SAMPLE_000135', 'Mahesh Goud', '2020-11-09', 'male', 333),
  (5135, 'ECD_SAMPLE_000136', 'Ganesh Reddy', '2020-10-27', 'male', 316),
  (5136, 'ECD_SAMPLE_000137', 'Kiran Naidu', '2023-12-11', 'male', 394),
  (5137, 'ECD_SAMPLE_000138', 'Lavanya Kumar', '2021-03-07', 'female', 278),
  (5138, 'ECD_SAMPLE_000139', 'Gopal Rao', '2024-07-01', 'male', 368),
  (5139, 'ECD_SAMPLE_000140', 'Nandini Sharma', '2023-08-18', 'female', 323),
  (5140, 'ECD_SAMPLE_000141', 'Padma Babu', '2022-04-17', 'female', 233),
  (5141, 'ECD_SAMPLE_000142', 'Radhika Prasad', '2024-09-02', 'female', 275),
  (5142, 'ECD_SAMPLE_000143', 'Varun Varma', '2021-01-14', 'male', 202),
  (5143, 'ECD_SAMPLE_000144', 'Akshara Chowdary', '2024-03-06', 'female', 393),
  (5144, 'ECD_SAMPLE_000145', 'Ananya Raju', '2021-08-05', 'female', 226),
  (5145, 'ECD_SAMPLE_000146', 'Diya Swamy', '2022-05-01', 'female', 357),
  (5146, 'ECD_SAMPLE_000147', 'Gowri Gupta', '2020-06-21', 'female', 301),
  (5147, 'ECD_SAMPLE_000148', 'Himaja Patel', '2021-06-16', 'female', 232),
  (5148, 'ECD_SAMPLE_000149', 'Indu Murthy', '2024-06-05', 'female', 360),
  (5149, 'ECD_SAMPLE_000150', 'Kamala Goud', '2022-03-31', 'female', 358),
  (5150, 'ECD_SAMPLE_000151', 'Meghana Reddy', '2020-02-05', 'female', 358),
  (5151, 'ECD_SAMPLE_000152', 'Niharika Naidu', '2022-03-29', 'female', 296),
  (5152, 'ECD_SAMPLE_000153', 'Pooja Kumar', '2020-01-04', 'female', 233),
  (5153, 'ECD_SAMPLE_000154', 'Vihaan Rao', '2024-04-13', 'male', 375),
  (5154, 'ECD_SAMPLE_000155', 'Tanvi Sharma', '2023-08-14', 'female', 295),
  (5155, 'ECD_SAMPLE_000156', 'Tanish Babu', '2024-04-15', 'male', 278),
  (5156, 'ECD_SAMPLE_000157', 'Rohan Prasad', '2025-03-25', 'male', 319),
  (5157, 'ECD_SAMPLE_000158', 'Yash Varma', '2023-08-20', 'male', 221),
  (5158, 'ECD_SAMPLE_000159', 'Durga Chowdary', '2022-11-15', 'female', 265),
  (5159, 'ECD_SAMPLE_000160', 'Tejas Raju', '2021-03-16', 'male', 353),
  (5160, 'ECD_SAMPLE_000161', 'Manasa Swamy', '2022-01-19', 'female', 262),
  (5161, 'ECD_SAMPLE_000162', 'Neelima Gupta', '2023-04-14', 'female', 242),
  (5162, 'ECD_SAMPLE_000163', 'Ajay Patel', '2024-02-19', 'male', 205),
  (5163, 'ECD_SAMPLE_000164', 'Vijay Murthy', '2024-07-21', 'male', 276),
  (5164, 'ECD_SAMPLE_000165', 'Priya Goud', '2023-10-08', 'female', 269),
  (5165, 'ECD_SAMPLE_000166', 'Lakshmi Reddy', '2022-04-03', 'female', 347),
  (5166, 'ECD_SAMPLE_000167', 'Sravani Naidu', '2020-06-02', 'female', 367),
  (5167, 'ECD_SAMPLE_000168', 'Suresh Kumar', '2024-08-28', 'male', 321),
  (5168, 'ECD_SAMPLE_000169', 'Keerthi Rao', '2025-05-07', 'female', 267),
  (5169, 'ECD_SAMPLE_000170', 'Harish Sharma', '2024-07-14', 'male', 271),
  (5170, 'ECD_SAMPLE_000171', 'Swathi Babu', '2021-03-14', 'female', 328),
  (5171, 'ECD_SAMPLE_000172', 'Nihal Prasad', '2024-11-07', 'male', 348),
  (5172, 'ECD_SAMPLE_000173', 'Arjun Varma', '2024-08-09', 'male', 369),
  (5173, 'ECD_SAMPLE_000174', 'Ravi Chowdary', '2023-01-19', 'male', 252),
  (5174, 'ECD_SAMPLE_000175', 'Krishna Raju', '2025-01-16', 'male', 231),
  (5175, 'ECD_SAMPLE_000176', 'Gayathri Swamy', '2023-02-14', 'female', 249),
  (5176, 'ECD_SAMPLE_000177', 'Harika Gupta', '2025-06-18', 'female', 383),
  (5177, 'ECD_SAMPLE_000178', 'Mahesh Patel', '2022-06-11', 'male', 275),
  (5178, 'ECD_SAMPLE_000179', 'Lavanya Murthy', '2021-07-05', 'female', 204),
  (5179, 'ECD_SAMPLE_000180', 'Kiran Goud', '2024-06-12', 'male', 290),
  (5180, 'ECD_SAMPLE_000181', 'Mohan Reddy', '2023-08-29', 'male', 330),
  (5181, 'ECD_SAMPLE_000182', 'Padma Naidu', '2021-04-30', 'female', 284),
  (5182, 'ECD_SAMPLE_000183', 'Radhika Kumar', '2020-02-26', 'female', 309),
  (5183, 'ECD_SAMPLE_000184', 'Charan Rao', '2020-11-30', 'male', 296),
  (5184, 'ECD_SAMPLE_000185', 'Akshara Sharma', '2020-06-21', 'female', 208),
  (5185, 'ECD_SAMPLE_000186', 'Varun Babu', '2023-07-09', 'male', 232),
  (5186, 'ECD_SAMPLE_000187', 'Sai Prasad', '2022-01-08', 'male', 224),
  (5187, 'ECD_SAMPLE_000188', 'Gowri Varma', '2020-04-29', 'female', 343),
  (5188, 'ECD_SAMPLE_000189', 'Himaja Chowdary', '2020-04-17', 'female', 391),
  (5189, 'ECD_SAMPLE_000190', 'Indu Raju', '2021-05-26', 'female', 358),
  (5190, 'ECD_SAMPLE_000191', 'Ishaan Swamy', '2023-09-13', 'male', 337),
  (5191, 'ECD_SAMPLE_000192', 'Vivaan Gupta', '2022-01-24', 'male', 361),
  (5192, 'ECD_SAMPLE_000193', 'Aditya Patel', '2022-01-01', 'male', 312),
  (5193, 'ECD_SAMPLE_000194', 'Arnav Murthy', '2022-02-19', 'male', 256),
  (5194, 'ECD_SAMPLE_000195', 'Kabir Goud', '2024-06-04', 'male', 302),
  (5195, 'ECD_SAMPLE_000196', 'Shaurya Reddy', '2020-05-01', 'male', 208),
  (5196, 'ECD_SAMPLE_000197', 'Varsha Naidu', '2022-06-12', 'female', 377),
  (5197, 'ECD_SAMPLE_000198', 'Anjali Kumar', '2020-03-11', 'female', 219),
  (5198, 'ECD_SAMPLE_000199', 'Bhargavi Rao', '2023-02-18', 'female', 349),
  (5199, 'ECD_SAMPLE_000200', 'Durga Sharma', '2024-01-15', 'female', 305)
ON CONFLICT (id) DO NOTHING;

INSERT INTO children (id, child_unique_id, name, dob, gender, awc_id) VALUES
  (5200, 'ECD_SAMPLE_000201', 'Yash Babu', '2023-02-18', 'male', 205),
  (5201, 'ECD_SAMPLE_000202', 'Manasa Prasad', '2022-04-05', 'female', 371),
  (5202, 'ECD_SAMPLE_000203', 'Tejas Varma', '2024-02-12', 'male', 358),
  (5203, 'ECD_SAMPLE_000204', 'Vikram Chowdary', '2021-03-09', 'male', 341),
  (5204, 'ECD_SAMPLE_000205', 'Rohit Raju', '2024-06-05', 'male', 275),
  (5205, 'ECD_SAMPLE_000206', 'Priya Swamy', '2020-03-04', 'female', 280),
  (5206, 'ECD_SAMPLE_000207', 'Vijay Gupta', '2022-08-21', 'male', 323),
  (5207, 'ECD_SAMPLE_000208', 'Sravani Patel', '2021-05-15', 'female', 205),
  (5208, 'ECD_SAMPLE_000209', 'Divya Murthy', '2024-12-23', 'female', 389),
  (5209, 'ECD_SAMPLE_000210', 'Keerthi Goud', '2024-04-24', 'female', 238),
  (5210, 'ECD_SAMPLE_000211', 'Mounika Reddy', '2023-05-09', 'female', 364),
  (5211, 'ECD_SAMPLE_000212', 'Swathi Naidu', '2023-11-25', 'female', 384),
  (5212, 'ECD_SAMPLE_000213', 'Harish Kumar', '2020-12-28', 'male', 252),
  (5213, 'ECD_SAMPLE_000214', 'Bhavani Rao', '2020-06-15', 'female', 241),
  (5214, 'ECD_SAMPLE_000215', 'Nihal Sharma', '2022-01-31', 'male', 290),
  (5215, 'ECD_SAMPLE_000216', 'Deepika Babu', '2020-12-06', 'female', 312),
  (5216, 'ECD_SAMPLE_000217', 'Gayathri Prasad', '2025-02-23', 'female', 396),
  (5217, 'ECD_SAMPLE_000218', 'Krishna Varma', '2023-03-10', 'male', 349),
  (5218, 'ECD_SAMPLE_000219', 'Venkat Chowdary', '2024-06-26', 'male', 216),
  (5219, 'ECD_SAMPLE_000220', 'Lavanya Raju', '2023-03-06', 'female', 394),
  (5220, 'ECD_SAMPLE_000221', 'Mahesh Swamy', '2021-09-25', 'male', 348),
  (5221, 'ECD_SAMPLE_000222', 'Ganesh Gupta', '2025-03-23', 'male', 357),
  (5222, 'ECD_SAMPLE_000223', 'Kiran Patel', '2025-05-01', 'male', 286),
  (5223, 'ECD_SAMPLE_000224', 'Radhika Murthy', '2022-08-19', 'female', 371),
  (5224, 'ECD_SAMPLE_000225', 'Sahasra Goud', '2023-10-11', 'female', 345),
  (5225, 'ECD_SAMPLE_000226', 'Pavan Reddy', '2021-10-28', 'male', 324),
  (5226, 'ECD_SAMPLE_000227', 'Charan Naidu', '2023-08-20', 'male', 373),
  (5227, 'ECD_SAMPLE_000228', 'Tarun Kumar', '2024-09-25', 'male', 238),
  (5228, 'ECD_SAMPLE_000229', 'Gowri Rao', '2020-04-10', 'female', 386),
  (5229, 'ECD_SAMPLE_000230', 'Himaja Sharma', '2022-09-12', 'female', 241),
  (5230, 'ECD_SAMPLE_000231', 'Indu Babu', '2022-01-17', 'female', 336),
  (5231, 'ECD_SAMPLE_000232', 'Kamala Prasad', '2020-05-09', 'female', 361),
  (5232, 'ECD_SAMPLE_000233', 'Meghana Varma', '2020-03-26', 'female', 358),
  (5233, 'ECD_SAMPLE_000234', 'Niharika Chowdary', '2022-09-01', 'female', 258),
  (5234, 'ECD_SAMPLE_000235', 'Pooja Raju', '2024-08-17', 'female', 240),
  (5235, 'ECD_SAMPLE_000236', 'Sahiti Swamy', '2020-04-02', 'female', 394),
  (5236, 'ECD_SAMPLE_000237', 'Tanvi Gupta', '2024-09-02', 'female', 287),
  (5237, 'ECD_SAMPLE_000238', 'Kabir Patel', '2024-08-25', 'male', 278),
  (5238, 'ECD_SAMPLE_000239', 'Anjali Murthy', '2024-12-02', 'female', 391),
  (5239, 'ECD_SAMPLE_000240', 'Bhargavi Goud', '2021-07-14', 'female', 317),
  (5240, 'ECD_SAMPLE_000241', 'Omkar Reddy', '2021-04-10', 'male', 237),
  (5241, 'ECD_SAMPLE_000242', 'Tanish Naidu', '2021-12-10', 'male', 312),
  (5242, 'ECD_SAMPLE_000243', 'Manasa Kumar', '2023-01-04', 'female', 317),
  (5243, 'ECD_SAMPLE_000244', 'Neelima Rao', '2023-10-27', 'female', 213),
  (5244, 'ECD_SAMPLE_000245', 'Jyothi Sharma', '2024-06-12', 'female', 275),
  (5245, 'ECD_SAMPLE_000246', 'Likhitha Babu', '2020-03-26', 'female', 252),
  (5246, 'ECD_SAMPLE_000247', 'Priya Prasad', '2022-01-02', 'female', 243),
  (5247, 'ECD_SAMPLE_000248', 'Rohit Varma', '2022-06-25', 'male', 240),
  (5248, 'ECD_SAMPLE_000249', 'Sravani Chowdary', '2020-01-08', 'female', 240),
  (5249, 'ECD_SAMPLE_000250', 'Divya Raju', '2020-12-09', 'female', 354),
  (5250, 'ECD_SAMPLE_000251', 'Keerthi Swamy', '2020-01-23', 'female', 273),
  (5251, 'ECD_SAMPLE_000252', 'Mounika Gupta', '2022-02-02', 'female', 381),
  (5252, 'ECD_SAMPLE_000253', 'Swathi Patel', '2023-12-16', 'female', 355),
  (5253, 'ECD_SAMPLE_000254', 'Suresh Murthy', '2023-03-25', 'male', 299),
  (5254, 'ECD_SAMPLE_000255', 'Rajesh Goud', '2020-10-30', 'male', 320),
  (5255, 'ECD_SAMPLE_000256', 'Harish Reddy', '2024-03-05', 'male', 210),
  (5256, 'ECD_SAMPLE_000257', 'Manish Naidu', '2023-11-02', 'male', 214),
  (5257, 'ECD_SAMPLE_000258', 'Gayathri Kumar', '2022-03-19', 'female', 221),
  (5258, 'ECD_SAMPLE_000259', 'Arjun Rao', '2020-05-12', 'male', 362),
  (5259, 'ECD_SAMPLE_000260', 'Ravi Sharma', '2020-11-15', 'male', 347),
  (5260, 'ECD_SAMPLE_000261', 'Lavanya Babu', '2023-01-02', 'female', 205),
  (5261, 'ECD_SAMPLE_000262', 'Venkat Prasad', '2021-09-12', 'male', 229),
  (5262, 'ECD_SAMPLE_000263', 'Srinivas Varma', '2024-09-25', 'male', 367),
  (5263, 'ECD_SAMPLE_000264', 'Mahesh Chowdary', '2023-07-24', 'male', 358),
  (5264, 'ECD_SAMPLE_000265', 'Ganesh Raju', '2025-01-11', 'male', 264),
  (5265, 'ECD_SAMPLE_000266', 'Kiran Swamy', '2021-12-25', 'male', 334),
  (5266, 'ECD_SAMPLE_000267', 'Mohan Gupta', '2020-08-03', 'male', 336),
  (5267, 'ECD_SAMPLE_000268', 'Gopal Patel', '2023-01-28', 'male', 352),
  (5268, 'ECD_SAMPLE_000269', 'Pavan Murthy', '2023-05-08', 'male', 360),
  (5269, 'ECD_SAMPLE_000270', 'Charan Goud', '2021-04-20', 'male', 315),
  (5270, 'ECD_SAMPLE_000271', 'Himaja Reddy', '2022-01-09', 'female', 386),
  (5271, 'ECD_SAMPLE_000272', 'Indu Naidu', '2023-04-08', 'female', 337),
  (5272, 'ECD_SAMPLE_000273', 'Kamala Kumar', '2022-11-19', 'female', 332),
  (5273, 'ECD_SAMPLE_000274', 'Pranav Rao', '2023-04-03', 'male', 342),
  (5274, 'ECD_SAMPLE_000275', 'Niharika Sharma', '2023-09-24', 'female', 254),
  (5275, 'ECD_SAMPLE_000276', 'Dhruv Babu', '2023-02-15', 'male', 250),
  (5276, 'ECD_SAMPLE_000277', 'Ishaan Prasad', '2024-03-05', 'male', 360),
  (5277, 'ECD_SAMPLE_000278', 'Vivaan Varma', '2022-06-05', 'male', 258),
  (5278, 'ECD_SAMPLE_000279', 'Varsha Chowdary', '2023-02-16', 'female', 253),
  (5279, 'ECD_SAMPLE_000280', 'Anjali Raju', '2021-06-02', 'female', 310),
  (5280, 'ECD_SAMPLE_000281', 'Bhargavi Swamy', '2025-02-26', 'female', 385),
  (5281, 'ECD_SAMPLE_000282', 'Durga Gupta', '2021-01-16', 'female', 272),
  (5282, 'ECD_SAMPLE_000283', 'Vihaan Patel', '2024-05-11', 'male', 270),
  (5283, 'ECD_SAMPLE_000284', 'Manasa Murthy', '2020-06-07', 'female', 226),
  (5284, 'ECD_SAMPLE_000285', 'Neelima Goud', '2023-11-09', 'female', 317),
  (5285, 'ECD_SAMPLE_000286', 'Jyothi Reddy', '2023-02-12', 'female', 235),
  (5286, 'ECD_SAMPLE_000287', 'Likhitha Naidu', '2022-09-11', 'female', 390),
  (5287, 'ECD_SAMPLE_000288', 'Priya Kumar', '2023-09-12', 'female', 354),
  (5288, 'ECD_SAMPLE_000289', 'Lakshmi Rao', '2022-04-05', 'female', 331),
  (5289, 'ECD_SAMPLE_000290', 'Vikram Sharma', '2023-05-08', 'male', 295),
  (5290, 'ECD_SAMPLE_000291', 'Divya Babu', '2020-02-04', 'female', 243),
  (5291, 'ECD_SAMPLE_000292', 'Ajay Prasad', '2020-03-15', 'male', 385),
  (5292, 'ECD_SAMPLE_000293', 'Mounika Varma', '2023-07-27', 'female', 349),
  (5293, 'ECD_SAMPLE_000294', 'Ramesh Chowdary', '2022-07-19', 'male', 270),
  (5294, 'ECD_SAMPLE_000295', 'Satish Raju', '2020-03-11', 'male', 391),
  (5295, 'ECD_SAMPLE_000296', 'Naresh Swamy', '2023-05-14', 'male', 311),
  (5296, 'ECD_SAMPLE_000297', 'Suresh Gupta', '2021-05-07', 'male', 311),
  (5297, 'ECD_SAMPLE_000298', 'Deepika Patel', '2025-05-02', 'female', 261),
  (5298, 'ECD_SAMPLE_000299', 'Harish Murthy', '2020-06-28', 'male', 201),
  (5299, 'ECD_SAMPLE_000300', 'Manish Goud', '2024-03-04', 'male', 358)
ON CONFLICT (id) DO NOTHING;

INSERT INTO children (id, child_unique_id, name, dob, gender, awc_id) VALUES
  (5300, 'ECD_SAMPLE_000301', 'Kavya Reddy', '2023-01-23', 'female', 373),
  (5301, 'ECD_SAMPLE_000302', 'Arjun Naidu', '2022-09-18', 'male', 363),
  (5302, 'ECD_SAMPLE_000303', 'Ravi Kumar', '2023-05-30', 'male', 366),
  (5303, 'ECD_SAMPLE_000304', 'Krishna Rao', '2024-06-09', 'male', 300),
  (5304, 'ECD_SAMPLE_000305', 'Padma Sharma', '2024-03-24', 'female', 356),
  (5305, 'ECD_SAMPLE_000306', 'Srinivas Babu', '2024-08-11', 'male', 323),
  (5306, 'ECD_SAMPLE_000307', 'Sahasra Prasad', '2021-12-06', 'female', 207),
  (5307, 'ECD_SAMPLE_000308', 'Ganesh Varma', '2020-12-27', 'male', 331),
  (5308, 'ECD_SAMPLE_000309', 'Ananya Chowdary', '2024-05-08', 'female', 283),
  (5309, 'ECD_SAMPLE_000310', 'Mohan Raju', '2021-09-24', 'male', 218),
  (5310, 'ECD_SAMPLE_000311', 'Gopal Swamy', '2020-12-14', 'male', 307),
  (5311, 'ECD_SAMPLE_000312', 'Pavan Gupta', '2020-08-05', 'male', 340),
  (5312, 'ECD_SAMPLE_000313', 'Charan Patel', '2025-03-12', 'male', 242),
  (5313, 'ECD_SAMPLE_000314', 'Tarun Murthy', '2022-10-08', 'male', 355),
  (5314, 'ECD_SAMPLE_000315', 'Meghana Goud', '2025-02-26', 'female', 297),
  (5315, 'ECD_SAMPLE_000316', 'Sai Reddy', '2023-09-26', 'male', 216),
  (5316, 'ECD_SAMPLE_000317', 'Pranav Naidu', '2023-10-12', 'male', 341),
  (5317, 'ECD_SAMPLE_000318', 'Sahiti Kumar', '2025-01-30', 'female', 271),
  (5318, 'ECD_SAMPLE_000319', 'Tanvi Rao', '2020-02-13', 'female', 242),
  (5319, 'ECD_SAMPLE_000320', 'Ishaan Sharma', '2020-02-13', 'male', 225),
  (5320, 'ECD_SAMPLE_000321', 'Vivaan Babu', '2022-11-12', 'male', 305),
  (5321, 'ECD_SAMPLE_000322', 'Bhargavi Prasad', '2021-04-30', 'female', 274),
  (5322, 'ECD_SAMPLE_000323', 'Arnav Varma', '2020-01-31', 'male', 302),
  (5323, 'ECD_SAMPLE_000324', 'Esha Chowdary', '2024-10-03', 'female', 217),
  (5324, 'ECD_SAMPLE_000325', 'Shaurya Raju', '2025-06-10', 'male', 333),
  (5325, 'ECD_SAMPLE_000326', 'Vihaan Swamy', '2024-11-11', 'male', 251),
  (5326, 'ECD_SAMPLE_000327', 'Jyothi Gupta', '2020-05-01', 'female', 303),
  (5327, 'ECD_SAMPLE_000328', 'Tanish Patel', '2024-02-11', 'male', 227),
  (5328, 'ECD_SAMPLE_000329', 'Priya Murthy', '2024-05-30', 'female', 271),
  (5329, 'ECD_SAMPLE_000330', 'Lakshmi Goud', '2021-05-22', 'female', 304),
  (5330, 'ECD_SAMPLE_000331', 'Sravani Reddy', '2023-07-01', 'female', 333),
  (5331, 'ECD_SAMPLE_000332', 'Divya Naidu', '2025-06-21', 'female', 267),
  (5332, 'ECD_SAMPLE_000333', 'Keerthi Kumar', '2024-10-06', 'female', 218),
  (5333, 'ECD_SAMPLE_000334', 'Rohit Rao', '2022-08-15', 'male', 210),
  (5334, 'ECD_SAMPLE_000335', 'Ajay Sharma', '2020-03-15', 'male', 350),
  (5335, 'ECD_SAMPLE_000336', 'Vijay Babu', '2023-04-04', 'male', 258),
  (5336, 'ECD_SAMPLE_000337', 'Ramesh Prasad', '2022-06-21', 'male', 302),
  (5337, 'ECD_SAMPLE_000338', 'Satish Varma', '2024-05-30', 'male', 391),
  (5338, 'ECD_SAMPLE_000339', 'Naresh Chowdary', '2024-11-12', 'male', 395),
  (5339, 'ECD_SAMPLE_000340', 'Suresh Raju', '2024-11-21', 'male', 397),
  (5340, 'ECD_SAMPLE_000341', 'Rajesh Swamy', '2024-08-24', 'male', 357),
  (5341, 'ECD_SAMPLE_000342', 'Harish Gupta', '2021-04-01', 'male', 269),
  (5342, 'ECD_SAMPLE_000343', 'Lavanya Patel', '2020-09-16', 'female', 394),
  (5343, 'ECD_SAMPLE_000344', 'Nihal Murthy', '2022-07-04', 'male', 368),
  (5344, 'ECD_SAMPLE_000345', 'Arjun Goud', '2024-09-22', 'male', 345),
  (5345, 'ECD_SAMPLE_000346', 'Padma Reddy', '2023-10-08', 'female', 393),
  (5346, 'ECD_SAMPLE_000347', 'Radhika Naidu', '2024-02-25', 'female', 253),
  (5347, 'ECD_SAMPLE_000348', 'Venkat Kumar', '2023-10-18', 'male', 317),
  (5348, 'ECD_SAMPLE_000349', 'Srinivas Rao', '2022-03-05', 'male', 371),
  (5349, 'ECD_SAMPLE_000350', 'Ananya Sharma', '2024-09-16', 'female', 359),
  (5350, 'ECD_SAMPLE_000351', 'Diya Babu', '2021-08-07', 'female', 392),
  (5351, 'ECD_SAMPLE_000352', 'Kiran Prasad', '2023-09-23', 'male', 321),
  (5352, 'ECD_SAMPLE_000353', 'Mohan Varma', '2021-01-05', 'male', 321),
  (5353, 'ECD_SAMPLE_000354', 'Indu Chowdary', '2022-07-06', 'female', 344),
  (5354, 'ECD_SAMPLE_000355', 'Kamala Raju', '2021-01-12', 'female', 337),
  (5355, 'ECD_SAMPLE_000356', 'Meghana Swamy', '2024-05-07', 'female', 386),
  (5356, 'ECD_SAMPLE_000357', 'Niharika Gupta', '2025-05-08', 'female', 396),
  (5357, 'ECD_SAMPLE_000358', 'Varun Patel', '2021-06-02', 'male', 387),
  (5358, 'ECD_SAMPLE_000359', 'Sai Murthy', '2022-03-22', 'male', 212),
  (5359, 'ECD_SAMPLE_000360', 'Tanvi Goud', '2020-10-18', 'female', 229),
  (5360, 'ECD_SAMPLE_000361', 'Aarav Reddy', '2020-06-17', 'male', 250),
  (5361, 'ECD_SAMPLE_000362', 'Anjali Naidu', '2024-05-22', 'female', 278),
  (5362, 'ECD_SAMPLE_000363', 'Ishaan Kumar', '2022-10-14', 'male', 267),
  (5363, 'ECD_SAMPLE_000364', 'Vivaan Rao', '2022-06-01', 'male', 388),
  (5364, 'ECD_SAMPLE_000365', 'Esha Sharma', '2021-05-24', 'female', 236),
  (5365, 'ECD_SAMPLE_000366', 'Manasa Babu', '2024-09-14', 'female', 349),
  (5366, 'ECD_SAMPLE_000367', 'Neelima Prasad', '2020-08-05', 'female', 285),
  (5367, 'ECD_SAMPLE_000368', 'Shaurya Varma', '2024-08-13', 'male', 220),
  (5368, 'ECD_SAMPLE_000369', 'Likhitha Chowdary', '2021-12-31', 'female', 337),
  (5369, 'ECD_SAMPLE_000370', 'Omkar Raju', '2025-01-09', 'male', 262),
  (5370, 'ECD_SAMPLE_000371', 'Tanish Swamy', '2021-10-31', 'male', 314),
  (5371, 'ECD_SAMPLE_000372', 'Rohan Gupta', '2021-10-20', 'male', 242),
  (5372, 'ECD_SAMPLE_000373', 'Yash Patel', '2020-11-30', 'male', 294),
  (5373, 'ECD_SAMPLE_000374', 'Keerthi Murthy', '2021-10-25', 'female', 398),
  (5374, 'ECD_SAMPLE_000375', 'Mounika Goud', '2024-07-05', 'female', 235),
  (5375, 'ECD_SAMPLE_000376', 'Swathi Reddy', '2023-05-12', 'female', 337),
  (5376, 'ECD_SAMPLE_000377', 'Anusha Naidu', '2022-03-12', 'female', 320),
  (5377, 'ECD_SAMPLE_000378', 'Ajay Kumar', '2024-04-09', 'male', 379),
  (5378, 'ECD_SAMPLE_000379', 'Vijay Rao', '2023-03-07', 'male', 352),
  (5379, 'ECD_SAMPLE_000380', 'Deepika Sharma', '2023-06-19', 'female', 310),
  (5380, 'ECD_SAMPLE_000381', 'Satish Babu', '2023-04-19', 'male', 333),
  (5381, 'ECD_SAMPLE_000382', 'Naresh Prasad', '2020-02-14', 'male', 294),
  (5382, 'ECD_SAMPLE_000383', 'Suresh Varma', '2025-02-16', 'male', 347),
  (5383, 'ECD_SAMPLE_000384', 'Lavanya Chowdary', '2022-10-20', 'female', 329),
  (5384, 'ECD_SAMPLE_000385', 'Madhavi Raju', '2022-09-12', 'female', 288),
  (5385, 'ECD_SAMPLE_000386', 'Nandini Swamy', '2021-10-09', 'female', 318),
  (5386, 'ECD_SAMPLE_000387', 'Nihal Gupta', '2024-05-15', 'male', 261),
  (5387, 'ECD_SAMPLE_000388', 'Arjun Patel', '2023-06-07', 'male', 273),
  (5388, 'ECD_SAMPLE_000389', 'Ravi Murthy', '2021-11-27', 'male', 276),
  (5389, 'ECD_SAMPLE_000390', 'Krishna Goud', '2022-01-21', 'male', 203),
  (5390, 'ECD_SAMPLE_000391', 'Venkat Reddy', '2025-01-14', 'male', 356),
  (5391, 'ECD_SAMPLE_000392', 'Diya Naidu', '2024-04-17', 'female', 225),
  (5392, 'ECD_SAMPLE_000393', 'Mahesh Kumar', '2024-10-15', 'male', 374),
  (5393, 'ECD_SAMPLE_000394', 'Ganesh Rao', '2021-02-12', 'male', 386),
  (5394, 'ECD_SAMPLE_000395', 'Kiran Sharma', '2020-01-11', 'male', 267),
  (5395, 'ECD_SAMPLE_000396', 'Kamala Babu', '2022-10-16', 'female', 237),
  (5396, 'ECD_SAMPLE_000397', 'Gopal Prasad', '2025-01-29', 'male', 289),
  (5397, 'ECD_SAMPLE_000398', 'Niharika Varma', '2020-12-23', 'female', 249),
  (5398, 'ECD_SAMPLE_000399', 'Pooja Chowdary', '2024-11-08', 'female', 354),
  (5399, 'ECD_SAMPLE_000400', 'Tarun Raju', '2021-11-01', 'male', 248)
ON CONFLICT (id) DO NOTHING;

INSERT INTO children (id, child_unique_id, name, dob, gender, awc_id) VALUES
  (5400, 'ECD_SAMPLE_000401', 'Tanvi Swamy', '2024-09-27', 'female', 224),
  (5401, 'ECD_SAMPLE_000402', 'Sai Gupta', '2022-07-02', 'male', 251),
  (5402, 'ECD_SAMPLE_000403', 'Pranav Patel', '2024-04-06', 'male', 391),
  (5403, 'ECD_SAMPLE_000404', 'Aarav Murthy', '2022-11-21', 'male', 312),
  (5404, 'ECD_SAMPLE_000405', 'Durga Goud', '2021-11-14', 'female', 398),
  (5405, 'ECD_SAMPLE_000406', 'Ishaan Reddy', '2024-01-29', 'male', 377),
  (5406, 'ECD_SAMPLE_000407', 'Manasa Naidu', '2020-08-26', 'female', 268),
  (5407, 'ECD_SAMPLE_000408', 'Neelima Kumar', '2021-03-26', 'female', 321),
  (5408, 'ECD_SAMPLE_000409', 'Jyothi Rao', '2024-04-14', 'female', 320),
  (5409, 'ECD_SAMPLE_000410', 'Kabir Sharma', '2023-06-11', 'male', 310),
  (5410, 'ECD_SAMPLE_000411', 'Priya Babu', '2022-12-15', 'female', 215),
  (5411, 'ECD_SAMPLE_000412', 'Lakshmi Prasad', '2023-07-22', 'female', 352),
  (5412, 'ECD_SAMPLE_000413', 'Omkar Varma', '2025-01-19', 'male', 311),
  (5413, 'ECD_SAMPLE_000414', 'Divya Chowdary', '2021-07-06', 'female', 299),
  (5414, 'ECD_SAMPLE_000415', 'Rohan Raju', '2022-10-02', 'male', 358),
  (5415, 'ECD_SAMPLE_000416', 'Mounika Swamy', '2021-04-01', 'female', 230),
  (5416, 'ECD_SAMPLE_000417', 'Swathi Gupta', '2023-11-07', 'female', 309),
  (5417, 'ECD_SAMPLE_000418', 'Anusha Patel', '2023-11-25', 'female', 243),
  (5418, 'ECD_SAMPLE_000419', 'Vikram Murthy', '2021-10-11', 'male', 245),
  (5419, 'ECD_SAMPLE_000420', 'Chandini Goud', '2021-04-19', 'female', 242),
  (5420, 'ECD_SAMPLE_000421', 'Ajay Reddy', '2024-08-28', 'male', 308),
  (5421, 'ECD_SAMPLE_000422', 'Gayathri Naidu', '2025-06-16', 'female', 330),
  (5422, 'ECD_SAMPLE_000423', 'Harika Kumar', '2021-03-10', 'female', 315),
  (5423, 'ECD_SAMPLE_000424', 'Kavya Rao', '2022-10-27', 'female', 259),
  (5424, 'ECD_SAMPLE_000425', 'Naresh Sharma', '2021-09-09', 'male', 387),
  (5425, 'ECD_SAMPLE_000426', 'Madhavi Babu', '2024-12-05', 'female', 363),
  (5426, 'ECD_SAMPLE_000427', 'Nandini Prasad', '2022-08-31', 'female', 221),
  (5427, 'ECD_SAMPLE_000428', 'Padma Varma', '2022-05-27', 'female', 378),
  (5428, 'ECD_SAMPLE_000429', 'Radhika Chowdary', '2023-09-30', 'female', 329),
  (5429, 'ECD_SAMPLE_000430', 'Sahasra Raju', '2024-08-06', 'female', 397),
  (5430, 'ECD_SAMPLE_000431', 'Akshara Swamy', '2020-05-17', 'female', 361),
  (5431, 'ECD_SAMPLE_000432', 'Ravi Gupta', '2023-08-06', 'male', 327),
  (5432, 'ECD_SAMPLE_000433', 'Krishna Patel', '2022-06-14', 'male', 229),
  (5433, 'ECD_SAMPLE_000434', 'Venkat Murthy', '2020-06-05', 'male', 246),
  (5434, 'ECD_SAMPLE_000435', 'Himaja Goud', '2021-03-03', 'female', 234),
  (5435, 'ECD_SAMPLE_000436', 'Indu Reddy', '2024-04-03', 'female', 231),
  (5436, 'ECD_SAMPLE_000437', 'Ganesh Naidu', '2024-12-22', 'male', 350),
  (5437, 'ECD_SAMPLE_000438', 'Kiran Kumar', '2020-10-14', 'male', 382),
  (5438, 'ECD_SAMPLE_000439', 'Niharika Rao', '2022-04-04', 'female', 396),
  (5439, 'ECD_SAMPLE_000440', 'Gopal Sharma', '2020-07-15', 'male', 297),
  (5440, 'ECD_SAMPLE_000441', 'Pavan Babu', '2025-06-11', 'male', 357),
  (5441, 'ECD_SAMPLE_000442', 'Charan Prasad', '2025-03-16', 'male', 286),
  (5442, 'ECD_SAMPLE_000443', 'Varsha Varma', '2023-10-05', 'female', 232),
  (5443, 'ECD_SAMPLE_000444', 'Varun Chowdary', '2023-09-25', 'male', 283),
  (5444, 'ECD_SAMPLE_000445', 'Bhargavi Raju', '2024-11-03', 'female', 362),
  (5445, 'ECD_SAMPLE_000446', 'Pranav Swamy', '2020-01-22', 'male', 331),
  (5446, 'ECD_SAMPLE_000447', 'Aarav Gupta', '2022-07-20', 'male', 329),
  (5447, 'ECD_SAMPLE_000448', 'Dhruv Patel', '2023-08-20', 'male', 232),
  (5448, 'ECD_SAMPLE_000449', 'Neelima Murthy', '2021-01-02', 'female', 243),
  (5449, 'ECD_SAMPLE_000450', 'Jyothi Goud', '2021-02-03', 'female', 205),
  (5450, 'ECD_SAMPLE_000451', 'Aditya Reddy', '2023-01-17', 'male', 250),
  (5451, 'ECD_SAMPLE_000452', 'Priya Naidu', '2020-03-04', 'female', 264),
  (5452, 'ECD_SAMPLE_000453', 'Kabir Kumar', '2021-06-08', 'male', 256),
  (5453, 'ECD_SAMPLE_000454', 'Shaurya Rao', '2020-05-17', 'male', 247),
  (5454, 'ECD_SAMPLE_000455', 'Divya Sharma', '2020-05-19', 'female', 374),
  (5455, 'ECD_SAMPLE_000456', 'Keerthi Babu', '2021-11-24', 'female', 254),
  (5456, 'ECD_SAMPLE_000457', 'Tanish Prasad', '2022-12-05', 'male', 391),
  (5457, 'ECD_SAMPLE_000458', 'Rohan Varma', '2024-03-09', 'male', 395),
  (5458, 'ECD_SAMPLE_000459', 'Anusha Chowdary', '2022-08-14', 'female', 360),
  (5459, 'ECD_SAMPLE_000460', 'Bhavani Raju', '2020-05-07', 'female', 287),
  (5460, 'ECD_SAMPLE_000461', 'Tejas Swamy', '2022-04-06', 'male', 294),
  (5461, 'ECD_SAMPLE_000462', 'Vikram Gupta', '2020-04-02', 'male', 254),
  (5462, 'ECD_SAMPLE_000463', 'Gayathri Patel', '2020-05-17', 'female', 314),
  (5463, 'ECD_SAMPLE_000464', 'Ajay Murthy', '2024-06-06', 'male', 379),
  (5464, 'ECD_SAMPLE_000465', 'Kavya Goud', '2025-03-20', 'female', 333),
  (5465, 'ECD_SAMPLE_000466', 'Lavanya Reddy', '2023-04-06', 'female', 276),
  (5466, 'ECD_SAMPLE_000467', 'Satish Naidu', '2020-07-07', 'male', 396),
  (5467, 'ECD_SAMPLE_000468', 'Naresh Kumar', '2021-06-12', 'male', 351),
  (5468, 'ECD_SAMPLE_000469', 'Suresh Rao', '2024-07-30', 'male', 322),
  (5469, 'ECD_SAMPLE_000470', 'Rajesh Sharma', '2021-01-27', 'male', 253),
  (5470, 'ECD_SAMPLE_000471', 'Harish Babu', '2024-12-09', 'male', 351),
  (5471, 'ECD_SAMPLE_000472', 'Manish Prasad', '2022-07-31', 'male', 331),
  (5472, 'ECD_SAMPLE_000473', 'Nihal Varma', '2020-08-22', 'male', 383),
  (5473, 'ECD_SAMPLE_000474', 'Arjun Chowdary', '2020-05-15', 'male', 331),
  (5474, 'ECD_SAMPLE_000475', 'Gowri Raju', '2023-10-23', 'female', 371),
  (5475, 'ECD_SAMPLE_000476', 'Himaja Swamy', '2023-02-20', 'female', 249),
  (5476, 'ECD_SAMPLE_000477', 'Indu Gupta', '2024-07-02', 'female', 295),
  (5477, 'ECD_SAMPLE_000478', 'Kamala Patel', '2020-12-17', 'female', 343),
  (5478, 'ECD_SAMPLE_000479', 'Mahesh Murthy', '2021-09-23', 'male', 313),
  (5479, 'ECD_SAMPLE_000480', 'Niharika Goud', '2020-05-10', 'female', 240),
  (5480, 'ECD_SAMPLE_000481', 'Kiran Reddy', '2024-01-04', 'male', 203),
  (5481, 'ECD_SAMPLE_000482', 'Mohan Naidu', '2024-06-08', 'male', 305),
  (5482, 'ECD_SAMPLE_000483', 'Gopal Kumar', '2023-09-06', 'male', 310),
  (5483, 'ECD_SAMPLE_000484', 'Pavan Rao', '2022-12-23', 'male', 336),
  (5484, 'ECD_SAMPLE_000485', 'Anjali Sharma', '2023-05-10', 'female', 267),
  (5485, 'ECD_SAMPLE_000486', 'Tarun Babu', '2023-10-29', 'male', 337),
  (5486, 'ECD_SAMPLE_000487', 'Durga Prasad', '2022-02-23', 'female', 278),
  (5487, 'ECD_SAMPLE_000488', 'Sai Varma', '2022-01-29', 'male', 320),
  (5488, 'ECD_SAMPLE_000489', 'Manasa Chowdary', '2024-10-29', 'female', 266),
  (5489, 'ECD_SAMPLE_000490', 'Neelima Raju', '2025-01-03', 'female', 349),
  (5490, 'ECD_SAMPLE_000491', 'Dhruv Swamy', '2023-08-13', 'male', 274),
  (5491, 'ECD_SAMPLE_000492', 'Likhitha Gupta', '2024-06-08', 'female', 223),
  (5492, 'ECD_SAMPLE_000493', 'Vivaan Patel', '2020-01-29', 'male', 313),
  (5493, 'ECD_SAMPLE_000494', 'Lakshmi Murthy', '2023-08-23', 'female', 244),
  (5494, 'ECD_SAMPLE_000495', 'Arnav Goud', '2022-09-17', 'male', 258),
  (5495, 'ECD_SAMPLE_000496', 'Kabir Reddy', '2025-05-01', 'male', 343),
  (5496, 'ECD_SAMPLE_000497', 'Shaurya Naidu', '2025-03-08', 'male', 234),
  (5497, 'ECD_SAMPLE_000498', 'Vihaan Kumar', '2023-12-09', 'male', 221),
  (5498, 'ECD_SAMPLE_000499', 'Omkar Rao', '2023-03-21', 'male', 255),
  (5499, 'ECD_SAMPLE_000500', 'Tanish Sharma', '2020-11-19', 'male', 237)
ON CONFLICT (id) DO NOTHING;

INSERT INTO children (id, child_unique_id, name, dob, gender, awc_id) VALUES
  (5500, 'ECD_SAMPLE_000501', 'Rohan Babu', '2024-08-31', 'male', 324),
  (5501, 'ECD_SAMPLE_000502', 'Chandini Prasad', '2024-06-13', 'female', 373),
  (5502, 'ECD_SAMPLE_000503', 'Anirudh Varma', '2022-02-01', 'male', 261),
  (5503, 'ECD_SAMPLE_000504', 'Gayathri Chowdary', '2023-09-28', 'female', 393),
  (5504, 'ECD_SAMPLE_000505', 'Vikram Raju', '2025-04-11', 'male', 265),
  (5505, 'ECD_SAMPLE_000506', 'Rohit Swamy', '2023-07-28', 'male', 313),
  (5506, 'ECD_SAMPLE_000507', 'Lavanya Gupta', '2020-01-25', 'female', 334),
  (5507, 'ECD_SAMPLE_000508', 'Madhavi Patel', '2024-01-08', 'female', 242),
  (5508, 'ECD_SAMPLE_000509', 'Ramesh Murthy', '2022-09-29', 'male', 363),
  (5509, 'ECD_SAMPLE_000510', 'Satish Goud', '2024-05-06', 'male', 364),
  (5510, 'ECD_SAMPLE_000511', 'Naresh Reddy', '2022-08-07', 'male', 213),
  (5511, 'ECD_SAMPLE_000512', 'Suresh Naidu', '2021-05-13', 'male', 226),
  (5512, 'ECD_SAMPLE_000513', 'Rajesh Kumar', '2021-10-28', 'male', 226),
  (5513, 'ECD_SAMPLE_000514', 'Harish Rao', '2021-09-22', 'male', 381),
  (5514, 'ECD_SAMPLE_000515', 'Diya Sharma', '2022-11-04', 'female', 231),
  (5515, 'ECD_SAMPLE_000516', 'Gowri Babu', '2020-05-10', 'female', 317),
  (5516, 'ECD_SAMPLE_000517', 'Himaja Prasad', '2024-08-12', 'female', 287),
  (5517, 'ECD_SAMPLE_000518', 'Indu Varma', '2023-10-08', 'female', 279),
  (5518, 'ECD_SAMPLE_000519', 'Krishna Chowdary', '2020-01-19', 'male', 227),
  (5519, 'ECD_SAMPLE_000520', 'Meghana Raju', '2020-03-13', 'female', 234),
  (5520, 'ECD_SAMPLE_000521', 'Niharika Swamy', '2020-02-07', 'female', 231),
  (5521, 'ECD_SAMPLE_000522', 'Pooja Gupta', '2024-09-12', 'female', 208),
  (5522, 'ECD_SAMPLE_000523', 'Sahiti Patel', '2020-07-27', 'female', 376),
  (5523, 'ECD_SAMPLE_000524', 'Kiran Murthy', '2021-01-02', 'male', 270),
  (5524, 'ECD_SAMPLE_000525', 'Mohan Goud', '2023-10-28', 'male', 218),
  (5525, 'ECD_SAMPLE_000526', 'Anjali Reddy', '2023-02-08', 'female', 269),
  (5526, 'ECD_SAMPLE_000527', 'Bhargavi Naidu', '2022-11-15', 'female', 293),
  (5527, 'ECD_SAMPLE_000528', 'Charan Kumar', '2024-04-23', 'male', 246),
  (5528, 'ECD_SAMPLE_000529', 'Tarun Rao', '2020-03-12', 'male', 246),
  (5529, 'ECD_SAMPLE_000530', 'Varun Sharma', '2023-12-28', 'male', 264),
  (5530, 'ECD_SAMPLE_000531', 'Sai Babu', '2021-07-22', 'male', 293),
  (5531, 'ECD_SAMPLE_000532', 'Jyothi Prasad', '2020-03-19', 'female', 264),
  (5532, 'ECD_SAMPLE_000533', 'Aarav Varma', '2020-08-03', 'male', 246),
  (5533, 'ECD_SAMPLE_000534', 'Dhruv Chowdary', '2024-02-05', 'male', 271),
  (5534, 'ECD_SAMPLE_000535', 'Lakshmi Raju', '2021-05-18', 'female', 236),
  (5535, 'ECD_SAMPLE_000536', 'Sravani Swamy', '2020-06-29', 'female', 275),
  (5536, 'ECD_SAMPLE_000537', 'Divya Gupta', '2021-06-29', 'female', 318),
  (5537, 'ECD_SAMPLE_000538', 'Keerthi Patel', '2023-02-15', 'female', 255),
  (5538, 'ECD_SAMPLE_000539', 'Kabir Murthy', '2024-03-29', 'male', 230),
  (5539, 'ECD_SAMPLE_000540', 'Swathi Goud', '2021-02-05', 'female', 327),
  (5540, 'ECD_SAMPLE_000541', 'Anusha Reddy', '2025-01-08', 'female', 276),
  (5541, 'ECD_SAMPLE_000542', 'Bhavani Naidu', '2024-06-26', 'female', 243),
  (5542, 'ECD_SAMPLE_000543', 'Chandini Kumar', '2022-09-30', 'female', 304),
  (5543, 'ECD_SAMPLE_000544', 'Rohan Rao', '2020-05-04', 'male', 219),
  (5544, 'ECD_SAMPLE_000545', 'Yash Sharma', '2021-12-17', 'male', 250),
  (5545, 'ECD_SAMPLE_000546', 'Anirudh Babu', '2020-03-21', 'male', 247),
  (5546, 'ECD_SAMPLE_000547', 'Tejas Prasad', '2021-09-19', 'male', 380),
  (5547, 'ECD_SAMPLE_000548', 'Vikram Varma', '2021-09-07', 'male', 353),
  (5548, 'ECD_SAMPLE_000549', 'Madhavi Chowdary', '2021-07-02', 'female', 296),
  (5549, 'ECD_SAMPLE_000550', 'Nandini Raju', '2024-02-12', 'female', 255),
  (5550, 'ECD_SAMPLE_000551', 'Vijay Swamy', '2025-06-22', 'male', 316),
  (5551, 'ECD_SAMPLE_000552', 'Radhika Gupta', '2023-06-11', 'female', 235),
  (5552, 'ECD_SAMPLE_000553', 'Sahasra Patel', '2025-05-01', 'female', 288),
  (5553, 'ECD_SAMPLE_000554', 'Akshara Murthy', '2023-11-29', 'female', 225),
  (5554, 'ECD_SAMPLE_000555', 'Ananya Goud', '2020-07-16', 'female', 275),
  (5555, 'ECD_SAMPLE_000556', 'Diya Reddy', '2022-02-11', 'female', 229),
  (5556, 'ECD_SAMPLE_000557', 'Gowri Naidu', '2024-10-07', 'female', 308),
  (5557, 'ECD_SAMPLE_000558', 'Himaja Kumar', '2022-10-02', 'female', 289),
  (5558, 'ECD_SAMPLE_000559', 'Nihal Rao', '2023-10-05', 'male', 376),
  (5559, 'ECD_SAMPLE_000560', 'Arjun Sharma', '2021-09-10', 'male', 365),
  (5560, 'ECD_SAMPLE_000561', 'Meghana Babu', '2023-10-22', 'female', 305),
  (5561, 'ECD_SAMPLE_000562', 'Krishna Prasad', '2022-10-20', 'male', 347),
  (5562, 'ECD_SAMPLE_000563', 'Pooja Varma', '2020-11-08', 'female', 290),
  (5563, 'ECD_SAMPLE_000564', 'Sahiti Chowdary', '2024-04-17', 'female', 346),
  (5564, 'ECD_SAMPLE_000565', 'Tanvi Raju', '2025-04-18', 'female', 304),
  (5565, 'ECD_SAMPLE_000566', 'Ganesh Swamy', '2022-07-11', 'male', 312),
  (5566, 'ECD_SAMPLE_000567', 'Anjali Gupta', '2020-05-08', 'female', 224),
  (5567, 'ECD_SAMPLE_000568', 'Mohan Patel', '2024-08-26', 'male', 337),
  (5568, 'ECD_SAMPLE_000569', 'Gopal Murthy', '2021-07-10', 'male', 202),
  (5569, 'ECD_SAMPLE_000570', 'Esha Goud', '2023-10-14', 'female', 333),
  (5570, 'ECD_SAMPLE_000571', 'Manasa Reddy', '2022-08-30', 'female', 397),
  (5571, 'ECD_SAMPLE_000572', 'Tarun Naidu', '2023-04-05', 'male', 232),
  (5572, 'ECD_SAMPLE_000573', 'Jyothi Kumar', '2025-01-20', 'female', 353),
  (5573, 'ECD_SAMPLE_000574', 'Likhitha Rao', '2020-03-29', 'female', 383),
  (5574, 'ECD_SAMPLE_000575', 'Pranav Sharma', '2024-03-02', 'male', 225),
  (5575, 'ECD_SAMPLE_000576', 'Aarav Babu', '2025-05-09', 'male', 233),
  (5576, 'ECD_SAMPLE_000577', 'Dhruv Prasad', '2024-11-01', 'male', 306),
  (5577, 'ECD_SAMPLE_000578', 'Divya Varma', '2023-12-09', 'female', 398),
  (5578, 'ECD_SAMPLE_000579', 'Keerthi Chowdary', '2021-12-19', 'female', 383),
  (5579, 'ECD_SAMPLE_000580', 'Mounika Raju', '2024-01-11', 'female', 328),
  (5580, 'ECD_SAMPLE_000581', 'Swathi Swamy', '2020-03-28', 'female', 345),
  (5581, 'ECD_SAMPLE_000582', 'Anusha Gupta', '2023-09-27', 'female', 315),
  (5582, 'ECD_SAMPLE_000583', 'Bhavani Patel', '2022-03-10', 'female', 272),
  (5583, 'ECD_SAMPLE_000584', 'Vihaan Murthy', '2020-09-04', 'male', 319),
  (5584, 'ECD_SAMPLE_000585', 'Deepika Goud', '2022-06-28', 'female', 279),
  (5585, 'ECD_SAMPLE_000586', 'Tanish Reddy', '2023-02-28', 'male', 283),
  (5586, 'ECD_SAMPLE_000587', 'Harika Naidu', '2021-12-12', 'female', 286),
  (5587, 'ECD_SAMPLE_000588', 'Kavya Kumar', '2021-05-18', 'female', 378),
  (5588, 'ECD_SAMPLE_000589', 'Anirudh Rao', '2022-11-26', 'male', 392),
  (5589, 'ECD_SAMPLE_000590', 'Tejas Sharma', '2024-09-20', 'male', 222),
  (5590, 'ECD_SAMPLE_000591', 'Nandini Babu', '2023-07-09', 'female', 328),
  (5591, 'ECD_SAMPLE_000592', 'Rohit Prasad', '2024-03-16', 'male', 212),
  (5592, 'ECD_SAMPLE_000593', 'Ajay Varma', '2021-12-29', 'male', 364),
  (5593, 'ECD_SAMPLE_000594', 'Vijay Chowdary', '2023-10-20', 'male', 252),
  (5594, 'ECD_SAMPLE_000595', 'Akshara Raju', '2024-07-25', 'female', 234),
  (5595, 'ECD_SAMPLE_000596', 'Satish Swamy', '2024-10-13', 'male', 279),
  (5596, 'ECD_SAMPLE_000597', 'Naresh Gupta', '2024-08-18', 'male', 245),
  (5597, 'ECD_SAMPLE_000598', 'Gowri Patel', '2024-09-03', 'female', 386),
  (5598, 'ECD_SAMPLE_000599', 'Rajesh Murthy', '2022-05-12', 'male', 206),
  (5599, 'ECD_SAMPLE_000600', 'Harish Goud', '2021-11-03', 'male', 352)
ON CONFLICT (id) DO NOTHING;

INSERT INTO children (id, child_unique_id, name, dob, gender, awc_id) VALUES
  (5600, 'ECD_SAMPLE_000601', 'Kamala Reddy', '2021-01-31', 'female', 359),
  (5601, 'ECD_SAMPLE_000602', 'Nihal Naidu', '2023-07-24', 'male', 287),
  (5602, 'ECD_SAMPLE_000603', 'Niharika Kumar', '2023-06-20', 'female', 378),
  (5603, 'ECD_SAMPLE_000604', 'Pooja Rao', '2022-11-01', 'female', 278),
  (5604, 'ECD_SAMPLE_000605', 'Sahiti Sharma', '2025-05-28', 'female', 320),
  (5605, 'ECD_SAMPLE_000606', 'Tanvi Babu', '2021-10-21', 'female', 204),
  (5606, 'ECD_SAMPLE_000607', 'Srinivas Prasad', '2025-01-28', 'male', 251),
  (5607, 'ECD_SAMPLE_000608', 'Mahesh Varma', '2020-04-08', 'male', 318),
  (5608, 'ECD_SAMPLE_000609', 'Bhargavi Chowdary', '2022-09-15', 'female', 268),
  (5609, 'ECD_SAMPLE_000610', 'Durga Raju', '2020-03-13', 'female', 283),
  (5610, 'ECD_SAMPLE_000611', 'Mohan Swamy', '2022-06-18', 'male', 202),
  (5611, 'ECD_SAMPLE_000612', 'Gopal Gupta', '2024-05-24', 'male', 323),
  (5612, 'ECD_SAMPLE_000613', 'Pavan Patel', '2022-11-19', 'male', 314),
  (5613, 'ECD_SAMPLE_000614', 'Jyothi Murthy', '2023-12-28', 'female', 237),
  (5614, 'ECD_SAMPLE_000615', 'Tarun Goud', '2020-01-09', 'male', 279),
  (5615, 'ECD_SAMPLE_000616', 'Priya Reddy', '2025-03-15', 'female', 320),
  (5616, 'ECD_SAMPLE_000617', 'Sai Naidu', '2022-02-28', 'male', 213),
  (5617, 'ECD_SAMPLE_000618', 'Sravani Kumar', '2023-10-10', 'female', 397),
  (5618, 'ECD_SAMPLE_000619', 'Divya Rao', '2020-09-15', 'female', 228),
  (5619, 'ECD_SAMPLE_000620', 'Dhruv Sharma', '2023-12-23', 'male', 382),
  (5620, 'ECD_SAMPLE_000621', 'Ishaan Babu', '2020-04-24', 'male', 352),
  (5621, 'ECD_SAMPLE_000622', 'Swathi Prasad', '2024-01-19', 'female', 209),
  (5622, 'ECD_SAMPLE_000623', 'Aditya Varma', '2024-09-19', 'male', 260),
  (5623, 'ECD_SAMPLE_000624', 'Bhavani Chowdary', '2025-02-04', 'female', 370),
  (5624, 'ECD_SAMPLE_000625', 'Kabir Raju', '2022-10-28', 'male', 236),
  (5625, 'ECD_SAMPLE_000626', 'Shaurya Swamy', '2022-11-08', 'male', 294),
  (5626, 'ECD_SAMPLE_000627', 'Vihaan Gupta', '2022-04-17', 'male', 219),
  (5627, 'ECD_SAMPLE_000628', 'Omkar Patel', '2024-01-03', 'male', 345),
  (5628, 'ECD_SAMPLE_000629', 'Tanish Murthy', '2023-12-14', 'male', 208),
  (5629, 'ECD_SAMPLE_000630', 'Rohan Goud', '2024-08-14', 'male', 361),
  (5630, 'ECD_SAMPLE_000631', 'Madhavi Reddy', '2020-07-11', 'female', 281),
  (5631, 'ECD_SAMPLE_000632', 'Anirudh Naidu', '2024-02-21', 'male', 291),
  (5632, 'ECD_SAMPLE_000633', 'Tejas Kumar', '2023-12-12', 'male', 279),
  (5633, 'ECD_SAMPLE_000634', 'Radhika Rao', '2023-09-20', 'female', 288),
  (5634, 'ECD_SAMPLE_000635', 'Rohit Sharma', '2023-01-24', 'male', 335),
  (5635, 'ECD_SAMPLE_000636', 'Ajay Babu', '2020-08-31', 'male', 282),
  (5636, 'ECD_SAMPLE_000637', 'Vijay Prasad', '2020-03-18', 'male', 256),
  (5637, 'ECD_SAMPLE_000638', 'Ramesh Varma', '2021-08-18', 'male', 298),
  (5638, 'ECD_SAMPLE_000639', 'Gowri Chowdary', '2022-05-21', 'female', 396),
  (5639, 'ECD_SAMPLE_000640', 'Naresh Raju', '2024-08-08', 'male', 251),
  (5640, 'ECD_SAMPLE_000641', 'Suresh Swamy', '2023-02-21', 'male', 286),
  (5641, 'ECD_SAMPLE_000642', 'Rajesh Gupta', '2025-01-31', 'male', 317),
  (5642, 'ECD_SAMPLE_000643', 'Harish Patel', '2025-02-27', 'male', 332),
  (5643, 'ECD_SAMPLE_000644', 'Manish Murthy', '2025-02-05', 'male', 306),
  (5644, 'ECD_SAMPLE_000645', 'Nihal Goud', '2024-11-13', 'male', 337),
  (5645, 'ECD_SAMPLE_000646', 'Arjun Reddy', '2022-12-12', 'male', 364),
  (5646, 'ECD_SAMPLE_000647', 'Ravi Naidu', '2024-01-05', 'male', 347),
  (5647, 'ECD_SAMPLE_000648', 'Krishna Kumar', '2020-07-16', 'male', 315),
  (5648, 'ECD_SAMPLE_000649', 'Venkat Rao', '2020-09-28', 'male', 321),
  (5649, 'ECD_SAMPLE_000650', 'Bhargavi Sharma', '2025-03-30', 'female', 378),
  (5650, 'ECD_SAMPLE_000651', 'Mahesh Babu', '2020-01-18', 'male', 383),
  (5651, 'ECD_SAMPLE_000652', 'Ganesh Prasad', '2022-11-24', 'male', 352),
  (5652, 'ECD_SAMPLE_000653', 'Kiran Varma', '2021-05-03', 'male', 360),
  (5653, 'ECD_SAMPLE_000654', 'Neelima Chowdary', '2022-11-07', 'female', 327),
  (5654, 'ECD_SAMPLE_000655', 'Jyothi Raju', '2023-10-17', 'female', 238),
  (5655, 'ECD_SAMPLE_000656', 'Pavan Swamy', '2021-09-16', 'male', 256),
  (5656, 'ECD_SAMPLE_000657', 'Priya Gupta', '2021-02-20', 'female', 261),
  (5657, 'ECD_SAMPLE_000658', 'Lakshmi Patel', '2022-03-09', 'female', 389),
  (5658, 'ECD_SAMPLE_000659', 'Varun Murthy', '2025-05-30', 'male', 246),
  (5659, 'ECD_SAMPLE_000660', 'Sai Goud', '2025-01-19', 'male', 389),
  (5660, 'ECD_SAMPLE_000661', 'Pranav Reddy', '2025-04-05', 'male', 336),
  (5661, 'ECD_SAMPLE_000662', 'Aarav Naidu', '2022-02-03', 'male', 373),
  (5662, 'ECD_SAMPLE_000663', 'Swathi Kumar', '2022-09-04', 'female', 389),
  (5663, 'ECD_SAMPLE_000664', 'Anusha Rao', '2020-08-24', 'female', 389),
  (5664, 'ECD_SAMPLE_000665', 'Bhavani Sharma', '2020-03-07', 'female', 277),
  (5665, 'ECD_SAMPLE_000666', 'Aditya Babu', '2021-07-12', 'male', 371),
  (5666, 'ECD_SAMPLE_000667', 'Deepika Prasad', '2022-07-21', 'female', 221),
  (5667, 'ECD_SAMPLE_000668', 'Kabir Varma', '2022-06-05', 'male', 316),
  (5668, 'ECD_SAMPLE_000669', 'Harika Chowdary', '2020-03-11', 'female', 354),
  (5669, 'ECD_SAMPLE_000670', 'Vihaan Raju', '2022-12-24', 'male', 396),
  (5670, 'ECD_SAMPLE_000671', 'Omkar Swamy', '2021-04-15', 'male', 325),
  (5671, 'ECD_SAMPLE_000672', 'Tanish Gupta', '2020-10-16', 'male', 271),
  (5672, 'ECD_SAMPLE_000673', 'Nandini Patel', '2020-10-31', 'female', 213),
  (5673, 'ECD_SAMPLE_000674', 'Padma Murthy', '2021-06-10', 'female', 374),
  (5674, 'ECD_SAMPLE_000675', 'Anirudh Goud', '2023-03-17', 'male', 210),
  (5675, 'ECD_SAMPLE_000676', 'Sahasra Reddy', '2024-09-25', 'female', 256),
  (5676, 'ECD_SAMPLE_000677', 'Vikram Naidu', '2025-04-23', 'male', 394),
  (5677, 'ECD_SAMPLE_000678', 'Rohit Kumar', '2023-05-16', 'male', 288),
  (5678, 'ECD_SAMPLE_000679', 'Diya Rao', '2024-12-24', 'female', 393),
  (5679, 'ECD_SAMPLE_000680', 'Gowri Sharma', '2022-09-21', 'female', 281),
  (5680, 'ECD_SAMPLE_000681', 'Ramesh Babu', '2021-02-06', 'male', 295),
  (5681, 'ECD_SAMPLE_000682', 'Indu Prasad', '2024-01-29', 'female', 300),
  (5682, 'ECD_SAMPLE_000683', 'Naresh Varma', '2023-10-20', 'male', 371),
  (5683, 'ECD_SAMPLE_000684', 'Meghana Chowdary', '2023-03-11', 'female', 281),
  (5684, 'ECD_SAMPLE_000685', 'Niharika Raju', '2025-01-03', 'female', 260),
  (5685, 'ECD_SAMPLE_000686', 'Pooja Swamy', '2021-08-27', 'female', 231),
  (5686, 'ECD_SAMPLE_000687', 'Sahiti Gupta', '2020-07-03', 'female', 381),
  (5687, 'ECD_SAMPLE_000688', 'Nihal Patel', '2021-09-02', 'male', 364),
  (5688, 'ECD_SAMPLE_000689', 'Arjun Murthy', '2023-02-01', 'male', 227),
  (5689, 'ECD_SAMPLE_000690', 'Ravi Goud', '2020-12-12', 'male', 336),
  (5690, 'ECD_SAMPLE_000691', 'Bhargavi Reddy', '2024-05-12', 'female', 380),
  (5691, 'ECD_SAMPLE_000692', 'Durga Naidu', '2021-10-01', 'female', 336),
  (5692, 'ECD_SAMPLE_000693', 'Srinivas Kumar', '2022-07-15', 'male', 355),
  (5693, 'ECD_SAMPLE_000694', 'Manasa Rao', '2023-01-25', 'female', 266),
  (5694, 'ECD_SAMPLE_000695', 'Ganesh Sharma', '2020-02-18', 'male', 232),
  (5695, 'ECD_SAMPLE_000696', 'Kiran Babu', '2023-12-20', 'male', 262),
  (5696, 'ECD_SAMPLE_000697', 'Likhitha Prasad', '2021-12-02', 'female', 248),
  (5697, 'ECD_SAMPLE_000698', 'Gopal Varma', '2021-09-11', 'male', 383),
  (5698, 'ECD_SAMPLE_000699', 'Pavan Chowdary', '2024-06-20', 'male', 236),
  (5699, 'ECD_SAMPLE_000700', 'Charan Raju', '2022-02-22', 'male', 381)
ON CONFLICT (id) DO NOTHING;

INSERT INTO children (id, child_unique_id, name, dob, gender, awc_id) VALUES
  (5700, 'ECD_SAMPLE_000701', 'Tarun Swamy', '2023-01-09', 'male', 373),
  (5701, 'ECD_SAMPLE_000702', 'Keerthi Gupta', '2024-08-07', 'female', 231),
  (5702, 'ECD_SAMPLE_000703', 'Sai Patel', '2023-03-01', 'male', 383),
  (5703, 'ECD_SAMPLE_000704', 'Pranav Murthy', '2021-04-14', 'male', 281),
  (5704, 'ECD_SAMPLE_000705', 'Anusha Goud', '2025-01-09', 'female', 351),
  (5705, 'ECD_SAMPLE_000706', 'Dhruv Reddy', '2022-04-26', 'male', 315),
  (5706, 'ECD_SAMPLE_000707', 'Chandini Naidu', '2024-06-17', 'female', 202),
  (5707, 'ECD_SAMPLE_000708', 'Deepika Kumar', '2024-04-16', 'female', 364),
  (5708, 'ECD_SAMPLE_000709', 'Aditya Rao', '2021-05-04', 'male', 290),
  (5709, 'ECD_SAMPLE_000710', 'Arnav Sharma', '2024-10-03', 'male', 315),
  (5710, 'ECD_SAMPLE_000711', 'Kabir Babu', '2020-09-17', 'male', 278),
  (5711, 'ECD_SAMPLE_000712', 'Shaurya Prasad', '2023-02-24', 'male', 283),
  (5712, 'ECD_SAMPLE_000713', 'Madhavi Varma', '2025-01-04', 'female', 209),
  (5713, 'ECD_SAMPLE_000714', 'Nandini Chowdary', '2025-04-25', 'female', 381),
  (5714, 'ECD_SAMPLE_000715', 'Tanish Raju', '2023-02-14', 'male', 315),
  (5715, 'ECD_SAMPLE_000716', 'Rohan Swamy', '2023-11-29', 'male', 370),
  (5716, 'ECD_SAMPLE_000717', 'Yash Gupta', '2022-11-17', 'male', 260),
  (5717, 'ECD_SAMPLE_000718', 'Akshara Patel', '2020-04-03', 'female', 361),
  (5718, 'ECD_SAMPLE_000719', 'Tejas Murthy', '2021-05-20', 'male', 301),
  (5719, 'ECD_SAMPLE_000720', 'Diya Goud', '2021-02-14', 'female', 337),
  (5720, 'ECD_SAMPLE_000721', 'Rohit Reddy', '2020-11-28', 'male', 331),
  (5721, 'ECD_SAMPLE_000722', 'Ajay Naidu', '2025-05-10', 'male', 233),
  (5722, 'ECD_SAMPLE_000723', 'Indu Kumar', '2025-04-16', 'female', 205),
  (5723, 'ECD_SAMPLE_000724', 'Ramesh Rao', '2022-02-11', 'male', 265),
  (5724, 'ECD_SAMPLE_000725', 'Satish Sharma', '2025-01-29', 'male', 351),
  (5725, 'ECD_SAMPLE_000726', 'Niharika Babu', '2023-12-03', 'female', 271),
  (5726, 'ECD_SAMPLE_000727', 'Suresh Prasad', '2024-06-20', 'male', 257),
  (5727, 'ECD_SAMPLE_000728', 'Sahiti Varma', '2022-05-17', 'female', 217),
  (5728, 'ECD_SAMPLE_000729', 'Tanvi Chowdary', '2022-02-21', 'female', 320),
  (5729, 'ECD_SAMPLE_000730', 'Manish Raju', '2025-02-23', 'male', 292),
  (5730, 'ECD_SAMPLE_000731', 'Nihal Swamy', '2020-11-20', 'male', 271),
  (5731, 'ECD_SAMPLE_000732', 'Arjun Gupta', '2023-07-27', 'male', 204),
  (5732, 'ECD_SAMPLE_000733', 'Ravi Patel', '2023-06-13', 'male', 216),
  (5733, 'ECD_SAMPLE_000734', 'Esha Murthy', '2025-04-03', 'female', 373),
  (5734, 'ECD_SAMPLE_000735', 'Manasa Goud', '2024-04-18', 'female', 200),
  (5735, 'ECD_SAMPLE_000736', 'Neelima Reddy', '2022-01-29', 'female', 310),
  (5736, 'ECD_SAMPLE_000737', 'Mahesh Naidu', '2024-06-05', 'male', 240),
  (5737, 'ECD_SAMPLE_000738', 'Likhitha Kumar', '2022-11-11', 'female', 205),
  (5738, 'ECD_SAMPLE_000739', 'Kiran Rao', '2025-01-21', 'male', 229),
  (5739, 'ECD_SAMPLE_000740', 'Mohan Sharma', '2022-04-06', 'male', 350),
  (5740, 'ECD_SAMPLE_000741', 'Sravani Babu', '2022-11-03', 'female', 210),
  (5741, 'ECD_SAMPLE_000742', 'Divya Prasad', '2023-02-23', 'female', 310),
  (5742, 'ECD_SAMPLE_000743', 'Charan Varma', '2021-01-17', 'male', 320),
  (5743, 'ECD_SAMPLE_000744', 'Tarun Chowdary', '2020-08-03', 'male', 305),
  (5744, 'ECD_SAMPLE_000745', 'Varun Raju', '2020-04-27', 'male', 292),
  (5745, 'ECD_SAMPLE_000746', 'Anusha Swamy', '2020-10-02', 'female', 259),
  (5746, 'ECD_SAMPLE_000747', 'Bhavani Gupta', '2022-11-04', 'female', 336),
  (5747, 'ECD_SAMPLE_000748', 'Aarav Patel', '2023-02-17', 'male', 240),
  (5748, 'ECD_SAMPLE_000749', 'Deepika Murthy', '2023-12-30', 'female', 203),
  (5749, 'ECD_SAMPLE_000750', 'Ishaan Goud', '2020-12-10', 'male', 235),
  (5750, 'ECD_SAMPLE_000751', 'Vivaan Reddy', '2022-08-01', 'male', 391),
  (5751, 'ECD_SAMPLE_000752', 'Kavya Naidu', '2023-09-26', 'female', 347),
  (5752, 'ECD_SAMPLE_000753', 'Arnav Kumar', '2022-04-21', 'male', 357),
  (5753, 'ECD_SAMPLE_000754', 'Kabir Rao', '2022-07-22', 'male', 275),
  (5754, 'ECD_SAMPLE_000755', 'Nandini Sharma', '2022-04-24', 'female', 335),
  (5755, 'ECD_SAMPLE_000756', 'Padma Babu', '2021-03-18', 'female', 200),
  (5756, 'ECD_SAMPLE_000757', 'Radhika Prasad', '2023-09-22', 'female', 202),
  (5757, 'ECD_SAMPLE_000758', 'Tanish Varma', '2024-06-17', 'male', 278),
  (5758, 'ECD_SAMPLE_000759', 'Akshara Chowdary', '2021-03-14', 'female', 387),
  (5759, 'ECD_SAMPLE_000760', 'Ananya Raju', '2022-10-18', 'female', 317),
  (5760, 'ECD_SAMPLE_000761', 'Diya Swamy', '2023-08-11', 'female', 244),
  (5761, 'ECD_SAMPLE_000762', 'Tejas Gupta', '2020-11-20', 'male', 252),
  (5762, 'ECD_SAMPLE_000763', 'Vikram Patel', '2023-01-20', 'male', 237),
  (5763, 'ECD_SAMPLE_000764', 'Rohit Murthy', '2020-10-23', 'male', 389),
  (5764, 'ECD_SAMPLE_000765', 'Ajay Goud', '2023-07-15', 'male', 226),
  (5765, 'ECD_SAMPLE_000766', 'Meghana Reddy', '2021-01-05', 'female', 233),
  (5766, 'ECD_SAMPLE_000767', 'Ramesh Naidu', '2024-02-16', 'male', 268),
  (5767, 'ECD_SAMPLE_000768', 'Pooja Kumar', '2022-03-18', 'female', 314),
  (5768, 'ECD_SAMPLE_000769', 'Naresh Rao', '2023-09-08', 'male', 292),
  (5769, 'ECD_SAMPLE_000770', 'Suresh Sharma', '2023-09-14', 'male', 255),
  (5770, 'ECD_SAMPLE_000771', 'Varsha Babu', '2023-01-07', 'female', 385),
  (5771, 'ECD_SAMPLE_000772', 'Anjali Prasad', '2022-02-04', 'female', 379),
  (5772, 'ECD_SAMPLE_000773', 'Manish Varma', '2024-07-07', 'male', 232),
  (5773, 'ECD_SAMPLE_000774', 'Durga Chowdary', '2020-06-25', 'female', 279),
  (5774, 'ECD_SAMPLE_000775', 'Esha Raju', '2024-05-21', 'female', 326),
  (5775, 'ECD_SAMPLE_000776', 'Manasa Swamy', '2024-11-27', 'female', 360),
  (5776, 'ECD_SAMPLE_000777', 'Neelima Gupta', '2020-03-03', 'female', 292),
  (5777, 'ECD_SAMPLE_000778', 'Jyothi Patel', '2022-09-13', 'female', 336),
  (5778, 'ECD_SAMPLE_000779', 'Likhitha Murthy', '2021-07-03', 'female', 325),
  (5779, 'ECD_SAMPLE_000780', 'Priya Goud', '2025-02-05', 'female', 217),
  (5780, 'ECD_SAMPLE_000781', 'Ganesh Reddy', '2024-09-17', 'male', 306),
  (5781, 'ECD_SAMPLE_000782', 'Sravani Naidu', '2025-05-22', 'female', 346),
  (5782, 'ECD_SAMPLE_000783', 'Mohan Kumar', '2021-05-31', 'male', 203),
  (5783, 'ECD_SAMPLE_000784', 'Keerthi Rao', '2020-01-08', 'female', 375),
  (5784, 'ECD_SAMPLE_000785', 'Mounika Sharma', '2024-04-07', 'female', 262),
  (5785, 'ECD_SAMPLE_000786', 'Swathi Babu', '2021-06-22', 'female', 219),
  (5786, 'ECD_SAMPLE_000787', 'Anusha Prasad', '2025-03-20', 'female', 215),
  (5787, 'ECD_SAMPLE_000788', 'Varun Varma', '2022-04-17', 'male', 270),
  (5788, 'ECD_SAMPLE_000789', 'Chandini Chowdary', '2021-10-19', 'female', 222),
  (5789, 'ECD_SAMPLE_000790', 'Deepika Raju', '2021-04-29', 'female', 224),
  (5790, 'ECD_SAMPLE_000791', 'Gayathri Swamy', '2022-03-22', 'female', 324),
  (5791, 'ECD_SAMPLE_000792', 'Dhruv Gupta', '2024-02-26', 'male', 348),
  (5792, 'ECD_SAMPLE_000793', 'Ishaan Patel', '2025-02-10', 'male', 381),
  (5793, 'ECD_SAMPLE_000794', 'Lavanya Murthy', '2021-01-18', 'female', 248),
  (5794, 'ECD_SAMPLE_000795', 'Aditya Goud', '2022-03-28', 'male', 374),
  (5795, 'ECD_SAMPLE_000796', 'Arnav Reddy', '2023-10-10', 'male', 322),
  (5796, 'ECD_SAMPLE_000797', 'Kabir Naidu', '2022-04-08', 'male', 324),
  (5797, 'ECD_SAMPLE_000798', 'Radhika Kumar', '2025-04-29', 'female', 252),
  (5798, 'ECD_SAMPLE_000799', 'Vihaan Rao', '2023-11-20', 'male', 329),
  (5799, 'ECD_SAMPLE_000800', 'Akshara Sharma', '2021-12-03', 'female', 368)
ON CONFLICT (id) DO NOTHING;

INSERT INTO children (id, child_unique_id, name, dob, gender, awc_id) VALUES
  (5800, 'ECD_SAMPLE_000801', 'Tanish Babu', '2023-06-26', 'male', 300),
  (5801, 'ECD_SAMPLE_000802', 'Rohan Prasad', '2025-05-03', 'male', 297),
  (5802, 'ECD_SAMPLE_000803', 'Yash Varma', '2020-04-13', 'male', 230),
  (5803, 'ECD_SAMPLE_000804', 'Anirudh Chowdary', '2022-06-26', 'male', 255),
  (5804, 'ECD_SAMPLE_000805', 'Tejas Raju', '2021-06-27', 'male', 286),
  (5805, 'ECD_SAMPLE_000806', 'Kamala Swamy', '2023-08-05', 'female', 336),
  (5806, 'ECD_SAMPLE_000807', 'Rohit Gupta', '2024-06-19', 'male', 395),
  (5807, 'ECD_SAMPLE_000808', 'Ajay Patel', '2022-05-21', 'male', 292),
  (5808, 'ECD_SAMPLE_000809', 'Vijay Murthy', '2022-09-20', 'male', 278),
  (5809, 'ECD_SAMPLE_000810', 'Sahiti Goud', '2024-05-04', 'female', 336),
  (5810, 'ECD_SAMPLE_000811', 'Satish Reddy', '2022-06-16', 'male', 211),
  (5811, 'ECD_SAMPLE_000812', 'Naresh Naidu', '2020-11-08', 'male', 285),
  (5812, 'ECD_SAMPLE_000813', 'Suresh Kumar', '2024-08-12', 'male', 315),
  (5813, 'ECD_SAMPLE_000814', 'Rajesh Rao', '2025-06-06', 'male', 279),
  (5814, 'ECD_SAMPLE_000815', 'Durga Sharma', '2022-09-18', 'female', 245),
  (5815, 'ECD_SAMPLE_000816', 'Esha Babu', '2024-04-03', 'female', 296),
  (5816, 'ECD_SAMPLE_000817', 'Nihal Prasad', '2020-06-15', 'male', 228),
  (5817, 'ECD_SAMPLE_000818', 'Arjun Varma', '2022-12-29', 'male', 226),
  (5818, 'ECD_SAMPLE_000819', 'Jyothi Chowdary', '2022-06-27', 'female', 232),
  (5819, 'ECD_SAMPLE_000820', 'Krishna Raju', '2022-08-16', 'male', 375),
  (5820, 'ECD_SAMPLE_000821', 'Priya Swamy', '2022-04-07', 'female', 205),
  (5821, 'ECD_SAMPLE_000822', 'Srinivas Gupta', '2020-09-14', 'male', 354),
  (5822, 'ECD_SAMPLE_000823', 'Mahesh Patel', '2024-03-10', 'male', 263),
  (5823, 'ECD_SAMPLE_000824', 'Divya Murthy', '2021-02-15', 'female', 235),
  (5824, 'ECD_SAMPLE_000825', 'Keerthi Goud', '2020-03-23', 'female', 214),
  (5825, 'ECD_SAMPLE_000826', 'Mohan Reddy', '2020-11-29', 'male', 234),
  (5826, 'ECD_SAMPLE_000827', 'Swathi Naidu', '2022-06-22', 'female', 285),
  (5827, 'ECD_SAMPLE_000828', 'Pavan Kumar', '2020-12-30', 'male', 324),
  (5828, 'ECD_SAMPLE_000829', 'Bhavani Rao', '2021-03-20', 'female', 274),
  (5829, 'ECD_SAMPLE_000830', 'Chandini Sharma', '2021-10-26', 'female', 359),
  (5830, 'ECD_SAMPLE_000831', 'Deepika Babu', '2023-01-06', 'female', 343),
  (5831, 'ECD_SAMPLE_000832', 'Gayathri Prasad', '2020-11-28', 'female', 354),
  (5832, 'ECD_SAMPLE_000833', 'Pranav Varma', '2022-06-05', 'male', 265),
  (5833, 'ECD_SAMPLE_000834', 'Aarav Chowdary', '2025-06-01', 'male', 299),
  (5834, 'ECD_SAMPLE_000835', 'Dhruv Raju', '2020-09-22', 'male', 291),
  (5835, 'ECD_SAMPLE_000836', 'Madhavi Swamy', '2024-03-31', 'female', 231),
  (5836, 'ECD_SAMPLE_000837', 'Nandini Gupta', '2024-02-06', 'female', 395),
  (5837, 'ECD_SAMPLE_000838', 'Padma Patel', '2024-06-13', 'female', 286),
  (5838, 'ECD_SAMPLE_000839', 'Radhika Murthy', '2020-04-11', 'female', 241),
  (5839, 'ECD_SAMPLE_000840', 'Kabir Goud', '2024-05-04', 'male', 294),
  (5840, 'ECD_SAMPLE_000841', 'Akshara Reddy', '2023-07-16', 'female', 266),
  (5841, 'ECD_SAMPLE_000842', 'Ananya Naidu', '2021-05-01', 'female', 321),
  (5842, 'ECD_SAMPLE_000843', 'Omkar Kumar', '2023-12-31', 'male', 300),
  (5843, 'ECD_SAMPLE_000844', 'Tanish Rao', '2025-05-14', 'male', 328),
  (5844, 'ECD_SAMPLE_000845', 'Rohan Sharma', '2021-10-04', 'male', 206),
  (5845, 'ECD_SAMPLE_000846', 'Yash Babu', '2022-02-15', 'male', 207),
  (5846, 'ECD_SAMPLE_000847', 'Anirudh Prasad', '2024-07-01', 'male', 260),
  (5847, 'ECD_SAMPLE_000848', 'Meghana Varma', '2020-09-27', 'female', 351),
  (5848, 'ECD_SAMPLE_000849', 'Vikram Chowdary', '2020-09-26', 'male', 394),
  (5849, 'ECD_SAMPLE_000850', 'Rohit Raju', '2020-04-22', 'male', 254),
  (5850, 'ECD_SAMPLE_000851', 'Ajay Swamy', '2021-05-09', 'male', 235),
  (5851, 'ECD_SAMPLE_000852', 'Tanvi Gupta', '2024-06-26', 'female', 389),
  (5852, 'ECD_SAMPLE_000853', 'Varsha Patel', '2024-06-23', 'female', 215),
  (5853, 'ECD_SAMPLE_000854', 'Anjali Murthy', '2023-09-21', 'female', 272),
  (5854, 'ECD_SAMPLE_000855', 'Naresh Goud', '2024-02-01', 'male', 202),
  (5855, 'ECD_SAMPLE_000856', 'Durga Reddy', '2020-10-19', 'female', 268),
  (5856, 'ECD_SAMPLE_000857', 'Esha Naidu', '2024-05-07', 'female', 325),
  (5857, 'ECD_SAMPLE_000858', 'Manasa Kumar', '2021-03-17', 'female', 345),
  (5858, 'ECD_SAMPLE_000859', 'Manish Rao', '2021-07-28', 'male', 258),
  (5859, 'ECD_SAMPLE_000860', 'Nihal Sharma', '2025-03-12', 'male', 382),
  (5860, 'ECD_SAMPLE_000861', 'Arjun Babu', '2022-12-27', 'male', 208),
  (5861, 'ECD_SAMPLE_000862', 'Ravi Prasad', '2024-07-29', 'male', 292),
  (5862, 'ECD_SAMPLE_000863', 'Krishna Varma', '2021-08-23', 'male', 373),
  (5863, 'ECD_SAMPLE_000864', 'Venkat Chowdary', '2020-01-08', 'male', 207),
  (5864, 'ECD_SAMPLE_000865', 'Divya Raju', '2021-10-05', 'female', 234),
  (5865, 'ECD_SAMPLE_000866', 'Keerthi Swamy', '2025-01-29', 'female', 395),
  (5866, 'ECD_SAMPLE_000867', 'Ganesh Gupta', '2021-01-31', 'male', 308),
  (5867, 'ECD_SAMPLE_000868', 'Swathi Patel', '2023-02-21', 'female', 353),
  (5868, 'ECD_SAMPLE_000869', 'Mohan Murthy', '2022-10-16', 'male', 332),
  (5869, 'ECD_SAMPLE_000870', 'Bhavani Goud', '2025-02-01', 'female', 287),
  (5870, 'ECD_SAMPLE_000871', 'Chandini Reddy', '2020-08-14', 'female', 331),
  (5871, 'ECD_SAMPLE_000872', 'Deepika Naidu', '2023-10-31', 'female', 366),
  (5872, 'ECD_SAMPLE_000873', 'Gayathri Kumar', '2022-05-24', 'female', 250),
  (5873, 'ECD_SAMPLE_000874', 'Harika Rao', '2022-02-02', 'female', 398),
  (5874, 'ECD_SAMPLE_000875', 'Sai Sharma', '2024-09-04', 'male', 365),
  (5875, 'ECD_SAMPLE_000876', 'Pranav Babu', '2023-11-13', 'male', 204),
  (5876, 'ECD_SAMPLE_000877', 'Aarav Prasad', '2024-08-16', 'male', 338),
  (5877, 'ECD_SAMPLE_000878', 'Dhruv Varma', '2024-02-14', 'male', 359),
  (5878, 'ECD_SAMPLE_000879', 'Padma Chowdary', '2021-03-31', 'female', 375),
  (5879, 'ECD_SAMPLE_000880', 'Vivaan Raju', '2022-12-29', 'male', 370),
  (5880, 'ECD_SAMPLE_000881', 'Sahasra Swamy', '2024-01-10', 'female', 262),
  (5881, 'ECD_SAMPLE_000882', 'Akshara Gupta', '2025-03-06', 'female', 340),
  (5882, 'ECD_SAMPLE_000883', 'Kabir Patel', '2024-04-05', 'male', 387),
  (5883, 'ECD_SAMPLE_000884', 'Shaurya Murthy', '2022-12-19', 'male', 352),
  (5884, 'ECD_SAMPLE_000885', 'Gowri Goud', '2020-09-19', 'female', 335),
  (5885, 'ECD_SAMPLE_000886', 'Omkar Reddy', '2023-01-03', 'male', 358),
  (5886, 'ECD_SAMPLE_000887', 'Tanish Naidu', '2025-06-06', 'male', 266),
  (5887, 'ECD_SAMPLE_000888', 'Kamala Kumar', '2020-11-26', 'female', 353),
  (5888, 'ECD_SAMPLE_000889', 'Meghana Rao', '2023-03-08', 'female', 328),
  (5889, 'ECD_SAMPLE_000890', 'Anirudh Sharma', '2025-01-07', 'male', 279),
  (5890, 'ECD_SAMPLE_000891', 'Tejas Babu', '2020-06-05', 'male', 290),
  (5891, 'ECD_SAMPLE_000892', 'Vikram Prasad', '2020-08-06', 'male', 308),
  (5892, 'ECD_SAMPLE_000893', 'Tanvi Varma', '2025-01-07', 'female', 376),
  (5893, 'ECD_SAMPLE_000894', 'Ajay Chowdary', '2024-08-10', 'male', 325),
  (5894, 'ECD_SAMPLE_000895', 'Anjali Raju', '2021-03-25', 'female', 249),
  (5895, 'ECD_SAMPLE_000896', 'Bhargavi Swamy', '2021-03-26', 'female', 396),
  (5896, 'ECD_SAMPLE_000897', 'Durga Gupta', '2023-10-06', 'female', 281),
  (5897, 'ECD_SAMPLE_000898', 'Esha Patel', '2022-11-24', 'female', 323),
  (5898, 'ECD_SAMPLE_000899', 'Manasa Murthy', '2022-03-03', 'female', 231),
  (5899, 'ECD_SAMPLE_000900', 'Neelima Goud', '2021-02-19', 'female', 298)
ON CONFLICT (id) DO NOTHING;

INSERT INTO children (id, child_unique_id, name, dob, gender, awc_id) VALUES
  (5900, 'ECD_SAMPLE_000901', 'Harish Reddy', '2023-01-14', 'male', 315),
  (5901, 'ECD_SAMPLE_000902', 'Manish Naidu', '2021-02-14', 'male', 336),
  (5902, 'ECD_SAMPLE_000903', 'Nihal Kumar', '2021-05-22', 'male', 374),
  (5903, 'ECD_SAMPLE_000904', 'Arjun Rao', '2023-06-25', 'male', 343),
  (5904, 'ECD_SAMPLE_000905', 'Sravani Sharma', '2020-01-03', 'female', 378),
  (5905, 'ECD_SAMPLE_000906', 'Krishna Babu', '2021-09-23', 'male', 359),
  (5906, 'ECD_SAMPLE_000907', 'Venkat Prasad', '2020-02-11', 'male', 210),
  (5907, 'ECD_SAMPLE_000908', 'Mounika Varma', '2024-11-27', 'female', 264),
  (5908, 'ECD_SAMPLE_000909', 'Mahesh Chowdary', '2021-04-10', 'male', 323),
  (5909, 'ECD_SAMPLE_000910', 'Anusha Raju', '2021-02-06', 'female', 324),
  (5910, 'ECD_SAMPLE_000911', 'Kiran Swamy', '2021-02-07', 'male', 285),
  (5911, 'ECD_SAMPLE_000912', 'Chandini Gupta', '2021-07-21', 'female', 322),
  (5912, 'ECD_SAMPLE_000913', 'Gopal Patel', '2022-07-24', 'male', 285),
  (5913, 'ECD_SAMPLE_000914', 'Pavan Murthy', '2025-04-04', 'male', 205),
  (5914, 'ECD_SAMPLE_000915', 'Harika Goud', '2021-08-20', 'female', 229),
  (5915, 'ECD_SAMPLE_000916', 'Kavya Reddy', '2021-01-06', 'female', 390),
  (5916, 'ECD_SAMPLE_000917', 'Varun Naidu', '2021-01-14', 'male', 228),
  (5917, 'ECD_SAMPLE_000918', 'Sai Kumar', '2024-02-27', 'male', 265),
  (5918, 'ECD_SAMPLE_000919', 'Pranav Rao', '2023-07-18', 'male', 366),
  (5919, 'ECD_SAMPLE_000920', 'Aarav Sharma', '2025-06-11', 'male', 381),
  (5920, 'ECD_SAMPLE_000921', 'Radhika Babu', '2022-12-25', 'female', 209),
  (5921, 'ECD_SAMPLE_000922', 'Ishaan Prasad', '2024-05-19', 'male', 242),
  (5922, 'ECD_SAMPLE_000923', 'Vivaan Varma', '2020-12-26', 'male', 382),
  (5923, 'ECD_SAMPLE_000924', 'Aditya Chowdary', '2023-05-25', 'male', 339),
  (5924, 'ECD_SAMPLE_000925', 'Arnav Raju', '2024-04-18', 'male', 350),
  (5925, 'ECD_SAMPLE_000926', 'Kabir Swamy', '2024-07-04', 'male', 311),
  (5926, 'ECD_SAMPLE_000927', 'Shaurya Gupta', '2021-10-14', 'male', 356),
  (5927, 'ECD_SAMPLE_000928', 'Indu Patel', '2022-10-19', 'female', 376),
  (5928, 'ECD_SAMPLE_000929', 'Omkar Murthy', '2024-04-06', 'male', 239),
  (5929, 'ECD_SAMPLE_000930', 'Tanish Goud', '2024-02-03', 'male', 324),
  (5930, 'ECD_SAMPLE_000931', 'Niharika Reddy', '2020-11-22', 'female', 234),
  (5931, 'ECD_SAMPLE_000932', 'Yash Naidu', '2022-03-24', 'male', 339),
  (5932, 'ECD_SAMPLE_000933', 'Anirudh Kumar', '2025-05-30', 'male', 210),
  (5933, 'ECD_SAMPLE_000934', 'Tanvi Rao', '2022-06-20', 'female', 394),
  (5934, 'ECD_SAMPLE_000935', 'Varsha Sharma', '2025-01-10', 'female', 212),
  (5935, 'ECD_SAMPLE_000936', 'Anjali Babu', '2024-07-10', 'female', 322),
  (5936, 'ECD_SAMPLE_000937', 'Bhargavi Prasad', '2021-05-19', 'female', 370),
  (5937, 'ECD_SAMPLE_000938', 'Vijay Varma', '2025-04-12', 'male', 374),
  (5938, 'ECD_SAMPLE_000939', 'Ramesh Chowdary', '2022-09-27', 'male', 284),
  (5939, 'ECD_SAMPLE_000940', 'Manasa Raju', '2022-12-24', 'female', 361),
  (5940, 'ECD_SAMPLE_000941', 'Naresh Swamy', '2024-11-06', 'male', 354),
  (5941, 'ECD_SAMPLE_000942', 'Jyothi Gupta', '2022-06-24', 'female', 269),
  (5942, 'ECD_SAMPLE_000943', 'Rajesh Patel', '2020-07-29', 'male', 249),
  (5943, 'ECD_SAMPLE_000944', 'Harish Murthy', '2024-10-14', 'male', 324),
  (5944, 'ECD_SAMPLE_000945', 'Lakshmi Goud', '2022-04-09', 'female', 226),
  (5945, 'ECD_SAMPLE_000946', 'Nihal Reddy', '2020-12-06', 'male', 379),
  (5946, 'ECD_SAMPLE_000947', 'Divya Naidu', '2020-07-08', 'female', 228),
  (5947, 'ECD_SAMPLE_000948', 'Ravi Kumar', '2024-05-29', 'male', 258),
  (5948, 'ECD_SAMPLE_000949', 'Krishna Rao', '2022-04-21', 'male', 336),
  (5949, 'ECD_SAMPLE_000950', 'Venkat Sharma', '2023-09-01', 'male', 273),
  (5950, 'ECD_SAMPLE_000951', 'Srinivas Babu', '2022-09-14', 'male', 307),
  (5951, 'ECD_SAMPLE_000952', 'Mahesh Prasad', '2022-11-18', 'male', 387),
  (5952, 'ECD_SAMPLE_000953', 'Chandini Varma', '2023-02-21', 'female', 234),
  (5953, 'ECD_SAMPLE_000954', 'Deepika Chowdary', '2024-08-16', 'female', 312),
  (5954, 'ECD_SAMPLE_000955', 'Gayathri Raju', '2022-12-20', 'female', 369),
  (5955, 'ECD_SAMPLE_000956', 'Gopal Swamy', '2024-06-28', 'male', 277),
  (5956, 'ECD_SAMPLE_000957', 'Kavya Gupta', '2020-07-06', 'female', 282),
  (5957, 'ECD_SAMPLE_000958', 'Charan Patel', '2022-10-18', 'male', 260),
  (5958, 'ECD_SAMPLE_000959', 'Madhavi Murthy', '2021-02-01', 'female', 263),
  (5959, 'ECD_SAMPLE_000960', 'Nandini Goud', '2024-11-22', 'female', 324),
  (5960, 'ECD_SAMPLE_000961', 'Sai Reddy', '2025-04-30', 'male', 361),
  (5961, 'ECD_SAMPLE_000962', 'Pranav Naidu', '2022-02-01', 'male', 374),
  (5962, 'ECD_SAMPLE_000963', 'Sahasra Kumar', '2021-04-18', 'female', 319),
  (5963, 'ECD_SAMPLE_000964', 'Akshara Rao', '2025-03-22', 'female', 370),
  (5964, 'ECD_SAMPLE_000965', 'Ananya Sharma', '2021-01-30', 'female', 288),
  (5965, 'ECD_SAMPLE_000966', 'Vivaan Babu', '2021-05-16', 'male', 251),
  (5966, 'ECD_SAMPLE_000967', 'Gowri Prasad', '2021-09-10', 'female', 365),
  (5967, 'ECD_SAMPLE_000968', 'Himaja Varma', '2021-05-21', 'female', 272),
  (5968, 'ECD_SAMPLE_000969', 'Kabir Chowdary', '2024-04-26', 'male', 308),
  (5969, 'ECD_SAMPLE_000970', 'Shaurya Raju', '2020-12-21', 'male', 310),
  (5970, 'ECD_SAMPLE_000971', 'Meghana Swamy', '2021-06-22', 'female', 264),
  (5971, 'ECD_SAMPLE_000972', 'Niharika Gupta', '2021-05-28', 'female', 265),
  (5972, 'ECD_SAMPLE_000973', 'Pooja Patel', '2024-01-12', 'female', 377),
  (5973, 'ECD_SAMPLE_000974', 'Sahiti Murthy', '2024-12-02', 'female', 254),
  (5974, 'ECD_SAMPLE_000975', 'Yash Goud', '2022-12-30', 'male', 382),
  (5975, 'ECD_SAMPLE_000976', 'Anirudh Reddy', '2021-08-01', 'male', 204),
  (5976, 'ECD_SAMPLE_000977', 'Anjali Naidu', '2024-08-08', 'female', 305),
  (5977, 'ECD_SAMPLE_000978', 'Vikram Kumar', '2022-02-13', 'male', 316),
  (5978, 'ECD_SAMPLE_000979', 'Durga Rao', '2020-01-23', 'female', 245),
  (5979, 'ECD_SAMPLE_000980', 'Esha Sharma', '2020-02-09', 'female', 325),
  (5980, 'ECD_SAMPLE_000981', 'Vijay Babu', '2020-09-21', 'male', 391),
  (5981, 'ECD_SAMPLE_000982', 'Ramesh Prasad', '2023-06-24', 'male', 361),
  (5982, 'ECD_SAMPLE_000983', 'Jyothi Varma', '2021-05-05', 'female', 319),
  (5983, 'ECD_SAMPLE_000984', 'Likhitha Chowdary', '2023-04-06', 'female', 323),
  (5984, 'ECD_SAMPLE_000985', 'Priya Raju', '2021-03-28', 'female', 232),
  (5985, 'ECD_SAMPLE_000986', 'Lakshmi Swamy', '2021-10-16', 'female', 382),
  (5986, 'ECD_SAMPLE_000987', 'Sravani Gupta', '2021-08-19', 'female', 301),
  (5987, 'ECD_SAMPLE_000988', 'Divya Patel', '2020-10-16', 'female', 327),
  (5988, 'ECD_SAMPLE_000989', 'Keerthi Murthy', '2023-11-09', 'female', 331),
  (5989, 'ECD_SAMPLE_000990', 'Arjun Goud', '2021-10-24', 'male', 274),
  (5990, 'ECD_SAMPLE_000991', 'Ravi Reddy', '2022-08-30', 'male', 228),
  (5991, 'ECD_SAMPLE_000992', 'Krishna Naidu', '2023-05-07', 'male', 326),
  (5992, 'ECD_SAMPLE_000993', 'Bhavani Kumar', '2024-05-14', 'female', 205),
  (5993, 'ECD_SAMPLE_000994', 'Srinivas Rao', '2023-05-22', 'male', 317),
  (5994, 'ECD_SAMPLE_000995', 'Deepika Sharma', '2023-02-19', 'female', 271),
  (5995, 'ECD_SAMPLE_000996', 'Ganesh Babu', '2024-09-29', 'male', 238),
  (5996, 'ECD_SAMPLE_000997', 'Kiran Prasad', '2022-04-15', 'male', 356),
  (5997, 'ECD_SAMPLE_000998', 'Mohan Varma', '2020-03-01', 'male', 380),
  (5998, 'ECD_SAMPLE_000999', 'Lavanya Chowdary', '2023-09-28', 'female', 241),
  (5999, 'ECD_SAMPLE_001000', 'Pavan Raju', '2022-06-01', 'male', 382)
ON CONFLICT (id) DO NOTHING;

