-- ============================================================
-- ECD Sample Dataset Import (4 Districts)
-- Generated from ECD_sample_data_sets.xlsx
-- Creates a SEPARATE hierarchy (does NOT modify existing data)
-- ============================================================

-- 0a. ENSURE datasets table exists
CREATE TABLE IF NOT EXISTS datasets (
  id serial PRIMARY KEY,
  name text NOT NULL,
  name_te text,
  project_id int REFERENCES projects(id),
  district_id int REFERENCES districts(id),
  state_id int REFERENCES states(id),
  is_default boolean DEFAULT false,
  district_ids int[] DEFAULT NULL,
  created_at timestamptz DEFAULT now()
);

-- 0b. CLEANUP: remove previous ECD sample data
--     Each DELETE is independent so one failure doesn't block others.

DO $$ BEGIN DELETE FROM environment_assessments WHERE id BETWEEN 10001 AND 11100; EXCEPTION WHEN OTHERS THEN NULL; END $$;
DO $$ BEGIN DELETE FROM nutrition_assessments    WHERE id BETWEEN 10001 AND 11100; EXCEPTION WHEN OTHERS THEN NULL; END $$;
DO $$ BEGIN DELETE FROM intervention_followups   WHERE id BETWEEN 10001 AND 11100; EXCEPTION WHEN OTHERS THEN NULL; END $$;
DO $$ BEGIN DELETE FROM referrals                WHERE id BETWEEN 10001 AND 11100; EXCEPTION WHEN OTHERS THEN NULL; END $$;
DO $$ BEGIN DELETE FROM screening_results        WHERE id BETWEEN 10000 AND 11100; EXCEPTION WHEN OTHERS THEN NULL; END $$;
DO $$ BEGIN DELETE FROM screening_sessions       WHERE id BETWEEN 10000 AND 11100; EXCEPTION WHEN OTHERS THEN NULL; END $$;

-- Cleanup by child_id range (catches any straggler rows)
DO $$ BEGIN DELETE FROM screening_results  WHERE session_id IN (SELECT id FROM screening_sessions WHERE child_id BETWEEN 5000 AND 6100); EXCEPTION WHEN OTHERS THEN NULL; END $$;
DO $$ BEGIN DELETE FROM screening_sessions WHERE child_id BETWEEN 5000 AND 6100; EXCEPTION WHEN OTHERS THEN NULL; END $$;
DO $$ BEGIN DELETE FROM referrals          WHERE child_id BETWEEN 5000 AND 6100; EXCEPTION WHEN OTHERS THEN NULL; END $$;

DO $$ BEGIN DELETE FROM children WHERE id BETWEEN 5000 AND 6100; EXCEPTION WHEN OTHERS THEN NULL; END $$;

-- Cleanup by child_unique_id pattern (catches rows from previous imports with different IDs)
DO $$ BEGIN DELETE FROM screening_results  WHERE session_id IN (SELECT ss.id FROM screening_sessions ss JOIN children c ON ss.child_id = c.id WHERE c.child_unique_id LIKE 'AP_ECD_%'); EXCEPTION WHEN OTHERS THEN NULL; END $$;
DO $$ BEGIN DELETE FROM screening_sessions WHERE child_id IN (SELECT id FROM children WHERE child_unique_id LIKE 'AP_ECD_%'); EXCEPTION WHEN OTHERS THEN NULL; END $$;
DO $$ BEGIN DELETE FROM referrals          WHERE child_id IN (SELECT id FROM children WHERE child_unique_id LIKE 'AP_ECD_%'); EXCEPTION WHEN OTHERS THEN NULL; END $$;
DO $$ BEGIN DELETE FROM intervention_followups WHERE child_id IN (SELECT id FROM children WHERE child_unique_id LIKE 'AP_ECD_%'); EXCEPTION WHEN OTHERS THEN NULL; END $$;
DO $$ BEGIN DELETE FROM nutrition_assessments  WHERE child_id IN (SELECT id FROM children WHERE child_unique_id LIKE 'AP_ECD_%'); EXCEPTION WHEN OTHERS THEN NULL; END $$;
DO $$ BEGIN DELETE FROM environment_assessments WHERE child_id IN (SELECT id FROM children WHERE child_unique_id LIKE 'AP_ECD_%'); EXCEPTION WHEN OTHERS THEN NULL; END $$;
DO $$ BEGIN DELETE FROM children WHERE child_unique_id LIKE 'AP_ECD_%'; EXCEPTION WHEN OTHERS THEN NULL; END $$;

DO $$ BEGIN DELETE FROM anganwadi_centres WHERE id BETWEEN 300 AND 1208; EXCEPTION WHEN OTHERS THEN NULL; END $$;
DO $$ BEGIN DELETE FROM anganwadi_centres WHERE id BETWEEN 200 AND 398; EXCEPTION WHEN OTHERS THEN NULL; END $$;
DO $$ BEGIN DELETE FROM sectors           WHERE id BETWEEN 200 AND 221; EXCEPTION WHEN OTHERS THEN NULL; END $$;
DO $$ BEGIN DELETE FROM projects          WHERE id BETWEEN 200 AND 213; EXCEPTION WHEN OTHERS THEN NULL; END $$;
DO $$ BEGIN DELETE FROM districts         WHERE id BETWEEN 200 AND 213; EXCEPTION WHEN OTHERS THEN NULL; END $$;
DO $$ BEGIN DELETE FROM datasets          WHERE id = 2; EXCEPTION WHEN OTHERS THEN NULL; END $$;

-- 1. HIERARCHY: State (reuse AP), 4 Districts, 4 Projects, 12 Sectors, AWCs

INSERT INTO districts (id, state_id, name, code) VALUES
  (200, 1, 'Chittoor', 'ECD_CHITTOOR'),
  (201, 1, 'Eluru', 'ECD_ELURU'),
  (202, 1, 'Guntur', 'ECD_GUNTUR'),
  (203, 1, 'Visakhapatnam', 'ECD_VISAKHAPATNAM')
ON CONFLICT (id) DO UPDATE SET name = EXCLUDED.name, code = EXCLUDED.code;

INSERT INTO projects (id, district_id, name, code) VALUES
  (200, 200, 'ECD Chittoor', 'ECD_P_CHITTOOR'),
  (201, 201, 'ECD Eluru', 'ECD_P_ELURU'),
  (202, 202, 'ECD Guntur', 'ECD_P_GUNTUR'),
  (203, 203, 'ECD Visakhapatnam', 'ECD_P_VISAKHAPATNAM')
ON CONFLICT (id) DO UPDATE SET name = EXCLUDED.name, district_id = EXCLUDED.district_id;

INSERT INTO sectors (id, project_id, name, code) VALUES
  (200, 200, 'Mandal_A', 'ECD_S_CHI_A'),
  (201, 200, 'Mandal_B', 'ECD_S_CHI_B'),
  (202, 200, 'Mandal_C', 'ECD_S_CHI_C'),
  (203, 201, 'Mandal_A', 'ECD_S_ELU_A'),
  (204, 201, 'Mandal_B', 'ECD_S_ELU_B'),
  (205, 201, 'Mandal_C', 'ECD_S_ELU_C'),
  (206, 202, 'Mandal_A', 'ECD_S_GUN_A'),
  (207, 202, 'Mandal_B', 'ECD_S_GUN_B'),
  (208, 202, 'Mandal_C', 'ECD_S_GUN_C'),
  (209, 203, 'Mandal_A', 'ECD_S_VIS_A'),
  (210, 203, 'Mandal_B', 'ECD_S_VIS_B'),
  (211, 203, 'Mandal_C', 'ECD_S_VIS_C')
ON CONFLICT (id) DO UPDATE SET name = EXCLUDED.name, project_id = EXCLUDED.project_id;

INSERT INTO anganwadi_centres (id, sector_id, centre_code, name, address) VALUES
  (350, 200, 'ECD_CHI_A_1007', 'ECD AWC-1007', 'Mandal_A, Chittoor'),
  (915, 200, 'ECD_CHI_A_1017', 'ECD AWC-1017', 'Mandal_A, Chittoor'),
  (423, 200, 'ECD_CHI_A_1021', 'ECD AWC-1021', 'Mandal_A, Chittoor'),
  (326, 200, 'ECD_CHI_A_1025', 'ECD AWC-1025', 'Mandal_A, Chittoor'),
  (764, 200, 'ECD_CHI_A_1026', 'ECD AWC-1026', 'Mandal_A, Chittoor'),
  (1047, 200, 'ECD_CHI_A_1028', 'ECD AWC-1028', 'Mandal_A, Chittoor'),
  (547, 200, 'ECD_CHI_A_1029', 'ECD AWC-1029', 'Mandal_A, Chittoor'),
  (709, 200, 'ECD_CHI_A_1032', 'ECD AWC-1032', 'Mandal_A, Chittoor'),
  (353, 200, 'ECD_CHI_A_1034', 'ECD AWC-1034', 'Mandal_A, Chittoor'),
  (648, 200, 'ECD_CHI_A_1035', 'ECD AWC-1035', 'Mandal_A, Chittoor'),
  (782, 200, 'ECD_CHI_A_1036', 'ECD AWC-1036', 'Mandal_A, Chittoor'),
  (837, 200, 'ECD_CHI_A_1037', 'ECD AWC-1037', 'Mandal_A, Chittoor'),
  (504, 200, 'ECD_CHI_A_1038', 'ECD AWC-1038', 'Mandal_A, Chittoor'),
  (536, 200, 'ECD_CHI_A_1040', 'ECD AWC-1040', 'Mandal_A, Chittoor'),
  (1108, 200, 'ECD_CHI_A_1041', 'ECD AWC-1041', 'Mandal_A, Chittoor'),
  (786, 200, 'ECD_CHI_A_1043', 'ECD AWC-1043', 'Mandal_A, Chittoor'),
  (978, 200, 'ECD_CHI_A_1045', 'ECD AWC-1045', 'Mandal_A, Chittoor'),
  (714, 200, 'ECD_CHI_A_1047', 'ECD AWC-1047', 'Mandal_A, Chittoor'),
  (311, 200, 'ECD_CHI_A_1049', 'ECD AWC-1049', 'Mandal_A, Chittoor'),
  (623, 200, 'ECD_CHI_A_1053', 'ECD AWC-1053', 'Mandal_A, Chittoor'),
  (358, 200, 'ECD_CHI_A_1054', 'ECD AWC-1054', 'Mandal_A, Chittoor'),
  (325, 200, 'ECD_CHI_A_1055', 'ECD AWC-1055', 'Mandal_A, Chittoor'),
  (366, 200, 'ECD_CHI_A_1060', 'ECD AWC-1060', 'Mandal_A, Chittoor'),
  (869, 200, 'ECD_CHI_A_1061', 'ECD AWC-1061', 'Mandal_A, Chittoor'),
  (457, 200, 'ECD_CHI_A_1062', 'ECD AWC-1062', 'Mandal_A, Chittoor'),
  (1078, 200, 'ECD_CHI_A_1063', 'ECD AWC-1063', 'Mandal_A, Chittoor'),
  (779, 200, 'ECD_CHI_A_1064', 'ECD AWC-1064', 'Mandal_A, Chittoor'),
  (890, 200, 'ECD_CHI_A_1066', 'ECD AWC-1066', 'Mandal_A, Chittoor'),
  (611, 200, 'ECD_CHI_A_1067', 'ECD AWC-1067', 'Mandal_A, Chittoor'),
  (567, 200, 'ECD_CHI_A_1070', 'ECD AWC-1070', 'Mandal_A, Chittoor'),
  (465, 200, 'ECD_CHI_A_1071', 'ECD AWC-1071', 'Mandal_A, Chittoor'),
  (1085, 200, 'ECD_CHI_A_1072', 'ECD AWC-1072', 'Mandal_A, Chittoor'),
  (797, 200, 'ECD_CHI_A_1075', 'ECD AWC-1075', 'Mandal_A, Chittoor'),
  (742, 200, 'ECD_CHI_A_1078', 'ECD AWC-1078', 'Mandal_A, Chittoor'),
  (768, 200, 'ECD_CHI_A_1079', 'ECD AWC-1079', 'Mandal_A, Chittoor'),
  (897, 200, 'ECD_CHI_A_1081', 'ECD AWC-1081', 'Mandal_A, Chittoor'),
  (816, 200, 'ECD_CHI_A_1083', 'ECD AWC-1083', 'Mandal_A, Chittoor'),
  (1063, 200, 'ECD_CHI_A_1084', 'ECD AWC-1084', 'Mandal_A, Chittoor'),
  (826, 200, 'ECD_CHI_A_1087', 'ECD AWC-1087', 'Mandal_A, Chittoor'),
  (950, 200, 'ECD_CHI_A_1092', 'ECD AWC-1092', 'Mandal_A, Chittoor'),
  (654, 200, 'ECD_CHI_A_1094', 'ECD AWC-1094', 'Mandal_A, Chittoor'),
  (494, 200, 'ECD_CHI_A_1105', 'ECD AWC-1105', 'Mandal_A, Chittoor'),
  (1054, 200, 'ECD_CHI_A_1111', 'ECD AWC-1111', 'Mandal_A, Chittoor'),
  (902, 200, 'ECD_CHI_A_1115', 'ECD AWC-1115', 'Mandal_A, Chittoor'),
  (433, 200, 'ECD_CHI_A_1116', 'ECD AWC-1116', 'Mandal_A, Chittoor'),
  (568, 200, 'ECD_CHI_A_1117', 'ECD AWC-1117', 'Mandal_A, Chittoor'),
  (627, 200, 'ECD_CHI_A_1121', 'ECD AWC-1121', 'Mandal_A, Chittoor'),
  (951, 200, 'ECD_CHI_A_1125', 'ECD AWC-1125', 'Mandal_A, Chittoor'),
  (368, 200, 'ECD_CHI_A_1131', 'ECD AWC-1131', 'Mandal_A, Chittoor'),
  (552, 200, 'ECD_CHI_A_1136', 'ECD AWC-1136', 'Mandal_A, Chittoor'),
  (319, 200, 'ECD_CHI_A_1137', 'ECD AWC-1137', 'Mandal_A, Chittoor'),
  (592, 200, 'ECD_CHI_A_1140', 'ECD AWC-1140', 'Mandal_A, Chittoor'),
  (498, 200, 'ECD_CHI_A_1141', 'ECD AWC-1141', 'Mandal_A, Chittoor'),
  (812, 200, 'ECD_CHI_A_1145', 'ECD AWC-1145', 'Mandal_A, Chittoor'),
  (546, 200, 'ECD_CHI_A_1147', 'ECD AWC-1147', 'Mandal_A, Chittoor'),
  (640, 200, 'ECD_CHI_A_1149', 'ECD AWC-1149', 'Mandal_A, Chittoor'),
  (998, 200, 'ECD_CHI_A_1151', 'ECD AWC-1151', 'Mandal_A, Chittoor'),
  (651, 200, 'ECD_CHI_A_1152', 'ECD AWC-1152', 'Mandal_A, Chittoor'),
  (554, 200, 'ECD_CHI_A_1160', 'ECD AWC-1160', 'Mandal_A, Chittoor'),
  (436, 200, 'ECD_CHI_A_1168', 'ECD AWC-1168', 'Mandal_A, Chittoor'),
  (468, 200, 'ECD_CHI_A_1169', 'ECD AWC-1169', 'Mandal_A, Chittoor'),
  (410, 200, 'ECD_CHI_A_1173', 'ECD AWC-1173', 'Mandal_A, Chittoor'),
  (1039, 200, 'ECD_CHI_A_1174', 'ECD AWC-1174', 'Mandal_A, Chittoor'),
  (1031, 200, 'ECD_CHI_A_1176', 'ECD AWC-1176', 'Mandal_A, Chittoor'),
  (357, 200, 'ECD_CHI_A_1178', 'ECD AWC-1178', 'Mandal_A, Chittoor'),
  (539, 200, 'ECD_CHI_A_1181', 'ECD AWC-1181', 'Mandal_A, Chittoor'),
  (503, 200, 'ECD_CHI_A_1190', 'ECD AWC-1190', 'Mandal_A, Chittoor'),
  (818, 200, 'ECD_CHI_A_1193', 'ECD AWC-1193', 'Mandal_A, Chittoor'),
  (440, 200, 'ECD_CHI_A_1194', 'ECD AWC-1194', 'Mandal_A, Chittoor'),
  (973, 200, 'ECD_CHI_A_1196', 'ECD AWC-1196', 'Mandal_A, Chittoor'),
  (1033, 200, 'ECD_CHI_A_1197', 'ECD AWC-1197', 'Mandal_A, Chittoor'),
  (1017, 200, 'ECD_CHI_A_1199', 'ECD AWC-1199', 'Mandal_A, Chittoor'),
  (300, 201, 'ECD_CHI_B_1001', 'ECD AWC-1001', 'Mandal_B, Chittoor'),
  (495, 201, 'ECD_CHI_B_1005', 'ECD AWC-1005', 'Mandal_B, Chittoor'),
  (392, 201, 'ECD_CHI_B_1008', 'ECD AWC-1008', 'Mandal_B, Chittoor'),
  (613, 201, 'ECD_CHI_B_1010', 'ECD AWC-1010', 'Mandal_B, Chittoor'),
  (414, 201, 'ECD_CHI_B_1014', 'ECD AWC-1014', 'Mandal_B, Chittoor'),
  (876, 201, 'ECD_CHI_B_1021', 'ECD AWC-1021', 'Mandal_B, Chittoor'),
  (961, 201, 'ECD_CHI_B_1022', 'ECD AWC-1022', 'Mandal_B, Chittoor'),
  (664, 201, 'ECD_CHI_B_1025', 'ECD AWC-1025', 'Mandal_B, Chittoor'),
  (1103, 201, 'ECD_CHI_B_1028', 'ECD AWC-1028', 'Mandal_B, Chittoor'),
  (735, 201, 'ECD_CHI_B_1040', 'ECD AWC-1040', 'Mandal_B, Chittoor'),
  (684, 201, 'ECD_CHI_B_1042', 'ECD AWC-1042', 'Mandal_B, Chittoor'),
  (710, 201, 'ECD_CHI_B_1043', 'ECD AWC-1043', 'Mandal_B, Chittoor'),
  (965, 201, 'ECD_CHI_B_1048', 'ECD AWC-1048', 'Mandal_B, Chittoor'),
  (471, 201, 'ECD_CHI_B_1049', 'ECD AWC-1049', 'Mandal_B, Chittoor'),
  (469, 201, 'ECD_CHI_B_1052', 'ECD AWC-1052', 'Mandal_B, Chittoor'),
  (562, 201, 'ECD_CHI_B_1058', 'ECD AWC-1058', 'Mandal_B, Chittoor'),
  (926, 201, 'ECD_CHI_B_1059', 'ECD AWC-1059', 'Mandal_B, Chittoor'),
  (1077, 201, 'ECD_CHI_B_1060', 'ECD AWC-1060', 'Mandal_B, Chittoor'),
  (400, 201, 'ECD_CHI_B_1063', 'ECD AWC-1063', 'Mandal_B, Chittoor'),
  (713, 201, 'ECD_CHI_B_1064', 'ECD AWC-1064', 'Mandal_B, Chittoor'),
  (960, 201, 'ECD_CHI_B_1070', 'ECD AWC-1070', 'Mandal_B, Chittoor'),
  (566, 201, 'ECD_CHI_B_1072', 'ECD AWC-1072', 'Mandal_B, Chittoor'),
  (1102, 201, 'ECD_CHI_B_1074', 'ECD AWC-1074', 'Mandal_B, Chittoor'),
  (661, 201, 'ECD_CHI_B_1076', 'ECD AWC-1076', 'Mandal_B, Chittoor'),
  (528, 201, 'ECD_CHI_B_1078', 'ECD AWC-1078', 'Mandal_B, Chittoor'),
  (356, 201, 'ECD_CHI_B_1082', 'ECD AWC-1082', 'Mandal_B, Chittoor'),
  (477, 201, 'ECD_CHI_B_1084', 'ECD AWC-1084', 'Mandal_B, Chittoor'),
  (976, 201, 'ECD_CHI_B_1085', 'ECD AWC-1085', 'Mandal_B, Chittoor'),
  (858, 201, 'ECD_CHI_B_1086', 'ECD AWC-1086', 'Mandal_B, Chittoor'),
  (792, 201, 'ECD_CHI_B_1096', 'ECD AWC-1096', 'Mandal_B, Chittoor'),
  (969, 201, 'ECD_CHI_B_1097', 'ECD AWC-1097', 'Mandal_B, Chittoor'),
  (1036, 201, 'ECD_CHI_B_1098', 'ECD AWC-1098', 'Mandal_B, Chittoor'),
  (490, 201, 'ECD_CHI_B_1102', 'ECD AWC-1102', 'Mandal_B, Chittoor'),
  (600, 201, 'ECD_CHI_B_1105', 'ECD AWC-1105', 'Mandal_B, Chittoor'),
  (309, 201, 'ECD_CHI_B_1106', 'ECD AWC-1106', 'Mandal_B, Chittoor'),
  (899, 201, 'ECD_CHI_B_1115', 'ECD AWC-1115', 'Mandal_B, Chittoor'),
  (453, 201, 'ECD_CHI_B_1119', 'ECD AWC-1119', 'Mandal_B, Chittoor'),
  (743, 201, 'ECD_CHI_B_1120', 'ECD AWC-1120', 'Mandal_B, Chittoor'),
  (675, 201, 'ECD_CHI_B_1121', 'ECD AWC-1121', 'Mandal_B, Chittoor'),
  (1044, 201, 'ECD_CHI_B_1122', 'ECD AWC-1122', 'Mandal_B, Chittoor'),
  (588, 201, 'ECD_CHI_B_1123', 'ECD AWC-1123', 'Mandal_B, Chittoor'),
  (517, 201, 'ECD_CHI_B_1124', 'ECD AWC-1124', 'Mandal_B, Chittoor'),
  (360, 201, 'ECD_CHI_B_1125', 'ECD AWC-1125', 'Mandal_B, Chittoor'),
  (466, 201, 'ECD_CHI_B_1128', 'ECD AWC-1128', 'Mandal_B, Chittoor'),
  (686, 201, 'ECD_CHI_B_1130', 'ECD AWC-1130', 'Mandal_B, Chittoor'),
  (419, 201, 'ECD_CHI_B_1132', 'ECD AWC-1132', 'Mandal_B, Chittoor'),
  (604, 201, 'ECD_CHI_B_1133', 'ECD AWC-1133', 'Mandal_B, Chittoor'),
  (655, 201, 'ECD_CHI_B_1147', 'ECD AWC-1147', 'Mandal_B, Chittoor'),
  (614, 201, 'ECD_CHI_B_1150', 'ECD AWC-1150', 'Mandal_B, Chittoor'),
  (898, 201, 'ECD_CHI_B_1151', 'ECD AWC-1151', 'Mandal_B, Chittoor'),
  (808, 201, 'ECD_CHI_B_1153', 'ECD AWC-1153', 'Mandal_B, Chittoor'),
  (669, 201, 'ECD_CHI_B_1154', 'ECD AWC-1154', 'Mandal_B, Chittoor'),
  (663, 201, 'ECD_CHI_B_1156', 'ECD AWC-1156', 'Mandal_B, Chittoor'),
  (446, 201, 'ECD_CHI_B_1158', 'ECD AWC-1158', 'Mandal_B, Chittoor'),
  (445, 201, 'ECD_CHI_B_1160', 'ECD AWC-1160', 'Mandal_B, Chittoor'),
  (487, 201, 'ECD_CHI_B_1161', 'ECD AWC-1161', 'Mandal_B, Chittoor'),
  (397, 201, 'ECD_CHI_B_1162', 'ECD AWC-1162', 'Mandal_B, Chittoor'),
  (690, 201, 'ECD_CHI_B_1163', 'ECD AWC-1163', 'Mandal_B, Chittoor'),
  (799, 201, 'ECD_CHI_B_1165', 'ECD AWC-1165', 'Mandal_B, Chittoor'),
  (1062, 201, 'ECD_CHI_B_1170', 'ECD AWC-1170', 'Mandal_B, Chittoor'),
  (496, 201, 'ECD_CHI_B_1171', 'ECD AWC-1171', 'Mandal_B, Chittoor'),
  (583, 201, 'ECD_CHI_B_1173', 'ECD AWC-1173', 'Mandal_B, Chittoor'),
  (1090, 201, 'ECD_CHI_B_1182', 'ECD AWC-1182', 'Mandal_B, Chittoor'),
  (866, 201, 'ECD_CHI_B_1183', 'ECD AWC-1183', 'Mandal_B, Chittoor'),
  (513, 201, 'ECD_CHI_B_1195', 'ECD AWC-1195', 'Mandal_B, Chittoor'),
  (673, 201, 'ECD_CHI_B_1199', 'ECD AWC-1199', 'Mandal_B, Chittoor'),
  (1002, 202, 'ECD_CHI_C_1002', 'ECD AWC-1002', 'Mandal_C, Chittoor'),
  (955, 202, 'ECD_CHI_C_1003', 'ECD AWC-1003', 'Mandal_C, Chittoor'),
  (842, 202, 'ECD_CHI_C_1009', 'ECD AWC-1009', 'Mandal_C, Chittoor'),
  (820, 202, 'ECD_CHI_C_1012', 'ECD AWC-1012', 'Mandal_C, Chittoor'),
  (532, 202, 'ECD_CHI_C_1013', 'ECD AWC-1013', 'Mandal_C, Chittoor'),
  (958, 202, 'ECD_CHI_C_1019', 'ECD AWC-1019', 'Mandal_C, Chittoor'),
  (819, 202, 'ECD_CHI_C_1022', 'ECD AWC-1022', 'Mandal_C, Chittoor'),
  (970, 202, 'ECD_CHI_C_1030', 'ECD AWC-1030', 'Mandal_C, Chittoor'),
  (771, 202, 'ECD_CHI_C_1031', 'ECD AWC-1031', 'Mandal_C, Chittoor'),
  (531, 202, 'ECD_CHI_C_1037', 'ECD AWC-1037', 'Mandal_C, Chittoor'),
  (761, 202, 'ECD_CHI_C_1042', 'ECD AWC-1042', 'Mandal_C, Chittoor'),
  (937, 202, 'ECD_CHI_C_1044', 'ECD AWC-1044', 'Mandal_C, Chittoor'),
  (780, 202, 'ECD_CHI_C_1046', 'ECD AWC-1046', 'Mandal_C, Chittoor'),
  (712, 202, 'ECD_CHI_C_1050', 'ECD AWC-1050', 'Mandal_C, Chittoor'),
  (672, 202, 'ECD_CHI_C_1051', 'ECD AWC-1051', 'Mandal_C, Chittoor'),
  (967, 202, 'ECD_CHI_C_1052', 'ECD AWC-1052', 'Mandal_C, Chittoor'),
  (990, 202, 'ECD_CHI_C_1065', 'ECD AWC-1065', 'Mandal_C, Chittoor'),
  (775, 202, 'ECD_CHI_C_1069', 'ECD AWC-1069', 'Mandal_C, Chittoor'),
  (660, 202, 'ECD_CHI_C_1073', 'ECD AWC-1073', 'Mandal_C, Chittoor'),
  (947, 202, 'ECD_CHI_C_1079', 'ECD AWC-1079', 'Mandal_C, Chittoor'),
  (346, 202, 'ECD_CHI_C_1089', 'ECD AWC-1089', 'Mandal_C, Chittoor'),
  (979, 202, 'ECD_CHI_C_1096', 'ECD AWC-1096', 'Mandal_C, Chittoor'),
  (595, 202, 'ECD_CHI_C_1097', 'ECD AWC-1097', 'Mandal_C, Chittoor'),
  (885, 202, 'ECD_CHI_C_1100', 'ECD AWC-1100', 'Mandal_C, Chittoor'),
  (340, 202, 'ECD_CHI_C_1101', 'ECD AWC-1101', 'Mandal_C, Chittoor'),
  (564, 202, 'ECD_CHI_C_1110', 'ECD AWC-1110', 'Mandal_C, Chittoor'),
  (805, 202, 'ECD_CHI_C_1112', 'ECD AWC-1112', 'Mandal_C, Chittoor'),
  (794, 202, 'ECD_CHI_C_1116', 'ECD AWC-1116', 'Mandal_C, Chittoor'),
  (305, 202, 'ECD_CHI_C_1117', 'ECD AWC-1117', 'Mandal_C, Chittoor'),
  (829, 202, 'ECD_CHI_C_1120', 'ECD AWC-1120', 'Mandal_C, Chittoor'),
  (1079, 202, 'ECD_CHI_C_1124', 'ECD AWC-1124', 'Mandal_C, Chittoor'),
  (330, 202, 'ECD_CHI_C_1130', 'ECD AWC-1130', 'Mandal_C, Chittoor'),
  (931, 202, 'ECD_CHI_C_1135', 'ECD AWC-1135', 'Mandal_C, Chittoor'),
  (486, 202, 'ECD_CHI_C_1137', 'ECD AWC-1137', 'Mandal_C, Chittoor'),
  (621, 202, 'ECD_CHI_C_1145', 'ECD AWC-1145', 'Mandal_C, Chittoor'),
  (863, 202, 'ECD_CHI_C_1147', 'ECD AWC-1147', 'Mandal_C, Chittoor'),
  (431, 202, 'ECD_CHI_C_1149', 'ECD AWC-1149', 'Mandal_C, Chittoor'),
  (922, 202, 'ECD_CHI_C_1150', 'ECD AWC-1150', 'Mandal_C, Chittoor'),
  (428, 202, 'ECD_CHI_C_1151', 'ECD AWC-1151', 'Mandal_C, Chittoor'),
  (1026, 202, 'ECD_CHI_C_1152', 'ECD AWC-1152', 'Mandal_C, Chittoor'),
  (442, 202, 'ECD_CHI_C_1157', 'ECD AWC-1157', 'Mandal_C, Chittoor'),
  (582, 202, 'ECD_CHI_C_1158', 'ECD AWC-1158', 'Mandal_C, Chittoor'),
  (625, 202, 'ECD_CHI_C_1159', 'ECD AWC-1159', 'Mandal_C, Chittoor'),
  (694, 202, 'ECD_CHI_C_1161', 'ECD AWC-1161', 'Mandal_C, Chittoor'),
  (351, 202, 'ECD_CHI_C_1168', 'ECD AWC-1168', 'Mandal_C, Chittoor'),
  (844, 202, 'ECD_CHI_C_1170', 'ECD AWC-1170', 'Mandal_C, Chittoor'),
  (1056, 202, 'ECD_CHI_C_1176', 'ECD AWC-1176', 'Mandal_C, Chittoor'),
  (790, 202, 'ECD_CHI_C_1180', 'ECD AWC-1180', 'Mandal_C, Chittoor'),
  (765, 202, 'ECD_CHI_C_1181', 'ECD AWC-1181', 'Mandal_C, Chittoor'),
  (365, 202, 'ECD_CHI_C_1182', 'ECD AWC-1182', 'Mandal_C, Chittoor'),
  (506, 202, 'ECD_CHI_C_1184', 'ECD AWC-1184', 'Mandal_C, Chittoor'),
  (355, 202, 'ECD_CHI_C_1187', 'ECD AWC-1187', 'Mandal_C, Chittoor'),
  (940, 202, 'ECD_CHI_C_1190', 'ECD AWC-1190', 'Mandal_C, Chittoor'),
  (616, 202, 'ECD_CHI_C_1192', 'ECD AWC-1192', 'Mandal_C, Chittoor'),
  (757, 202, 'ECD_CHI_C_1194', 'ECD AWC-1194', 'Mandal_C, Chittoor'),
  (343, 202, 'ECD_CHI_C_1198', 'ECD AWC-1198', 'Mandal_C, Chittoor'),
  (439, 203, 'ECD_ELU_A_1002', 'ECD AWC-1002', 'Mandal_A, Eluru'),
  (917, 203, 'ECD_ELU_A_1004', 'ECD AWC-1004', 'Mandal_A, Eluru'),
  (711, 203, 'ECD_ELU_A_1005', 'ECD AWC-1005', 'Mandal_A, Eluru'),
  (824, 203, 'ECD_ELU_A_1006', 'ECD AWC-1006', 'Mandal_A, Eluru'),
  (1009, 203, 'ECD_ELU_A_1007', 'ECD AWC-1007', 'Mandal_A, Eluru'),
  (959, 203, 'ECD_ELU_A_1015', 'ECD AWC-1015', 'Mandal_A, Eluru'),
  (596, 203, 'ECD_ELU_A_1016', 'ECD AWC-1016', 'Mandal_A, Eluru'),
  (612, 203, 'ECD_ELU_A_1018', 'ECD AWC-1018', 'Mandal_A, Eluru'),
  (1035, 203, 'ECD_ELU_A_1031', 'ECD AWC-1031', 'Mandal_A, Eluru'),
  (444, 203, 'ECD_ELU_A_1032', 'ECD AWC-1032', 'Mandal_A, Eluru'),
  (1072, 203, 'ECD_ELU_A_1034', 'ECD AWC-1034', 'Mandal_A, Eluru'),
  (639, 203, 'ECD_ELU_A_1036', 'ECD AWC-1036', 'Mandal_A, Eluru'),
  (666, 203, 'ECD_ELU_A_1037', 'ECD AWC-1037', 'Mandal_A, Eluru'),
  (868, 203, 'ECD_ELU_A_1038', 'ECD AWC-1038', 'Mandal_A, Eluru'),
  (352, 203, 'ECD_ELU_A_1040', 'ECD AWC-1040', 'Mandal_A, Eluru'),
  (994, 203, 'ECD_ELU_A_1041', 'ECD AWC-1041', 'Mandal_A, Eluru'),
  (1093, 203, 'ECD_ELU_A_1045', 'ECD AWC-1045', 'Mandal_A, Eluru'),
  (635, 203, 'ECD_ELU_A_1050', 'ECD AWC-1050', 'Mandal_A, Eluru'),
  (857, 203, 'ECD_ELU_A_1051', 'ECD AWC-1051', 'Mandal_A, Eluru'),
  (721, 203, 'ECD_ELU_A_1054', 'ECD AWC-1054', 'Mandal_A, Eluru'),
  (882, 203, 'ECD_ELU_A_1056', 'ECD AWC-1056', 'Mandal_A, Eluru'),
  (914, 203, 'ECD_ELU_A_1057', 'ECD AWC-1057', 'Mandal_A, Eluru'),
  (550, 203, 'ECD_ELU_A_1064', 'ECD AWC-1064', 'Mandal_A, Eluru'),
  (744, 203, 'ECD_ELU_A_1066', 'ECD AWC-1066', 'Mandal_A, Eluru'),
  (464, 203, 'ECD_ELU_A_1067', 'ECD AWC-1067', 'Mandal_A, Eluru'),
  (598, 203, 'ECD_ELU_A_1071', 'ECD AWC-1071', 'Mandal_A, Eluru'),
  (724, 203, 'ECD_ELU_A_1076', 'ECD AWC-1076', 'Mandal_A, Eluru'),
  (1034, 203, 'ECD_ELU_A_1081', 'ECD AWC-1081', 'Mandal_A, Eluru'),
  (1076, 203, 'ECD_ELU_A_1082', 'ECD AWC-1082', 'Mandal_A, Eluru'),
  (306, 203, 'ECD_ELU_A_1084', 'ECD AWC-1084', 'Mandal_A, Eluru'),
  (971, 203, 'ECD_ELU_A_1086', 'ECD AWC-1086', 'Mandal_A, Eluru'),
  (851, 203, 'ECD_ELU_A_1088', 'ECD AWC-1088', 'Mandal_A, Eluru'),
  (720, 203, 'ECD_ELU_A_1094', 'ECD AWC-1094', 'Mandal_A, Eluru'),
  (732, 203, 'ECD_ELU_A_1095', 'ECD AWC-1095', 'Mandal_A, Eluru'),
  (443, 203, 'ECD_ELU_A_1101', 'ECD AWC-1101', 'Mandal_A, Eluru'),
  (800, 203, 'ECD_ELU_A_1105', 'ECD AWC-1105', 'Mandal_A, Eluru'),
  (1011, 203, 'ECD_ELU_A_1108', 'ECD AWC-1108', 'Mandal_A, Eluru'),
  (738, 203, 'ECD_ELU_A_1110', 'ECD AWC-1110', 'Mandal_A, Eluru'),
  (748, 203, 'ECD_ELU_A_1113', 'ECD AWC-1113', 'Mandal_A, Eluru'),
  (977, 203, 'ECD_ELU_A_1115', 'ECD AWC-1115', 'Mandal_A, Eluru'),
  (418, 203, 'ECD_ELU_A_1116', 'ECD AWC-1116', 'Mandal_A, Eluru'),
  (530, 203, 'ECD_ELU_A_1117', 'ECD AWC-1117', 'Mandal_A, Eluru'),
  (542, 203, 'ECD_ELU_A_1120', 'ECD AWC-1120', 'Mandal_A, Eluru'),
  (1104, 203, 'ECD_ELU_A_1126', 'ECD AWC-1126', 'Mandal_A, Eluru'),
  (997, 203, 'ECD_ELU_A_1128', 'ECD AWC-1128', 'Mandal_A, Eluru'),
  (968, 203, 'ECD_ELU_A_1129', 'ECD AWC-1129', 'Mandal_A, Eluru'),
  (707, 203, 'ECD_ELU_A_1131', 'ECD AWC-1131', 'Mandal_A, Eluru'),
  (557, 203, 'ECD_ELU_A_1132', 'ECD AWC-1132', 'Mandal_A, Eluru'),
  (610, 203, 'ECD_ELU_A_1133', 'ECD AWC-1133', 'Mandal_A, Eluru'),
  (972, 203, 'ECD_ELU_A_1136', 'ECD AWC-1136', 'Mandal_A, Eluru'),
  (741, 203, 'ECD_ELU_A_1137', 'ECD AWC-1137', 'Mandal_A, Eluru'),
  (1020, 203, 'ECD_ELU_A_1138', 'ECD AWC-1138', 'Mandal_A, Eluru'),
  (733, 203, 'ECD_ELU_A_1143', 'ECD AWC-1143', 'Mandal_A, Eluru'),
  (847, 203, 'ECD_ELU_A_1145', 'ECD AWC-1145', 'Mandal_A, Eluru'),
  (745, 203, 'ECD_ELU_A_1149', 'ECD AWC-1149', 'Mandal_A, Eluru'),
  (303, 203, 'ECD_ELU_A_1151', 'ECD AWC-1151', 'Mandal_A, Eluru'),
  (571, 203, 'ECD_ELU_A_1154', 'ECD AWC-1154', 'Mandal_A, Eluru'),
  (889, 203, 'ECD_ELU_A_1155', 'ECD AWC-1155', 'Mandal_A, Eluru'),
  (587, 203, 'ECD_ELU_A_1156', 'ECD AWC-1156', 'Mandal_A, Eluru'),
  (485, 203, 'ECD_ELU_A_1158', 'ECD AWC-1158', 'Mandal_A, Eluru'),
  (1021, 203, 'ECD_ELU_A_1159', 'ECD AWC-1159', 'Mandal_A, Eluru'),
  (848, 203, 'ECD_ELU_A_1161', 'ECD AWC-1161', 'Mandal_A, Eluru'),
  (862, 203, 'ECD_ELU_A_1164', 'ECD AWC-1164', 'Mandal_A, Eluru'),
  (387, 203, 'ECD_ELU_A_1167', 'ECD AWC-1167', 'Mandal_A, Eluru'),
  (798, 203, 'ECD_ELU_A_1176', 'ECD AWC-1176', 'Mandal_A, Eluru'),
  (491, 203, 'ECD_ELU_A_1177', 'ECD AWC-1177', 'Mandal_A, Eluru'),
  (1068, 203, 'ECD_ELU_A_1179', 'ECD AWC-1179', 'Mandal_A, Eluru'),
  (1051, 203, 'ECD_ELU_A_1182', 'ECD AWC-1182', 'Mandal_A, Eluru'),
  (894, 203, 'ECD_ELU_A_1183', 'ECD AWC-1183', 'Mandal_A, Eluru'),
  (575, 203, 'ECD_ELU_A_1185', 'ECD AWC-1185', 'Mandal_A, Eluru'),
  (632, 203, 'ECD_ELU_A_1187', 'ECD AWC-1187', 'Mandal_A, Eluru'),
  (717, 203, 'ECD_ELU_A_1192', 'ECD AWC-1192', 'Mandal_A, Eluru'),
  (1010, 203, 'ECD_ELU_A_1196', 'ECD AWC-1196', 'Mandal_A, Eluru'),
  (1091, 204, 'ECD_ELU_B_1004', 'ECD AWC-1004', 'Mandal_B, Eluru'),
  (982, 204, 'ECD_ELU_B_1005', 'ECD AWC-1005', 'Mandal_B, Eluru'),
  (396, 204, 'ECD_ELU_B_1006', 'ECD AWC-1006', 'Mandal_B, Eluru'),
  (923, 204, 'ECD_ELU_B_1010', 'ECD AWC-1010', 'Mandal_B, Eluru'),
  (633, 204, 'ECD_ELU_B_1012', 'ECD AWC-1012', 'Mandal_B, Eluru'),
  (424, 204, 'ECD_ELU_B_1015', 'ECD AWC-1015', 'Mandal_B, Eluru'),
  (918, 204, 'ECD_ELU_B_1016', 'ECD AWC-1016', 'Mandal_B, Eluru'),
  (427, 204, 'ECD_ELU_B_1025', 'ECD AWC-1025', 'Mandal_B, Eluru'),
  (980, 204, 'ECD_ELU_B_1028', 'ECD AWC-1028', 'Mandal_B, Eluru'),
  (1097, 204, 'ECD_ELU_B_1032', 'ECD AWC-1032', 'Mandal_B, Eluru'),
  (770, 204, 'ECD_ELU_B_1034', 'ECD AWC-1034', 'Mandal_B, Eluru'),
  (930, 204, 'ECD_ELU_B_1035', 'ECD AWC-1035', 'Mandal_B, Eluru'),
  (374, 204, 'ECD_ELU_B_1037', 'ECD AWC-1037', 'Mandal_B, Eluru'),
  (749, 204, 'ECD_ELU_B_1044', 'ECD AWC-1044', 'Mandal_B, Eluru'),
  (823, 204, 'ECD_ELU_B_1045', 'ECD AWC-1045', 'Mandal_B, Eluru'),
  (697, 204, 'ECD_ELU_B_1046', 'ECD AWC-1046', 'Mandal_B, Eluru'),
  (789, 204, 'ECD_ELU_B_1047', 'ECD AWC-1047', 'Mandal_B, Eluru'),
  (1066, 204, 'ECD_ELU_B_1049', 'ECD AWC-1049', 'Mandal_B, Eluru'),
  (389, 204, 'ECD_ELU_B_1050', 'ECD AWC-1050', 'Mandal_B, Eluru'),
  (793, 204, 'ECD_ELU_B_1055', 'ECD AWC-1055', 'Mandal_B, Eluru'),
  (750, 204, 'ECD_ELU_B_1058', 'ECD AWC-1058', 'Mandal_B, Eluru'),
  (886, 204, 'ECD_ELU_B_1060', 'ECD AWC-1060', 'Mandal_B, Eluru'),
  (758, 204, 'ECD_ELU_B_1065', 'ECD AWC-1065', 'Mandal_B, Eluru'),
  (416, 204, 'ECD_ELU_B_1066', 'ECD AWC-1066', 'Mandal_B, Eluru'),
  (674, 204, 'ECD_ELU_B_1068', 'ECD AWC-1068', 'Mandal_B, Eluru'),
  (452, 204, 'ECD_ELU_B_1078', 'ECD AWC-1078', 'Mandal_B, Eluru'),
  (822, 204, 'ECD_ELU_B_1079', 'ECD AWC-1079', 'Mandal_B, Eluru'),
  (884, 204, 'ECD_ELU_B_1081', 'ECD AWC-1081', 'Mandal_B, Eluru'),
  (589, 204, 'ECD_ELU_B_1083', 'ECD AWC-1083', 'Mandal_B, Eluru'),
  (1013, 204, 'ECD_ELU_B_1087', 'ECD AWC-1087', 'Mandal_B, Eluru'),
  (475, 204, 'ECD_ELU_B_1090', 'ECD AWC-1090', 'Mandal_B, Eluru'),
  (943, 204, 'ECD_ELU_B_1092', 'ECD AWC-1092', 'Mandal_B, Eluru'),
  (776, 204, 'ECD_ELU_B_1093', 'ECD AWC-1093', 'Mandal_B, Eluru'),
  (1099, 204, 'ECD_ELU_B_1101', 'ECD AWC-1101', 'Mandal_B, Eluru'),
  (609, 204, 'ECD_ELU_B_1104', 'ECD AWC-1104', 'Mandal_B, Eluru'),
  (315, 204, 'ECD_ELU_B_1107', 'ECD AWC-1107', 'Mandal_B, Eluru'),
  (314, 204, 'ECD_ELU_B_1108', 'ECD AWC-1108', 'Mandal_B, Eluru'),
  (677, 204, 'ECD_ELU_B_1110', 'ECD AWC-1110', 'Mandal_B, Eluru'),
  (417, 204, 'ECD_ELU_B_1112', 'ECD AWC-1112', 'Mandal_B, Eluru'),
  (644, 204, 'ECD_ELU_B_1114', 'ECD AWC-1114', 'Mandal_B, Eluru'),
  (815, 204, 'ECD_ELU_B_1119', 'ECD AWC-1119', 'Mandal_B, Eluru'),
  (995, 204, 'ECD_ELU_B_1121', 'ECD AWC-1121', 'Mandal_B, Eluru'),
  (1096, 204, 'ECD_ELU_B_1123', 'ECD AWC-1123', 'Mandal_B, Eluru'),
  (963, 204, 'ECD_ELU_B_1124', 'ECD AWC-1124', 'Mandal_B, Eluru'),
  (412, 204, 'ECD_ELU_B_1129', 'ECD AWC-1129', 'Mandal_B, Eluru'),
  (910, 204, 'ECD_ELU_B_1131', 'ECD AWC-1131', 'Mandal_B, Eluru'),
  (407, 204, 'ECD_ELU_B_1135', 'ECD AWC-1135', 'Mandal_B, Eluru'),
  (1053, 204, 'ECD_ELU_B_1150', 'ECD AWC-1150', 'Mandal_B, Eluru'),
  (553, 204, 'ECD_ELU_B_1152', 'ECD AWC-1152', 'Mandal_B, Eluru'),
  (877, 204, 'ECD_ELU_B_1154', 'ECD AWC-1154', 'Mandal_B, Eluru'),
  (447, 204, 'ECD_ELU_B_1158', 'ECD AWC-1158', 'Mandal_B, Eluru'),
  (1018, 204, 'ECD_ELU_B_1165', 'ECD AWC-1165', 'Mandal_B, Eluru'),
  (548, 204, 'ECD_ELU_B_1167', 'ECD AWC-1167', 'Mandal_B, Eluru'),
  (1074, 204, 'ECD_ELU_B_1169', 'ECD AWC-1169', 'Mandal_B, Eluru'),
  (730, 204, 'ECD_ELU_B_1171', 'ECD AWC-1171', 'Mandal_B, Eluru'),
  (919, 204, 'ECD_ELU_B_1173', 'ECD AWC-1173', 'Mandal_B, Eluru'),
  (880, 204, 'ECD_ELU_B_1174', 'ECD AWC-1174', 'Mandal_B, Eluru'),
  (772, 204, 'ECD_ELU_B_1176', 'ECD AWC-1176', 'Mandal_B, Eluru'),
  (1040, 204, 'ECD_ELU_B_1178', 'ECD AWC-1178', 'Mandal_B, Eluru'),
  (650, 204, 'ECD_ELU_B_1179', 'ECD AWC-1179', 'Mandal_B, Eluru'),
  (964, 204, 'ECD_ELU_B_1181', 'ECD AWC-1181', 'Mandal_B, Eluru'),
  (1006, 204, 'ECD_ELU_B_1182', 'ECD AWC-1182', 'Mandal_B, Eluru'),
  (935, 204, 'ECD_ELU_B_1187', 'ECD AWC-1187', 'Mandal_B, Eluru'),
  (874, 204, 'ECD_ELU_B_1190', 'ECD AWC-1190', 'Mandal_B, Eluru'),
  (810, 204, 'ECD_ELU_B_1199', 'ECD AWC-1199', 'Mandal_B, Eluru'),
  (806, 205, 'ECD_ELU_C_1002', 'ECD AWC-1002', 'Mandal_C, Eluru'),
  (480, 205, 'ECD_ELU_C_1008', 'ECD AWC-1008', 'Mandal_C, Eluru'),
  (543, 205, 'ECD_ELU_C_1010', 'ECD AWC-1010', 'Mandal_C, Eluru'),
  (378, 205, 'ECD_ELU_C_1015', 'ECD AWC-1015', 'Mandal_C, Eluru'),
  (691, 205, 'ECD_ELU_C_1021', 'ECD AWC-1021', 'Mandal_C, Eluru'),
  (671, 205, 'ECD_ELU_C_1024', 'ECD AWC-1024', 'Mandal_C, Eluru'),
  (599, 205, 'ECD_ELU_C_1025', 'ECD AWC-1025', 'Mandal_C, Eluru'),
  (441, 205, 'ECD_ELU_C_1026', 'ECD AWC-1026', 'Mandal_C, Eluru'),
  (1046, 205, 'ECD_ELU_C_1029', 'ECD AWC-1029', 'Mandal_C, Eluru'),
  (470, 205, 'ECD_ELU_C_1031', 'ECD AWC-1031', 'Mandal_C, Eluru'),
  (377, 205, 'ECD_ELU_C_1032', 'ECD AWC-1032', 'Mandal_C, Eluru'),
  (911, 205, 'ECD_ELU_C_1033', 'ECD AWC-1033', 'Mandal_C, Eluru'),
  (752, 205, 'ECD_ELU_C_1034', 'ECD AWC-1034', 'Mandal_C, Eluru'),
  (895, 205, 'ECD_ELU_C_1036', 'ECD AWC-1036', 'Mandal_C, Eluru'),
  (645, 205, 'ECD_ELU_C_1042', 'ECD AWC-1042', 'Mandal_C, Eluru'),
  (338, 205, 'ECD_ELU_C_1044', 'ECD AWC-1044', 'Mandal_C, Eluru'),
  (668, 205, 'ECD_ELU_C_1049', 'ECD AWC-1049', 'Mandal_C, Eluru'),
  (854, 205, 'ECD_ELU_C_1056', 'ECD AWC-1056', 'Mandal_C, Eluru'),
  (756, 205, 'ECD_ELU_C_1061', 'ECD AWC-1061', 'Mandal_C, Eluru'),
  (1041, 205, 'ECD_ELU_C_1064', 'ECD AWC-1064', 'Mandal_C, Eluru'),
  (1087, 205, 'ECD_ELU_C_1065', 'ECD AWC-1065', 'Mandal_C, Eluru'),
  (322, 205, 'ECD_ELU_C_1066', 'ECD AWC-1066', 'Mandal_C, Eluru'),
  (740, 205, 'ECD_ELU_C_1067', 'ECD AWC-1067', 'Mandal_C, Eluru'),
  (773, 205, 'ECD_ELU_C_1070', 'ECD AWC-1070', 'Mandal_C, Eluru'),
  (781, 205, 'ECD_ELU_C_1071', 'ECD AWC-1071', 'Mandal_C, Eluru'),
  (538, 205, 'ECD_ELU_C_1073', 'ECD AWC-1073', 'Mandal_C, Eluru'),
  (783, 205, 'ECD_ELU_C_1075', 'ECD AWC-1075', 'Mandal_C, Eluru'),
  (1075, 205, 'ECD_ELU_C_1077', 'ECD AWC-1077', 'Mandal_C, Eluru'),
  (636, 205, 'ECD_ELU_C_1078', 'ECD AWC-1078', 'Mandal_C, Eluru'),
  (411, 205, 'ECD_ELU_C_1079', 'ECD AWC-1079', 'Mandal_C, Eluru'),
  (833, 205, 'ECD_ELU_C_1083', 'ECD AWC-1083', 'Mandal_C, Eluru'),
  (406, 205, 'ECD_ELU_C_1084', 'ECD AWC-1084', 'Mandal_C, Eluru'),
  (1045, 205, 'ECD_ELU_C_1085', 'ECD AWC-1085', 'Mandal_C, Eluru'),
  (657, 205, 'ECD_ELU_C_1088', 'ECD AWC-1088', 'Mandal_C, Eluru'),
  (388, 205, 'ECD_ELU_C_1095', 'ECD AWC-1095', 'Mandal_C, Eluru'),
  (448, 205, 'ECD_ELU_C_1096', 'ECD AWC-1096', 'Mandal_C, Eluru'),
  (680, 205, 'ECD_ELU_C_1099', 'ECD AWC-1099', 'Mandal_C, Eluru'),
  (787, 205, 'ECD_ELU_C_1104', 'ECD AWC-1104', 'Mandal_C, Eluru'),
  (953, 205, 'ECD_ELU_C_1106', 'ECD AWC-1106', 'Mandal_C, Eluru'),
  (1086, 205, 'ECD_ELU_C_1108', 'ECD AWC-1108', 'Mandal_C, Eluru'),
  (766, 205, 'ECD_ELU_C_1117', 'ECD AWC-1117', 'Mandal_C, Eluru'),
  (304, 205, 'ECD_ELU_C_1121', 'ECD AWC-1121', 'Mandal_C, Eluru'),
  (966, 205, 'ECD_ELU_C_1122', 'ECD AWC-1122', 'Mandal_C, Eluru'),
  (379, 205, 'ECD_ELU_C_1126', 'ECD AWC-1126', 'Mandal_C, Eluru'),
  (1100, 205, 'ECD_ELU_C_1127', 'ECD AWC-1127', 'Mandal_C, Eluru'),
  (729, 205, 'ECD_ELU_C_1131', 'ECD AWC-1131', 'Mandal_C, Eluru'),
  (430, 205, 'ECD_ELU_C_1132', 'ECD AWC-1132', 'Mandal_C, Eluru'),
  (927, 205, 'ECD_ELU_C_1136', 'ECD AWC-1136', 'Mandal_C, Eluru'),
  (1052, 205, 'ECD_ELU_C_1139', 'ECD AWC-1139', 'Mandal_C, Eluru'),
  (1024, 205, 'ECD_ELU_C_1140', 'ECD AWC-1140', 'Mandal_C, Eluru'),
  (483, 205, 'ECD_ELU_C_1143', 'ECD AWC-1143', 'Mandal_C, Eluru'),
  (801, 205, 'ECD_ELU_C_1147', 'ECD AWC-1147', 'Mandal_C, Eluru'),
  (467, 205, 'ECD_ELU_C_1148', 'ECD AWC-1148', 'Mandal_C, Eluru'),
  (678, 205, 'ECD_ELU_C_1152', 'ECD AWC-1152', 'Mandal_C, Eluru'),
  (791, 205, 'ECD_ELU_C_1153', 'ECD AWC-1153', 'Mandal_C, Eluru'),
  (549, 205, 'ECD_ELU_C_1158', 'ECD AWC-1158', 'Mandal_C, Eluru'),
  (420, 205, 'ECD_ELU_C_1160', 'ECD AWC-1160', 'Mandal_C, Eluru'),
  (1080, 205, 'ECD_ELU_C_1161', 'ECD AWC-1161', 'Mandal_C, Eluru'),
  (762, 205, 'ECD_ELU_C_1163', 'ECD AWC-1163', 'Mandal_C, Eluru'),
  (1083, 205, 'ECD_ELU_C_1170', 'ECD AWC-1170', 'Mandal_C, Eluru'),
  (367, 205, 'ECD_ELU_C_1174', 'ECD AWC-1174', 'Mandal_C, Eluru'),
  (401, 205, 'ECD_ELU_C_1177', 'ECD AWC-1177', 'Mandal_C, Eluru'),
  (361, 205, 'ECD_ELU_C_1180', 'ECD AWC-1180', 'Mandal_C, Eluru'),
  (872, 205, 'ECD_ELU_C_1190', 'ECD AWC-1190', 'Mandal_C, Eluru'),
  (391, 205, 'ECD_ELU_C_1193', 'ECD AWC-1193', 'Mandal_C, Eluru'),
  (619, 205, 'ECD_ELU_C_1195', 'ECD AWC-1195', 'Mandal_C, Eluru'),
  (718, 205, 'ECD_ELU_C_1196', 'ECD AWC-1196', 'Mandal_C, Eluru'),
  (701, 205, 'ECD_ELU_C_1197', 'ECD AWC-1197', 'Mandal_C, Eluru'),
  (372, 206, 'ECD_GUN_A_1002', 'ECD AWC-1002', 'Mandal_A, Guntur'),
  (474, 206, 'ECD_GUN_A_1004', 'ECD AWC-1004', 'Mandal_A, Guntur'),
  (912, 206, 'ECD_GUN_A_1005', 'ECD AWC-1005', 'Mandal_A, Guntur'),
  (952, 206, 'ECD_GUN_A_1017', 'ECD AWC-1017', 'Mandal_A, Guntur'),
  (962, 206, 'ECD_GUN_A_1024', 'ECD AWC-1024', 'Mandal_A, Guntur'),
  (385, 206, 'ECD_GUN_A_1026', 'ECD AWC-1026', 'Mandal_A, Guntur'),
  (607, 206, 'ECD_GUN_A_1027', 'ECD AWC-1027', 'Mandal_A, Guntur'),
  (840, 206, 'ECD_GUN_A_1028', 'ECD AWC-1028', 'Mandal_A, Guntur'),
  (634, 206, 'ECD_GUN_A_1029', 'ECD AWC-1029', 'Mandal_A, Guntur'),
  (705, 206, 'ECD_GUN_A_1032', 'ECD AWC-1032', 'Mandal_A, Guntur'),
  (569, 206, 'ECD_GUN_A_1035', 'ECD AWC-1035', 'Mandal_A, Guntur'),
  (845, 206, 'ECD_GUN_A_1036', 'ECD AWC-1036', 'Mandal_A, Guntur'),
  (777, 206, 'ECD_GUN_A_1046', 'ECD AWC-1046', 'Mandal_A, Guntur'),
  (670, 206, 'ECD_GUN_A_1048', 'ECD AWC-1048', 'Mandal_A, Guntur'),
  (830, 206, 'ECD_GUN_A_1051', 'ECD AWC-1051', 'Mandal_A, Guntur'),
  (524, 206, 'ECD_GUN_A_1058', 'ECD AWC-1058', 'Mandal_A, Guntur'),
  (460, 206, 'ECD_GUN_A_1069', 'ECD AWC-1069', 'Mandal_A, Guntur'),
  (438, 206, 'ECD_GUN_A_1075', 'ECD AWC-1075', 'Mandal_A, Guntur'),
  (515, 206, 'ECD_GUN_A_1086', 'ECD AWC-1086', 'Mandal_A, Guntur'),
  (767, 206, 'ECD_GUN_A_1087', 'ECD AWC-1087', 'Mandal_A, Guntur'),
  (802, 206, 'ECD_GUN_A_1090', 'ECD AWC-1090', 'Mandal_A, Guntur'),
  (1008, 206, 'ECD_GUN_A_1092', 'ECD AWC-1092', 'Mandal_A, Guntur'),
  (778, 206, 'ECD_GUN_A_1093', 'ECD AWC-1093', 'Mandal_A, Guntur'),
  (573, 206, 'ECD_GUN_A_1095', 'ECD AWC-1095', 'Mandal_A, Guntur'),
  (429, 206, 'ECD_GUN_A_1098', 'ECD AWC-1098', 'Mandal_A, Guntur'),
  (606, 206, 'ECD_GUN_A_1103', 'ECD AWC-1103', 'Mandal_A, Guntur'),
  (860, 206, 'ECD_GUN_A_1106', 'ECD AWC-1106', 'Mandal_A, Guntur'),
  (394, 206, 'ECD_GUN_A_1112', 'ECD AWC-1112', 'Mandal_A, Guntur'),
  (813, 206, 'ECD_GUN_A_1115', 'ECD AWC-1115', 'Mandal_A, Guntur'),
  (831, 206, 'ECD_GUN_A_1118', 'ECD AWC-1118', 'Mandal_A, Guntur'),
  (1082, 206, 'ECD_GUN_A_1119', 'ECD AWC-1119', 'Mandal_A, Guntur'),
  (463, 206, 'ECD_GUN_A_1121', 'ECD AWC-1121', 'Mandal_A, Guntur'),
  (835, 206, 'ECD_GUN_A_1123', 'ECD AWC-1123', 'Mandal_A, Guntur'),
  (988, 206, 'ECD_GUN_A_1124', 'ECD AWC-1124', 'Mandal_A, Guntur'),
  (1029, 206, 'ECD_GUN_A_1128', 'ECD AWC-1128', 'Mandal_A, Guntur'),
  (1014, 206, 'ECD_GUN_A_1131', 'ECD AWC-1131', 'Mandal_A, Guntur'),
  (760, 206, 'ECD_GUN_A_1134', 'ECD AWC-1134', 'Mandal_A, Guntur'),
  (521, 206, 'ECD_GUN_A_1136', 'ECD AWC-1136', 'Mandal_A, Guntur'),
  (909, 206, 'ECD_GUN_A_1137', 'ECD AWC-1137', 'Mandal_A, Guntur'),
  (597, 206, 'ECD_GUN_A_1141', 'ECD AWC-1141', 'Mandal_A, Guntur'),
  (558, 206, 'ECD_GUN_A_1142', 'ECD AWC-1142', 'Mandal_A, Guntur'),
  (516, 206, 'ECD_GUN_A_1145', 'ECD AWC-1145', 'Mandal_A, Guntur'),
  (307, 206, 'ECD_GUN_A_1149', 'ECD AWC-1149', 'Mandal_A, Guntur'),
  (699, 206, 'ECD_GUN_A_1150', 'ECD AWC-1150', 'Mandal_A, Guntur'),
  (725, 206, 'ECD_GUN_A_1151', 'ECD AWC-1151', 'Mandal_A, Guntur'),
  (825, 206, 'ECD_GUN_A_1152', 'ECD AWC-1152', 'Mandal_A, Guntur'),
  (456, 206, 'ECD_GUN_A_1153', 'ECD AWC-1153', 'Mandal_A, Guntur'),
  (384, 206, 'ECD_GUN_A_1156', 'ECD AWC-1156', 'Mandal_A, Guntur'),
  (561, 206, 'ECD_GUN_A_1160', 'ECD AWC-1160', 'Mandal_A, Guntur'),
  (1064, 206, 'ECD_GUN_A_1161', 'ECD AWC-1161', 'Mandal_A, Guntur'),
  (584, 206, 'ECD_GUN_A_1163', 'ECD AWC-1163', 'Mandal_A, Guntur'),
  (505, 206, 'ECD_GUN_A_1164', 'ECD AWC-1164', 'Mandal_A, Guntur'),
  (1084, 206, 'ECD_GUN_A_1165', 'ECD AWC-1165', 'Mandal_A, Guntur'),
  (755, 206, 'ECD_GUN_A_1173', 'ECD AWC-1173', 'Mandal_A, Guntur'),
  (450, 206, 'ECD_GUN_A_1175', 'ECD AWC-1175', 'Mandal_A, Guntur'),
  (817, 206, 'ECD_GUN_A_1178', 'ECD AWC-1178', 'Mandal_A, Guntur'),
  (354, 206, 'ECD_GUN_A_1181', 'ECD AWC-1181', 'Mandal_A, Guntur'),
  (841, 206, 'ECD_GUN_A_1182', 'ECD AWC-1182', 'Mandal_A, Guntur'),
  (519, 206, 'ECD_GUN_A_1186', 'ECD AWC-1186', 'Mandal_A, Guntur'),
  (1094, 206, 'ECD_GUN_A_1192', 'ECD AWC-1192', 'Mandal_A, Guntur'),
  (626, 206, 'ECD_GUN_A_1193', 'ECD AWC-1193', 'Mandal_A, Guntur'),
  (856, 206, 'ECD_GUN_A_1197', 'ECD AWC-1197', 'Mandal_A, Guntur'),
  (693, 206, 'ECD_GUN_A_1198', 'ECD AWC-1198', 'Mandal_A, Guntur'),
  (383, 207, 'ECD_GUN_B_1007', 'ECD AWC-1007', 'Mandal_B, Guntur'),
  (381, 207, 'ECD_GUN_B_1010', 'ECD AWC-1010', 'Mandal_B, Guntur'),
  (512, 207, 'ECD_GUN_B_1016', 'ECD AWC-1016', 'Mandal_B, Guntur'),
  (492, 207, 'ECD_GUN_B_1019', 'ECD AWC-1019', 'Mandal_B, Guntur'),
  (747, 207, 'ECD_GUN_B_1023', 'ECD AWC-1023', 'Mandal_B, Guntur'),
  (769, 207, 'ECD_GUN_B_1027', 'ECD AWC-1027', 'Mandal_B, Guntur'),
  (696, 207, 'ECD_GUN_B_1029', 'ECD AWC-1029', 'Mandal_B, Guntur'),
  (681, 207, 'ECD_GUN_B_1030', 'ECD AWC-1030', 'Mandal_B, Guntur'),
  (320, 207, 'ECD_GUN_B_1032', 'ECD AWC-1032', 'Mandal_B, Guntur'),
  (395, 207, 'ECD_GUN_B_1033', 'ECD AWC-1033', 'Mandal_B, Guntur'),
  (939, 207, 'ECD_GUN_B_1037', 'ECD AWC-1037', 'Mandal_B, Guntur'),
  (525, 207, 'ECD_GUN_B_1040', 'ECD AWC-1040', 'Mandal_B, Guntur'),
  (683, 207, 'ECD_GUN_B_1045', 'ECD AWC-1045', 'Mandal_B, Guntur'),
  (316, 207, 'ECD_GUN_B_1046', 'ECD AWC-1046', 'Mandal_B, Guntur'),
  (364, 207, 'ECD_GUN_B_1052', 'ECD AWC-1052', 'Mandal_B, Guntur'),
  (310, 207, 'ECD_GUN_B_1054', 'ECD AWC-1054', 'Mandal_B, Guntur'),
  (944, 207, 'ECD_GUN_B_1055', 'ECD AWC-1055', 'Mandal_B, Guntur'),
  (489, 207, 'ECD_GUN_B_1056', 'ECD AWC-1056', 'Mandal_B, Guntur'),
  (1069, 207, 'ECD_GUN_B_1058', 'ECD AWC-1058', 'Mandal_B, Guntur'),
  (843, 207, 'ECD_GUN_B_1060', 'ECD AWC-1060', 'Mandal_B, Guntur'),
  (659, 207, 'ECD_GUN_B_1061', 'ECD AWC-1061', 'Mandal_B, Guntur'),
  (941, 207, 'ECD_GUN_B_1068', 'ECD AWC-1068', 'Mandal_B, Guntur'),
  (1065, 207, 'ECD_GUN_B_1069', 'ECD AWC-1069', 'Mandal_B, Guntur'),
  (1106, 207, 'ECD_GUN_B_1071', 'ECD AWC-1071', 'Mandal_B, Guntur'),
  (473, 207, 'ECD_GUN_B_1075', 'ECD AWC-1075', 'Mandal_B, Guntur'),
  (337, 207, 'ECD_GUN_B_1076', 'ECD AWC-1076', 'Mandal_B, Guntur'),
  (828, 207, 'ECD_GUN_B_1078', 'ECD AWC-1078', 'Mandal_B, Guntur'),
  (667, 207, 'ECD_GUN_B_1089', 'ECD AWC-1089', 'Mandal_B, Guntur'),
  (901, 207, 'ECD_GUN_B_1090', 'ECD AWC-1090', 'Mandal_B, Guntur'),
  (925, 207, 'ECD_GUN_B_1092', 'ECD AWC-1092', 'Mandal_B, Guntur'),
  (451, 207, 'ECD_GUN_B_1095', 'ECD AWC-1095', 'Mandal_B, Guntur'),
  (586, 207, 'ECD_GUN_B_1100', 'ECD AWC-1100', 'Mandal_B, Guntur'),
  (591, 207, 'ECD_GUN_B_1107', 'ECD AWC-1107', 'Mandal_B, Guntur'),
  (759, 207, 'ECD_GUN_B_1113', 'ECD AWC-1113', 'Mandal_B, Guntur'),
  (1037, 207, 'ECD_GUN_B_1115', 'ECD AWC-1115', 'Mandal_B, Guntur'),
  (676, 207, 'ECD_GUN_B_1120', 'ECD AWC-1120', 'Mandal_B, Guntur'),
  (1042, 207, 'ECD_GUN_B_1123', 'ECD AWC-1123', 'Mandal_B, Guntur'),
  (708, 207, 'ECD_GUN_B_1129', 'ECD AWC-1129', 'Mandal_B, Guntur'),
  (432, 207, 'ECD_GUN_B_1133', 'ECD AWC-1133', 'Mandal_B, Guntur'),
  (852, 207, 'ECD_GUN_B_1135', 'ECD AWC-1135', 'Mandal_B, Guntur'),
  (1070, 207, 'ECD_GUN_B_1136', 'ECD AWC-1136', 'Mandal_B, Guntur'),
  (334, 207, 'ECD_GUN_B_1141', 'ECD AWC-1141', 'Mandal_B, Guntur'),
  (493, 207, 'ECD_GUN_B_1149', 'ECD AWC-1149', 'Mandal_B, Guntur'),
  (321, 207, 'ECD_GUN_B_1152', 'ECD AWC-1152', 'Mandal_B, Guntur'),
  (1055, 207, 'ECD_GUN_B_1156', 'ECD AWC-1156', 'Mandal_B, Guntur'),
  (949, 207, 'ECD_GUN_B_1160', 'ECD AWC-1160', 'Mandal_B, Guntur'),
  (462, 207, 'ECD_GUN_B_1167', 'ECD AWC-1167', 'Mandal_B, Guntur'),
  (1023, 207, 'ECD_GUN_B_1170', 'ECD AWC-1170', 'Mandal_B, Guntur'),
  (382, 207, 'ECD_GUN_B_1171', 'ECD AWC-1171', 'Mandal_B, Guntur'),
  (301, 207, 'ECD_GUN_B_1172', 'ECD AWC-1172', 'Mandal_B, Guntur'),
  (302, 207, 'ECD_GUN_B_1173', 'ECD AWC-1173', 'Mandal_B, Guntur'),
  (865, 207, 'ECD_GUN_B_1178', 'ECD AWC-1178', 'Mandal_B, Guntur'),
  (888, 207, 'ECD_GUN_B_1180', 'ECD AWC-1180', 'Mandal_B, Guntur'),
  (638, 207, 'ECD_GUN_B_1188', 'ECD AWC-1188', 'Mandal_B, Guntur'),
  (312, 207, 'ECD_GUN_B_1191', 'ECD AWC-1191', 'Mandal_B, Guntur'),
  (434, 207, 'ECD_GUN_B_1195', 'ECD AWC-1195', 'Mandal_B, Guntur'),
  (323, 207, 'ECD_GUN_B_1199', 'ECD AWC-1199', 'Mandal_B, Guntur'),
  (932, 208, 'ECD_GUN_C_1000', 'ECD AWC-1000', 'Mandal_C, Guntur'),
  (933, 208, 'ECD_GUN_C_1002', 'ECD AWC-1002', 'Mandal_C, Guntur'),
  (929, 208, 'ECD_GUN_C_1003', 'ECD AWC-1003', 'Mandal_C, Guntur'),
  (1019, 208, 'ECD_GUN_C_1004', 'ECD AWC-1004', 'Mandal_C, Guntur'),
  (1105, 208, 'ECD_GUN_C_1005', 'ECD AWC-1005', 'Mandal_C, Guntur'),
  (1007, 208, 'ECD_GUN_C_1008', 'ECD AWC-1008', 'Mandal_C, Guntur'),
  (881, 208, 'ECD_GUN_C_1010', 'ECD AWC-1010', 'Mandal_C, Guntur'),
  (975, 208, 'ECD_GUN_C_1011', 'ECD AWC-1011', 'Mandal_C, Guntur'),
  (839, 208, 'ECD_GUN_C_1013', 'ECD AWC-1013', 'Mandal_C, Guntur'),
  (339, 208, 'ECD_GUN_C_1014', 'ECD AWC-1014', 'Mandal_C, Guntur'),
  (590, 208, 'ECD_GUN_C_1018', 'ECD AWC-1018', 'Mandal_C, Guntur'),
  (449, 208, 'ECD_GUN_C_1033', 'ECD AWC-1033', 'Mandal_C, Guntur'),
  (698, 208, 'ECD_GUN_C_1034', 'ECD AWC-1034', 'Mandal_C, Guntur'),
  (341, 208, 'ECD_GUN_C_1035', 'ECD AWC-1035', 'Mandal_C, Guntur'),
  (1107, 208, 'ECD_GUN_C_1038', 'ECD AWC-1038', 'Mandal_C, Guntur'),
  (535, 208, 'ECD_GUN_C_1040', 'ECD AWC-1040', 'Mandal_C, Guntur'),
  (1050, 208, 'ECD_GUN_C_1042', 'ECD AWC-1042', 'Mandal_C, Guntur'),
  (574, 208, 'ECD_GUN_C_1043', 'ECD AWC-1043', 'Mandal_C, Guntur'),
  (370, 208, 'ECD_GUN_C_1047', 'ECD AWC-1047', 'Mandal_C, Guntur'),
  (731, 208, 'ECD_GUN_C_1049', 'ECD AWC-1049', 'Mandal_C, Guntur'),
  (727, 208, 'ECD_GUN_C_1053', 'ECD AWC-1053', 'Mandal_C, Guntur'),
  (1089, 208, 'ECD_GUN_C_1054', 'ECD AWC-1054', 'Mandal_C, Guntur'),
  (688, 208, 'ECD_GUN_C_1059', 'ECD AWC-1059', 'Mandal_C, Guntur'),
  (580, 208, 'ECD_GUN_C_1061', 'ECD AWC-1061', 'Mandal_C, Guntur'),
  (957, 208, 'ECD_GUN_C_1062', 'ECD AWC-1062', 'Mandal_C, Guntur'),
  (832, 208, 'ECD_GUN_C_1068', 'ECD AWC-1068', 'Mandal_C, Guntur'),
  (577, 208, 'ECD_GUN_C_1070', 'ECD AWC-1070', 'Mandal_C, Guntur'),
  (814, 208, 'ECD_GUN_C_1072', 'ECD AWC-1072', 'Mandal_C, Guntur'),
  (746, 208, 'ECD_GUN_C_1074', 'ECD AWC-1074', 'Mandal_C, Guntur'),
  (499, 208, 'ECD_GUN_C_1075', 'ECD AWC-1075', 'Mandal_C, Guntur'),
  (459, 208, 'ECD_GUN_C_1076', 'ECD AWC-1076', 'Mandal_C, Guntur'),
  (934, 208, 'ECD_GUN_C_1078', 'ECD AWC-1078', 'Mandal_C, Guntur'),
  (1043, 208, 'ECD_GUN_C_1085', 'ECD AWC-1085', 'Mandal_C, Guntur'),
  (704, 208, 'ECD_GUN_C_1086', 'ECD AWC-1086', 'Mandal_C, Guntur'),
  (405, 208, 'ECD_GUN_C_1088', 'ECD AWC-1088', 'Mandal_C, Guntur'),
  (991, 208, 'ECD_GUN_C_1091', 'ECD AWC-1091', 'Mandal_C, Guntur'),
  (974, 208, 'ECD_GUN_C_1092', 'ECD AWC-1092', 'Mandal_C, Guntur'),
  (646, 208, 'ECD_GUN_C_1094', 'ECD AWC-1094', 'Mandal_C, Guntur'),
  (386, 208, 'ECD_GUN_C_1098', 'ECD AWC-1098', 'Mandal_C, Guntur'),
  (804, 208, 'ECD_GUN_C_1104', 'ECD AWC-1104', 'Mandal_C, Guntur'),
  (1030, 208, 'ECD_GUN_C_1108', 'ECD AWC-1108', 'Mandal_C, Guntur'),
  (652, 208, 'ECD_GUN_C_1110', 'ECD AWC-1110', 'Mandal_C, Guntur'),
  (509, 208, 'ECD_GUN_C_1112', 'ECD AWC-1112', 'Mandal_C, Guntur'),
  (722, 208, 'ECD_GUN_C_1114', 'ECD AWC-1114', 'Mandal_C, Guntur'),
  (687, 208, 'ECD_GUN_C_1115', 'ECD AWC-1115', 'Mandal_C, Guntur'),
  (859, 208, 'ECD_GUN_C_1117', 'ECD AWC-1117', 'Mandal_C, Guntur'),
  (784, 208, 'ECD_GUN_C_1118', 'ECD AWC-1118', 'Mandal_C, Guntur'),
  (864, 208, 'ECD_GUN_C_1121', 'ECD AWC-1121', 'Mandal_C, Guntur'),
  (726, 208, 'ECD_GUN_C_1122', 'ECD AWC-1122', 'Mandal_C, Guntur'),
  (501, 208, 'ECD_GUN_C_1123', 'ECD AWC-1123', 'Mandal_C, Guntur'),
  (1067, 208, 'ECD_GUN_C_1124', 'ECD AWC-1124', 'Mandal_C, Guntur'),
  (656, 208, 'ECD_GUN_C_1129', 'ECD AWC-1129', 'Mandal_C, Guntur'),
  (572, 208, 'ECD_GUN_C_1131', 'ECD AWC-1131', 'Mandal_C, Guntur'),
  (425, 208, 'ECD_GUN_C_1133', 'ECD AWC-1133', 'Mandal_C, Guntur'),
  (861, 208, 'ECD_GUN_C_1137', 'ECD AWC-1137', 'Mandal_C, Guntur'),
  (629, 208, 'ECD_GUN_C_1144', 'ECD AWC-1144', 'Mandal_C, Guntur'),
  (576, 208, 'ECD_GUN_C_1149', 'ECD AWC-1149', 'Mandal_C, Guntur'),
  (983, 208, 'ECD_GUN_C_1154', 'ECD AWC-1154', 'Mandal_C, Guntur'),
  (393, 208, 'ECD_GUN_C_1156', 'ECD AWC-1156', 'Mandal_C, Guntur'),
  (703, 208, 'ECD_GUN_C_1157', 'ECD AWC-1157', 'Mandal_C, Guntur'),
  (497, 208, 'ECD_GUN_C_1158', 'ECD AWC-1158', 'Mandal_C, Guntur'),
  (907, 208, 'ECD_GUN_C_1161', 'ECD AWC-1161', 'Mandal_C, Guntur'),
  (763, 208, 'ECD_GUN_C_1164', 'ECD AWC-1164', 'Mandal_C, Guntur'),
  (585, 208, 'ECD_GUN_C_1166', 'ECD AWC-1166', 'Mandal_C, Guntur'),
  (620, 208, 'ECD_GUN_C_1168', 'ECD AWC-1168', 'Mandal_C, Guntur'),
  (665, 208, 'ECD_GUN_C_1174', 'ECD AWC-1174', 'Mandal_C, Guntur'),
  (380, 208, 'ECD_GUN_C_1177', 'ECD AWC-1177', 'Mandal_C, Guntur'),
  (692, 208, 'ECD_GUN_C_1178', 'ECD AWC-1178', 'Mandal_C, Guntur'),
  (723, 208, 'ECD_GUN_C_1179', 'ECD AWC-1179', 'Mandal_C, Guntur'),
  (344, 208, 'ECD_GUN_C_1183', 'ECD AWC-1183', 'Mandal_C, Guntur'),
  (945, 208, 'ECD_GUN_C_1185', 'ECD AWC-1185', 'Mandal_C, Guntur'),
  (689, 208, 'ECD_GUN_C_1187', 'ECD AWC-1187', 'Mandal_C, Guntur'),
  (570, 208, 'ECD_GUN_C_1191', 'ECD AWC-1191', 'Mandal_C, Guntur'),
  (529, 208, 'ECD_GUN_C_1192', 'ECD AWC-1192', 'Mandal_C, Guntur'),
  (631, 208, 'ECD_GUN_C_1197', 'ECD AWC-1197', 'Mandal_C, Guntur'),
  (807, 208, 'ECD_GUN_C_1198', 'ECD AWC-1198', 'Mandal_C, Guntur'),
  (736, 209, 'ECD_VIS_A_1003', 'ECD AWC-1003', 'Mandal_A, Visakhapatnam'),
  (458, 209, 'ECD_VIS_A_1005', 'ECD AWC-1005', 'Mandal_A, Visakhapatnam'),
  (1049, 209, 'ECD_VIS_A_1009', 'ECD AWC-1009', 'Mandal_A, Visakhapatnam'),
  (324, 209, 'ECD_VIS_A_1013', 'ECD AWC-1013', 'Mandal_A, Visakhapatnam'),
  (986, 209, 'ECD_VIS_A_1014', 'ECD AWC-1014', 'Mandal_A, Visakhapatnam'),
  (544, 209, 'ECD_VIS_A_1021', 'ECD AWC-1021', 'Mandal_A, Visakhapatnam'),
  (785, 209, 'ECD_VIS_A_1030', 'ECD AWC-1030', 'Mandal_A, Visakhapatnam'),
  (402, 209, 'ECD_VIS_A_1031', 'ECD AWC-1031', 'Mandal_A, Visakhapatnam'),
  (481, 209, 'ECD_VIS_A_1032', 'ECD AWC-1032', 'Mandal_A, Visakhapatnam'),
  (408, 209, 'ECD_VIS_A_1033', 'ECD AWC-1033', 'Mandal_A, Visakhapatnam'),
  (313, 209, 'ECD_VIS_A_1037', 'ECD AWC-1037', 'Mandal_A, Visakhapatnam'),
  (518, 209, 'ECD_VIS_A_1038', 'ECD AWC-1038', 'Mandal_A, Visakhapatnam'),
  (928, 209, 'ECD_VIS_A_1040', 'ECD AWC-1040', 'Mandal_A, Visakhapatnam'),
  (507, 209, 'ECD_VIS_A_1041', 'ECD AWC-1041', 'Mandal_A, Visakhapatnam'),
  (404, 209, 'ECD_VIS_A_1042', 'ECD AWC-1042', 'Mandal_A, Visakhapatnam'),
  (871, 209, 'ECD_VIS_A_1046', 'ECD AWC-1046', 'Mandal_A, Visakhapatnam'),
  (893, 209, 'ECD_VIS_A_1048', 'ECD AWC-1048', 'Mandal_A, Visakhapatnam'),
  (1032, 209, 'ECD_VIS_A_1049', 'ECD AWC-1049', 'Mandal_A, Visakhapatnam'),
  (1016, 209, 'ECD_VIS_A_1050', 'ECD AWC-1050', 'Mandal_A, Visakhapatnam'),
  (605, 209, 'ECD_VIS_A_1051', 'ECD AWC-1051', 'Mandal_A, Visakhapatnam'),
  (938, 209, 'ECD_VIS_A_1052', 'ECD AWC-1052', 'Mandal_A, Visakhapatnam'),
  (327, 209, 'ECD_VIS_A_1061', 'ECD AWC-1061', 'Mandal_A, Visakhapatnam'),
  (913, 209, 'ECD_VIS_A_1065', 'ECD AWC-1065', 'Mandal_A, Visakhapatnam'),
  (637, 209, 'ECD_VIS_A_1067', 'ECD AWC-1067', 'Mandal_A, Visakhapatnam'),
  (415, 209, 'ECD_VIS_A_1070', 'ECD AWC-1070', 'Mandal_A, Visakhapatnam'),
  (608, 209, 'ECD_VIS_A_1071', 'ECD AWC-1071', 'Mandal_A, Visakhapatnam'),
  (317, 209, 'ECD_VIS_A_1075', 'ECD AWC-1075', 'Mandal_A, Visakhapatnam'),
  (500, 209, 'ECD_VIS_A_1080', 'ECD AWC-1080', 'Mandal_A, Visakhapatnam'),
  (849, 209, 'ECD_VIS_A_1081', 'ECD AWC-1081', 'Mandal_A, Visakhapatnam'),
  (853, 209, 'ECD_VIS_A_1082', 'ECD AWC-1082', 'Mandal_A, Visakhapatnam'),
  (706, 209, 'ECD_VIS_A_1083', 'ECD AWC-1083', 'Mandal_A, Visakhapatnam'),
  (987, 209, 'ECD_VIS_A_1085', 'ECD AWC-1085', 'Mandal_A, Visakhapatnam'),
  (796, 209, 'ECD_VIS_A_1088', 'ECD AWC-1088', 'Mandal_A, Visakhapatnam'),
  (508, 209, 'ECD_VIS_A_1090', 'ECD AWC-1090', 'Mandal_A, Visakhapatnam'),
  (916, 209, 'ECD_VIS_A_1092', 'ECD AWC-1092', 'Mandal_A, Visakhapatnam'),
  (846, 209, 'ECD_VIS_A_1094', 'ECD AWC-1094', 'Mandal_A, Visakhapatnam'),
  (336, 209, 'ECD_VIS_A_1095', 'ECD AWC-1095', 'Mandal_A, Visakhapatnam'),
  (702, 209, 'ECD_VIS_A_1097', 'ECD AWC-1097', 'Mandal_A, Visakhapatnam'),
  (541, 209, 'ECD_VIS_A_1099', 'ECD AWC-1099', 'Mandal_A, Visakhapatnam'),
  (908, 209, 'ECD_VIS_A_1101', 'ECD AWC-1101', 'Mandal_A, Visakhapatnam'),
  (615, 209, 'ECD_VIS_A_1102', 'ECD AWC-1102', 'Mandal_A, Visakhapatnam'),
  (737, 209, 'ECD_VIS_A_1105', 'ECD AWC-1105', 'Mandal_A, Visakhapatnam'),
  (685, 209, 'ECD_VIS_A_1108', 'ECD AWC-1108', 'Mandal_A, Visakhapatnam'),
  (682, 209, 'ECD_VIS_A_1109', 'ECD AWC-1109', 'Mandal_A, Visakhapatnam'),
  (488, 209, 'ECD_VIS_A_1112', 'ECD AWC-1112', 'Mandal_A, Visakhapatnam'),
  (734, 209, 'ECD_VIS_A_1113', 'ECD AWC-1113', 'Mandal_A, Visakhapatnam'),
  (942, 209, 'ECD_VIS_A_1114', 'ECD AWC-1114', 'Mandal_A, Visakhapatnam'),
  (403, 209, 'ECD_VIS_A_1116', 'ECD AWC-1116', 'Mandal_A, Visakhapatnam'),
  (936, 209, 'ECD_VIS_A_1117', 'ECD AWC-1117', 'Mandal_A, Visakhapatnam'),
  (658, 209, 'ECD_VIS_A_1118', 'ECD AWC-1118', 'Mandal_A, Visakhapatnam'),
  (421, 209, 'ECD_VIS_A_1120', 'ECD AWC-1120', 'Mandal_A, Visakhapatnam'),
  (628, 209, 'ECD_VIS_A_1121', 'ECD AWC-1121', 'Mandal_A, Visakhapatnam'),
  (878, 209, 'ECD_VIS_A_1125', 'ECD AWC-1125', 'Mandal_A, Visakhapatnam'),
  (811, 209, 'ECD_VIS_A_1128', 'ECD AWC-1128', 'Mandal_A, Visakhapatnam'),
  (1012, 209, 'ECD_VIS_A_1132', 'ECD AWC-1132', 'Mandal_A, Visakhapatnam'),
  (1038, 209, 'ECD_VIS_A_1136', 'ECD AWC-1136', 'Mandal_A, Visakhapatnam'),
  (643, 209, 'ECD_VIS_A_1137', 'ECD AWC-1137', 'Mandal_A, Visakhapatnam'),
  (803, 209, 'ECD_VIS_A_1146', 'ECD AWC-1146', 'Mandal_A, Visakhapatnam'),
  (540, 209, 'ECD_VIS_A_1155', 'ECD AWC-1155', 'Mandal_A, Visakhapatnam'),
  (359, 209, 'ECD_VIS_A_1157', 'ECD AWC-1157', 'Mandal_A, Visakhapatnam'),
  (867, 209, 'ECD_VIS_A_1160', 'ECD AWC-1160', 'Mandal_A, Visakhapatnam'),
  (545, 209, 'ECD_VIS_A_1162', 'ECD AWC-1162', 'Mandal_A, Visakhapatnam'),
  (362, 209, 'ECD_VIS_A_1168', 'ECD AWC-1168', 'Mandal_A, Visakhapatnam'),
  (905, 209, 'ECD_VIS_A_1170', 'ECD AWC-1170', 'Mandal_A, Visakhapatnam'),
  (1081, 209, 'ECD_VIS_A_1174', 'ECD AWC-1174', 'Mandal_A, Visakhapatnam'),
  (956, 209, 'ECD_VIS_A_1175', 'ECD AWC-1175', 'Mandal_A, Visakhapatnam'),
  (1088, 209, 'ECD_VIS_A_1177', 'ECD AWC-1177', 'Mandal_A, Visakhapatnam'),
  (946, 209, 'ECD_VIS_A_1179', 'ECD AWC-1179', 'Mandal_A, Visakhapatnam'),
  (1098, 209, 'ECD_VIS_A_1182', 'ECD AWC-1182', 'Mandal_A, Visakhapatnam'),
  (728, 209, 'ECD_VIS_A_1183', 'ECD AWC-1183', 'Mandal_A, Visakhapatnam'),
  (1025, 209, 'ECD_VIS_A_1187', 'ECD AWC-1187', 'Mandal_A, Visakhapatnam'),
  (870, 209, 'ECD_VIS_A_1190', 'ECD AWC-1190', 'Mandal_A, Visakhapatnam'),
  (413, 209, 'ECD_VIS_A_1191', 'ECD AWC-1191', 'Mandal_A, Visakhapatnam'),
  (578, 209, 'ECD_VIS_A_1192', 'ECD AWC-1192', 'Mandal_A, Visakhapatnam'),
  (622, 209, 'ECD_VIS_A_1194', 'ECD AWC-1194', 'Mandal_A, Visakhapatnam'),
  (1060, 209, 'ECD_VIS_A_1195', 'ECD AWC-1195', 'Mandal_A, Visakhapatnam'),
  (510, 209, 'ECD_VIS_A_1197', 'ECD AWC-1197', 'Mandal_A, Visakhapatnam'),
  (920, 210, 'ECD_VIS_B_1000', 'ECD AWC-1000', 'Mandal_B, Visakhapatnam'),
  (1061, 210, 'ECD_VIS_B_1012', 'ECD AWC-1012', 'Mandal_B, Visakhapatnam'),
  (1000, 210, 'ECD_VIS_B_1015', 'ECD AWC-1015', 'Mandal_B, Visakhapatnam'),
  (328, 210, 'ECD_VIS_B_1016', 'ECD AWC-1016', 'Mandal_B, Visakhapatnam'),
  (603, 210, 'ECD_VIS_B_1017', 'ECD AWC-1017', 'Mandal_B, Visakhapatnam'),
  (774, 210, 'ECD_VIS_B_1018', 'ECD AWC-1018', 'Mandal_B, Visakhapatnam'),
  (788, 210, 'ECD_VIS_B_1019', 'ECD AWC-1019', 'Mandal_B, Visakhapatnam'),
  (454, 210, 'ECD_VIS_B_1021', 'ECD AWC-1021', 'Mandal_B, Visakhapatnam'),
  (809, 210, 'ECD_VIS_B_1025', 'ECD AWC-1025', 'Mandal_B, Visakhapatnam'),
  (329, 210, 'ECD_VIS_B_1027', 'ECD AWC-1027', 'Mandal_B, Visakhapatnam'),
  (921, 210, 'ECD_VIS_B_1029', 'ECD AWC-1029', 'Mandal_B, Visakhapatnam'),
  (992, 210, 'ECD_VIS_B_1031', 'ECD AWC-1031', 'Mandal_B, Visakhapatnam'),
  (891, 210, 'ECD_VIS_B_1032', 'ECD AWC-1032', 'Mandal_B, Visakhapatnam'),
  (985, 210, 'ECD_VIS_B_1035', 'ECD AWC-1035', 'Mandal_B, Visakhapatnam'),
  (534, 210, 'ECD_VIS_B_1043', 'ECD AWC-1043', 'Mandal_B, Visakhapatnam'),
  (373, 210, 'ECD_VIS_B_1045', 'ECD AWC-1045', 'Mandal_B, Visakhapatnam'),
  (821, 210, 'ECD_VIS_B_1052', 'ECD AWC-1052', 'Mandal_B, Visakhapatnam'),
  (563, 210, 'ECD_VIS_B_1053', 'ECD AWC-1053', 'Mandal_B, Visakhapatnam'),
  (716, 210, 'ECD_VIS_B_1054', 'ECD AWC-1054', 'Mandal_B, Visakhapatnam'),
  (1005, 210, 'ECD_VIS_B_1058', 'ECD AWC-1058', 'Mandal_B, Visakhapatnam'),
  (984, 210, 'ECD_VIS_B_1063', 'ECD AWC-1063', 'Mandal_B, Visakhapatnam'),
  (1003, 210, 'ECD_VIS_B_1068', 'ECD AWC-1068', 'Mandal_B, Visakhapatnam'),
  (618, 210, 'ECD_VIS_B_1069', 'ECD AWC-1069', 'Mandal_B, Visakhapatnam'),
  (879, 210, 'ECD_VIS_B_1071', 'ECD AWC-1071', 'Mandal_B, Visakhapatnam'),
  (601, 210, 'ECD_VIS_B_1074', 'ECD AWC-1074', 'Mandal_B, Visakhapatnam'),
  (435, 210, 'ECD_VIS_B_1078', 'ECD AWC-1078', 'Mandal_B, Visakhapatnam'),
  (838, 210, 'ECD_VIS_B_1079', 'ECD AWC-1079', 'Mandal_B, Visakhapatnam'),
  (331, 210, 'ECD_VIS_B_1083', 'ECD AWC-1083', 'Mandal_B, Visakhapatnam'),
  (993, 210, 'ECD_VIS_B_1086', 'ECD AWC-1086', 'Mandal_B, Visakhapatnam'),
  (719, 210, 'ECD_VIS_B_1087', 'ECD AWC-1087', 'Mandal_B, Visakhapatnam'),
  (850, 210, 'ECD_VIS_B_1091', 'ECD AWC-1091', 'Mandal_B, Visakhapatnam'),
  (855, 210, 'ECD_VIS_B_1098', 'ECD AWC-1098', 'Mandal_B, Visakhapatnam'),
  (318, 210, 'ECD_VIS_B_1099', 'ECD AWC-1099', 'Mandal_B, Visakhapatnam'),
  (996, 210, 'ECD_VIS_B_1100', 'ECD AWC-1100', 'Mandal_B, Visakhapatnam'),
  (602, 210, 'ECD_VIS_B_1102', 'ECD AWC-1102', 'Mandal_B, Visakhapatnam'),
  (679, 210, 'ECD_VIS_B_1111', 'ECD AWC-1111', 'Mandal_B, Visakhapatnam'),
  (1073, 210, 'ECD_VIS_B_1112', 'ECD AWC-1112', 'Mandal_B, Visakhapatnam'),
  (836, 210, 'ECD_VIS_B_1114', 'ECD AWC-1114', 'Mandal_B, Visakhapatnam'),
  (1092, 210, 'ECD_VIS_B_1116', 'ECD AWC-1116', 'Mandal_B, Visakhapatnam'),
  (1095, 210, 'ECD_VIS_B_1119', 'ECD AWC-1119', 'Mandal_B, Visakhapatnam'),
  (649, 210, 'ECD_VIS_B_1120', 'ECD AWC-1120', 'Mandal_B, Visakhapatnam'),
  (437, 210, 'ECD_VIS_B_1123', 'ECD AWC-1123', 'Mandal_B, Visakhapatnam'),
  (754, 210, 'ECD_VIS_B_1124', 'ECD AWC-1124', 'Mandal_B, Visakhapatnam'),
  (409, 210, 'ECD_VIS_B_1125', 'ECD AWC-1125', 'Mandal_B, Visakhapatnam'),
  (948, 210, 'ECD_VIS_B_1126', 'ECD AWC-1126', 'Mandal_B, Visakhapatnam'),
  (695, 210, 'ECD_VIS_B_1127', 'ECD AWC-1127', 'Mandal_B, Visakhapatnam'),
  (399, 210, 'ECD_VIS_B_1128', 'ECD AWC-1128', 'Mandal_B, Visakhapatnam'),
  (476, 210, 'ECD_VIS_B_1130', 'ECD AWC-1130', 'Mandal_B, Visakhapatnam'),
  (390, 210, 'ECD_VIS_B_1132', 'ECD AWC-1132', 'Mandal_B, Visakhapatnam'),
  (551, 210, 'ECD_VIS_B_1134', 'ECD AWC-1134', 'Mandal_B, Visakhapatnam'),
  (739, 210, 'ECD_VIS_B_1136', 'ECD AWC-1136', 'Mandal_B, Visakhapatnam'),
  (630, 210, 'ECD_VIS_B_1137', 'ECD AWC-1137', 'Mandal_B, Visakhapatnam'),
  (1004, 210, 'ECD_VIS_B_1145', 'ECD AWC-1145', 'Mandal_B, Visakhapatnam'),
  (954, 210, 'ECD_VIS_B_1146', 'ECD AWC-1146', 'Mandal_B, Visakhapatnam'),
  (461, 210, 'ECD_VIS_B_1147', 'ECD AWC-1147', 'Mandal_B, Visakhapatnam'),
  (511, 210, 'ECD_VIS_B_1149', 'ECD AWC-1149', 'Mandal_B, Visakhapatnam'),
  (1028, 210, 'ECD_VIS_B_1153', 'ECD AWC-1153', 'Mandal_B, Visakhapatnam'),
  (523, 210, 'ECD_VIS_B_1158', 'ECD AWC-1158', 'Mandal_B, Visakhapatnam'),
  (900, 210, 'ECD_VIS_B_1164', 'ECD AWC-1164', 'Mandal_B, Visakhapatnam'),
  (1015, 210, 'ECD_VIS_B_1166', 'ECD AWC-1166', 'Mandal_B, Visakhapatnam'),
  (422, 210, 'ECD_VIS_B_1168', 'ECD AWC-1168', 'Mandal_B, Visakhapatnam'),
  (624, 210, 'ECD_VIS_B_1171', 'ECD AWC-1171', 'Mandal_B, Visakhapatnam'),
  (981, 210, 'ECD_VIS_B_1175', 'ECD AWC-1175', 'Mandal_B, Visakhapatnam'),
  (345, 210, 'ECD_VIS_B_1177', 'ECD AWC-1177', 'Mandal_B, Visakhapatnam'),
  (827, 210, 'ECD_VIS_B_1178', 'ECD AWC-1178', 'Mandal_B, Visakhapatnam'),
  (472, 210, 'ECD_VIS_B_1183', 'ECD AWC-1183', 'Mandal_B, Visakhapatnam'),
  (565, 210, 'ECD_VIS_B_1185', 'ECD AWC-1185', 'Mandal_B, Visakhapatnam'),
  (556, 210, 'ECD_VIS_B_1186', 'ECD AWC-1186', 'Mandal_B, Visakhapatnam'),
  (999, 210, 'ECD_VIS_B_1190', 'ECD AWC-1190', 'Mandal_B, Visakhapatnam'),
  (484, 210, 'ECD_VIS_B_1192', 'ECD AWC-1192', 'Mandal_B, Visakhapatnam'),
  (883, 210, 'ECD_VIS_B_1194', 'ECD AWC-1194', 'Mandal_B, Visakhapatnam'),
  (526, 210, 'ECD_VIS_B_1195', 'ECD AWC-1195', 'Mandal_B, Visakhapatnam'),
  (617, 210, 'ECD_VIS_B_1196', 'ECD AWC-1196', 'Mandal_B, Visakhapatnam'),
  (647, 210, 'ECD_VIS_B_1199', 'ECD AWC-1199', 'Mandal_B, Visakhapatnam'),
  (581, 211, 'ECD_VIS_C_1001', 'ECD AWC-1001', 'Mandal_C, Visakhapatnam'),
  (834, 211, 'ECD_VIS_C_1002', 'ECD AWC-1002', 'Mandal_C, Visakhapatnam'),
  (662, 211, 'ECD_VIS_C_1003', 'ECD AWC-1003', 'Mandal_C, Visakhapatnam'),
  (502, 211, 'ECD_VIS_C_1005', 'ECD AWC-1005', 'Mandal_C, Visakhapatnam'),
  (347, 211, 'ECD_VIS_C_1016', 'ECD AWC-1016', 'Mandal_C, Visakhapatnam'),
  (642, 211, 'ECD_VIS_C_1020', 'ECD AWC-1020', 'Mandal_C, Visakhapatnam'),
  (482, 211, 'ECD_VIS_C_1024', 'ECD AWC-1024', 'Mandal_C, Visakhapatnam'),
  (887, 211, 'ECD_VIS_C_1031', 'ECD AWC-1031', 'Mandal_C, Visakhapatnam'),
  (795, 211, 'ECD_VIS_C_1035', 'ECD AWC-1035', 'Mandal_C, Visakhapatnam'),
  (333, 211, 'ECD_VIS_C_1036', 'ECD AWC-1036', 'Mandal_C, Visakhapatnam'),
  (1057, 211, 'ECD_VIS_C_1039', 'ECD AWC-1039', 'Mandal_C, Visakhapatnam'),
  (520, 211, 'ECD_VIS_C_1041', 'ECD AWC-1041', 'Mandal_C, Visakhapatnam'),
  (593, 211, 'ECD_VIS_C_1042', 'ECD AWC-1042', 'Mandal_C, Visakhapatnam'),
  (560, 211, 'ECD_VIS_C_1050', 'ECD AWC-1050', 'Mandal_C, Visakhapatnam'),
  (371, 211, 'ECD_VIS_C_1051', 'ECD AWC-1051', 'Mandal_C, Visakhapatnam'),
  (533, 211, 'ECD_VIS_C_1052', 'ECD AWC-1052', 'Mandal_C, Visakhapatnam'),
  (559, 211, 'ECD_VIS_C_1054', 'ECD AWC-1054', 'Mandal_C, Visakhapatnam'),
  (753, 211, 'ECD_VIS_C_1055', 'ECD AWC-1055', 'Mandal_C, Visakhapatnam'),
  (335, 211, 'ECD_VIS_C_1059', 'ECD AWC-1059', 'Mandal_C, Visakhapatnam'),
  (906, 211, 'ECD_VIS_C_1060', 'ECD AWC-1060', 'Mandal_C, Visakhapatnam'),
  (892, 211, 'ECD_VIS_C_1062', 'ECD AWC-1062', 'Mandal_C, Visakhapatnam'),
  (455, 211, 'ECD_VIS_C_1065', 'ECD AWC-1065', 'Mandal_C, Visakhapatnam'),
  (1027, 211, 'ECD_VIS_C_1066', 'ECD AWC-1066', 'Mandal_C, Visakhapatnam'),
  (1001, 211, 'ECD_VIS_C_1072', 'ECD AWC-1072', 'Mandal_C, Visakhapatnam'),
  (369, 211, 'ECD_VIS_C_1074', 'ECD AWC-1074', 'Mandal_C, Visakhapatnam'),
  (363, 211, 'ECD_VIS_C_1075', 'ECD AWC-1075', 'Mandal_C, Visakhapatnam'),
  (875, 211, 'ECD_VIS_C_1077', 'ECD AWC-1077', 'Mandal_C, Visakhapatnam'),
  (903, 211, 'ECD_VIS_C_1078', 'ECD AWC-1078', 'Mandal_C, Visakhapatnam'),
  (375, 211, 'ECD_VIS_C_1084', 'ECD AWC-1084', 'Mandal_C, Visakhapatnam'),
  (641, 211, 'ECD_VIS_C_1085', 'ECD AWC-1085', 'Mandal_C, Visakhapatnam'),
  (527, 211, 'ECD_VIS_C_1087', 'ECD AWC-1087', 'Mandal_C, Visakhapatnam'),
  (479, 211, 'ECD_VIS_C_1096', 'ECD AWC-1096', 'Mandal_C, Visakhapatnam'),
  (308, 211, 'ECD_VIS_C_1106', 'ECD AWC-1106', 'Mandal_C, Visakhapatnam'),
  (1071, 211, 'ECD_VIS_C_1107', 'ECD AWC-1107', 'Mandal_C, Visakhapatnam'),
  (478, 211, 'ECD_VIS_C_1109', 'ECD AWC-1109', 'Mandal_C, Visakhapatnam'),
  (924, 211, 'ECD_VIS_C_1110', 'ECD AWC-1110', 'Mandal_C, Visakhapatnam'),
  (579, 211, 'ECD_VIS_C_1111', 'ECD AWC-1111', 'Mandal_C, Visakhapatnam'),
  (555, 211, 'ECD_VIS_C_1115', 'ECD AWC-1115', 'Mandal_C, Visakhapatnam'),
  (1058, 211, 'ECD_VIS_C_1124', 'ECD AWC-1124', 'Mandal_C, Visakhapatnam'),
  (426, 211, 'ECD_VIS_C_1130', 'ECD AWC-1130', 'Mandal_C, Visakhapatnam'),
  (1101, 211, 'ECD_VIS_C_1131', 'ECD AWC-1131', 'Mandal_C, Visakhapatnam'),
  (653, 211, 'ECD_VIS_C_1133', 'ECD AWC-1133', 'Mandal_C, Visakhapatnam'),
  (342, 211, 'ECD_VIS_C_1135', 'ECD AWC-1135', 'Mandal_C, Visakhapatnam'),
  (873, 211, 'ECD_VIS_C_1136', 'ECD AWC-1136', 'Mandal_C, Visakhapatnam'),
  (1059, 211, 'ECD_VIS_C_1139', 'ECD AWC-1139', 'Mandal_C, Visakhapatnam'),
  (349, 211, 'ECD_VIS_C_1140', 'ECD AWC-1140', 'Mandal_C, Visakhapatnam'),
  (751, 211, 'ECD_VIS_C_1143', 'ECD AWC-1143', 'Mandal_C, Visakhapatnam'),
  (537, 211, 'ECD_VIS_C_1154', 'ECD AWC-1154', 'Mandal_C, Visakhapatnam'),
  (594, 211, 'ECD_VIS_C_1155', 'ECD AWC-1155', 'Mandal_C, Visakhapatnam'),
  (514, 211, 'ECD_VIS_C_1157', 'ECD AWC-1157', 'Mandal_C, Visakhapatnam'),
  (989, 211, 'ECD_VIS_C_1159', 'ECD AWC-1159', 'Mandal_C, Visakhapatnam'),
  (522, 211, 'ECD_VIS_C_1161', 'ECD AWC-1161', 'Mandal_C, Visakhapatnam'),
  (1048, 211, 'ECD_VIS_C_1166', 'ECD AWC-1166', 'Mandal_C, Visakhapatnam'),
  (398, 211, 'ECD_VIS_C_1167', 'ECD AWC-1167', 'Mandal_C, Visakhapatnam'),
  (376, 211, 'ECD_VIS_C_1171', 'ECD AWC-1171', 'Mandal_C, Visakhapatnam'),
  (896, 211, 'ECD_VIS_C_1173', 'ECD AWC-1173', 'Mandal_C, Visakhapatnam'),
  (715, 211, 'ECD_VIS_C_1174', 'ECD AWC-1174', 'Mandal_C, Visakhapatnam'),
  (1022, 211, 'ECD_VIS_C_1175', 'ECD AWC-1175', 'Mandal_C, Visakhapatnam'),
  (904, 211, 'ECD_VIS_C_1181', 'ECD AWC-1181', 'Mandal_C, Visakhapatnam'),
  (700, 211, 'ECD_VIS_C_1182', 'ECD AWC-1182', 'Mandal_C, Visakhapatnam'),
  (348, 211, 'ECD_VIS_C_1193', 'ECD AWC-1193', 'Mandal_C, Visakhapatnam'),
  (332, 211, 'ECD_VIS_C_1199', 'ECD AWC-1199', 'Mandal_C, Visakhapatnam')
ON CONFLICT (id) DO UPDATE SET sector_id = EXCLUDED.sector_id, address = EXCLUDED.address;

-- 2. CHILDREN (1000)

INSERT INTO children (id, child_unique_id, name, dob, gender, awc_id) VALUES
  (5000, 'AP_ECD_000001', 'Priya Reddy', '2022-01-24', 'female', 300),
  (5001, 'AP_ECD_000002', 'Ravi Naidu', '2024-08-18', 'male', 301),
  (5002, 'AP_ECD_000003', 'Krishna Kumar', '2022-11-24', 'male', 302),
  (5003, 'AP_ECD_000004', 'Divya Rao', '2021-03-07', 'female', 303),
  (5004, 'AP_ECD_000005', 'Srinivas Sharma', '2024-09-18', 'male', 304),
  (5005, 'AP_ECD_000006', 'Mahesh Babu', '2025-04-05', 'male', 305),
  (5006, 'AP_ECD_000007', 'Swathi Prasad', '2024-04-03', 'female', 306),
  (5007, 'AP_ECD_000008', 'Anusha Varma', '2022-04-01', 'female', 307),
  (5008, 'AP_ECD_000009', 'Mohan Chowdary', '2020-09-14', 'male', 308),
  (5009, 'AP_ECD_000010', 'Chandini Raju', '2023-01-14', 'female', 309),
  (5010, 'AP_ECD_000011', 'Pavan Swamy', '2022-09-24', 'male', 310),
  (5011, 'AP_ECD_000012', 'Gayathri Gupta', '2024-09-21', 'female', 311),
  (5012, 'AP_ECD_000013', 'Harika Patel', '2021-08-15', 'female', 312),
  (5013, 'AP_ECD_000014', 'Varun Murthy', '2021-01-08', 'male', 313),
  (5014, 'AP_ECD_000015', 'Lavanya Goud', '2022-07-02', 'female', 314),
  (5015, 'AP_ECD_000016', 'Pranav Reddy', '2025-01-19', 'male', 315),
  (5016, 'AP_ECD_000017', 'Aarav Naidu', '2023-01-02', 'male', 316),
  (5017, 'AP_ECD_000018', 'Dhruv Kumar', '2020-11-24', 'male', 317),
  (5018, 'AP_ECD_000019', 'Radhika Rao', '2020-12-24', 'female', 318),
  (5019, 'AP_ECD_000020', 'Sahasra Sharma', '2020-11-18', 'female', 319),
  (5020, 'AP_ECD_000021', 'Akshara Babu', '2022-06-19', 'female', 320),
  (5021, 'AP_ECD_000022', 'Ananya Prasad', '2020-11-26', 'female', 321),
  (5022, 'AP_ECD_000023', 'Diya Varma', '2024-10-08', 'female', 322),
  (5023, 'AP_ECD_000024', 'Shaurya Chowdary', '2024-05-01', 'male', 323),
  (5024, 'AP_ECD_000025', 'Vihaan Raju', '2022-03-11', 'male', 324),
  (5025, 'AP_ECD_000026', 'Indu Swamy', '2025-01-10', 'female', 325),
  (5026, 'AP_ECD_000027', 'Tanish Gupta', '2021-11-09', 'male', 326),
  (5027, 'AP_ECD_000028', 'Meghana Patel', '2022-05-08', 'female', 327),
  (5028, 'AP_ECD_000029', 'Niharika Murthy', '2022-12-30', 'female', 328),
  (5029, 'AP_ECD_000030', 'Anirudh Goud', '2021-02-23', 'male', 329),
  (5030, 'AP_ECD_000031', 'Tejas Reddy', '2023-12-20', 'male', 330),
  (5031, 'AP_ECD_000032', 'Vikram Naidu', '2021-05-25', 'male', 331),
  (5032, 'AP_ECD_000033', 'Rohit Kumar', '2022-05-07', 'male', 332),
  (5033, 'AP_ECD_000034', 'Ajay Rao', '2024-01-11', 'male', 333),
  (5034, 'AP_ECD_000035', 'Vijay Sharma', '2020-01-02', 'male', 334),
  (5035, 'AP_ECD_000036', 'Ramesh Babu', '2022-05-01', 'male', 335),
  (5036, 'AP_ECD_000037', 'Esha Prasad', '2022-12-05', 'female', 336),
  (5037, 'AP_ECD_000038', 'Manasa Varma', '2020-02-13', 'female', 337),
  (5038, 'AP_ECD_000039', 'Suresh Chowdary', '2022-11-10', 'male', 338),
  (5039, 'AP_ECD_000040', 'Rajesh Raju', '2024-03-29', 'male', 339),
  (5040, 'AP_ECD_000041', 'Likhitha Swamy', '2020-09-17', 'female', 340),
  (5041, 'AP_ECD_000042', 'Priya Gupta', '2024-06-27', 'female', 341),
  (5042, 'AP_ECD_000043', 'Nihal Patel', '2023-08-03', 'male', 342),
  (5043, 'AP_ECD_000044', 'Arjun Murthy', '2020-07-20', 'male', 343),
  (5044, 'AP_ECD_000045', 'Divya Goud', '2021-03-27', 'female', 301),
  (5045, 'AP_ECD_000046', 'Keerthi Reddy', '2021-09-15', 'female', 344),
  (5046, 'AP_ECD_000047', 'Mounika Naidu', '2025-01-19', 'female', 345),
  (5047, 'AP_ECD_000048', 'Srinivas Kumar', '2024-10-01', 'male', 346),
  (5048, 'AP_ECD_000049', 'Mahesh Rao', '2024-03-27', 'male', 347),
  (5049, 'AP_ECD_000050', 'Ganesh Sharma', '2024-02-07', 'male', 348),
  (5050, 'AP_ECD_000051', 'Kiran Babu', '2023-04-19', 'male', 349),
  (5051, 'AP_ECD_000052', 'Mohan Prasad', '2023-08-30', 'male', 350),
  (5052, 'AP_ECD_000053', 'Gayathri Varma', '2021-06-23', 'female', 351),
  (5053, 'AP_ECD_000054', 'Pavan Chowdary', '2020-02-07', 'male', 352),
  (5054, 'AP_ECD_000055', 'Kavya Raju', '2021-01-25', 'female', 353),
  (5055, 'AP_ECD_000056', 'Tarun Swamy', '2020-04-10', 'male', 354),
  (5056, 'AP_ECD_000057', 'Madhavi Gupta', '2022-08-30', 'female', 355),
  (5057, 'AP_ECD_000058', 'Sai Patel', '2022-12-10', 'male', 356),
  (5058, 'AP_ECD_000059', 'Pranav Murthy', '2022-08-20', 'male', 357),
  (5059, 'AP_ECD_000060', 'Aarav Goud', '2023-11-07', 'male', 358),
  (5060, 'AP_ECD_000061', 'Dhruv Reddy', '2022-08-15', 'male', 359),
  (5061, 'AP_ECD_000062', 'Akshara Naidu', '2021-11-02', 'female', 360),
  (5062, 'AP_ECD_000063', 'Vivaan Kumar', '2021-08-08', 'male', 361),
  (5063, 'AP_ECD_000064', 'Diya Rao', '2023-12-22', 'female', 362),
  (5064, 'AP_ECD_000065', 'Arnav Sharma', '2024-01-31', 'male', 363),
  (5065, 'AP_ECD_000066', 'Kabir Babu', '2020-09-06', 'male', 364),
  (5066, 'AP_ECD_000067', 'Indu Prasad', '2023-03-15', 'female', 365),
  (5067, 'AP_ECD_000068', 'Vihaan Varma', '2022-09-23', 'male', 366),
  (5068, 'AP_ECD_000069', 'Omkar Chowdary', '2022-12-24', 'male', 367),
  (5069, 'AP_ECD_000070', 'Tanish Raju', '2020-09-16', 'male', 368),
  (5070, 'AP_ECD_000071', 'Pooja Swamy', '2023-11-23', 'female', 369),
  (5071, 'AP_ECD_000072', 'Sahiti Gupta', '2020-10-03', 'female', 370),
  (5072, 'AP_ECD_000073', 'Tanvi Patel', '2025-03-06', 'female', 371),
  (5073, 'AP_ECD_000074', 'Varsha Murthy', '2021-12-22', 'female', 372),
  (5074, 'AP_ECD_000075', 'Anjali Goud', '2024-01-03', 'female', 373),
  (5075, 'AP_ECD_000076', 'Bhargavi Reddy', '2024-07-25', 'female', 374),
  (5076, 'AP_ECD_000077', 'Durga Naidu', '2020-10-12', 'female', 375),
  (5077, 'AP_ECD_000078', 'Esha Kumar', '2024-04-05', 'female', 376),
  (5078, 'AP_ECD_000079', 'Ramesh Rao', '2021-11-13', 'male', 377),
  (5079, 'AP_ECD_000080', 'Neelima Sharma', '2023-06-07', 'female', 378),
  (5080, 'AP_ECD_000081', 'Jyothi Babu', '2022-10-30', 'female', 379),
  (5081, 'AP_ECD_000082', 'Suresh Prasad', '2022-08-18', 'male', 380),
  (5082, 'AP_ECD_000083', 'Rajesh Varma', '2021-04-01', 'male', 381),
  (5083, 'AP_ECD_000084', 'Harish Chowdary', '2021-09-04', 'male', 382),
  (5084, 'AP_ECD_000085', 'Manish Raju', '2021-05-28', 'male', 383),
  (5085, 'AP_ECD_000086', 'Divya Swamy', '2020-12-30', 'female', 384),
  (5086, 'AP_ECD_000087', 'Keerthi Gupta', '2023-05-22', 'female', 385),
  (5087, 'AP_ECD_000088', 'Mounika Patel', '2025-02-25', 'female', 386),
  (5088, 'AP_ECD_000089', 'Krishna Murthy', '2024-10-12', 'male', 387),
  (5089, 'AP_ECD_000090', 'Venkat Goud', '2024-05-19', 'male', 388),
  (5090, 'AP_ECD_000091', 'Srinivas Reddy', '2025-01-27', 'male', 389),
  (5091, 'AP_ECD_000092', 'Mahesh Naidu', '2025-06-07', 'male', 390),
  (5092, 'AP_ECD_000093', 'Deepika Kumar', '2020-03-29', 'female', 391),
  (5093, 'AP_ECD_000094', 'Kiran Rao', '2022-05-15', 'male', 392),
  (5094, 'AP_ECD_000095', 'Harika Sharma', '2020-05-03', 'female', 393),
  (5095, 'AP_ECD_000096', 'Gopal Babu', '2024-09-16', 'male', 394),
  (5096, 'AP_ECD_000097', 'Lavanya Prasad', '2023-12-01', 'female', 395),
  (5097, 'AP_ECD_000098', 'Charan Varma', '2021-06-26', 'male', 396),
  (5098, 'AP_ECD_000099', 'Tarun Chowdary', '2020-07-18', 'male', 397),
  (5099, 'AP_ECD_000100', 'Varun Raju', '2023-12-13', 'male', 398)
ON CONFLICT (id) DO NOTHING;

INSERT INTO children (id, child_unique_id, name, dob, gender, awc_id) VALUES
  (5100, 'AP_ECD_000101', 'Radhika Swamy', '2023-04-27', 'female', 399),
  (5101, 'AP_ECD_000102', 'Sahasra Gupta', '2020-06-06', 'female', 400),
  (5102, 'AP_ECD_000103', 'Aarav Patel', '2022-09-30', 'male', 329),
  (5103, 'AP_ECD_000104', 'Dhruv Murthy', '2024-10-05', 'male', 401),
  (5104, 'AP_ECD_000105', 'Ishaan Goud', '2021-09-11', 'male', 402),
  (5105, 'AP_ECD_000106', 'Vivaan Reddy', '2022-07-19', 'male', 403),
  (5106, 'AP_ECD_000107', 'Himaja Naidu', '2022-01-26', 'female', 404),
  (5107, 'AP_ECD_000108', 'Indu Kumar', '2024-04-29', 'female', 405),
  (5108, 'AP_ECD_000109', 'Kabir Rao', '2024-11-22', 'male', 406),
  (5109, 'AP_ECD_000110', 'Meghana Sharma', '2020-12-31', 'female', 407),
  (5110, 'AP_ECD_000111', 'Niharika Babu', '2023-04-14', 'female', 408),
  (5111, 'AP_ECD_000112', 'Pooja Prasad', '2021-06-09', 'female', 409),
  (5112, 'AP_ECD_000113', 'Sahiti Varma', '2020-01-24', 'female', 410),
  (5113, 'AP_ECD_000114', 'Tanvi Chowdary', '2022-11-06', 'female', 411),
  (5114, 'AP_ECD_000115', 'Varsha Raju', '2021-11-08', 'female', 412),
  (5115, 'AP_ECD_000116', 'Anjali Swamy', '2022-01-23', 'female', 413),
  (5116, 'AP_ECD_000117', 'Bhargavi Gupta', '2022-06-04', 'female', 414),
  (5117, 'AP_ECD_000118', 'Durga Patel', '2021-02-01', 'female', 415),
  (5118, 'AP_ECD_000119', 'Rohit Murthy', '2024-02-02', 'male', 416),
  (5119, 'AP_ECD_000120', 'Ajay Goud', '2020-09-04', 'male', 417),
  (5120, 'AP_ECD_000121', 'Neelima Reddy', '2022-08-06', 'female', 418),
  (5121, 'AP_ECD_000122', 'Jyothi Naidu', '2020-04-04', 'female', 419),
  (5122, 'AP_ECD_000123', 'Likhitha Kumar', '2024-12-22', 'female', 420),
  (5123, 'AP_ECD_000124', 'Priya Rao', '2024-08-25', 'female', 421),
  (5124, 'AP_ECD_000125', 'Lakshmi Sharma', '2024-06-14', 'female', 422),
  (5125, 'AP_ECD_000126', 'Sravani Babu', '2024-05-21', 'female', 423),
  (5126, 'AP_ECD_000127', 'Divya Prasad', '2024-12-15', 'female', 424),
  (5127, 'AP_ECD_000128', 'Keerthi Varma', '2020-02-13', 'female', 425),
  (5128, 'AP_ECD_000129', 'Mounika Chowdary', '2022-12-23', 'female', 426),
  (5129, 'AP_ECD_000130', 'Arjun Raju', '2023-11-17', 'male', 427),
  (5130, 'AP_ECD_000131', 'Anusha Swamy', '2023-05-31', 'female', 428),
  (5131, 'AP_ECD_000132', 'Bhavani Gupta', '2024-02-24', 'female', 429),
  (5132, 'AP_ECD_000133', 'Venkat Patel', '2025-04-07', 'male', 430),
  (5133, 'AP_ECD_000134', 'Srinivas Murthy', '2020-09-14', 'male', 431),
  (5134, 'AP_ECD_000135', 'Mahesh Goud', '2020-11-09', 'male', 432),
  (5135, 'AP_ECD_000136', 'Ganesh Reddy', '2020-10-27', 'male', 433),
  (5136, 'AP_ECD_000137', 'Kiran Naidu', '2023-12-11', 'male', 434),
  (5137, 'AP_ECD_000138', 'Lavanya Kumar', '2021-03-07', 'female', 435),
  (5138, 'AP_ECD_000139', 'Gopal Rao', '2024-07-01', 'male', 436),
  (5139, 'AP_ECD_000140', 'Nandini Sharma', '2023-08-18', 'female', 437),
  (5140, 'AP_ECD_000141', 'Padma Babu', '2022-04-17', 'female', 395),
  (5141, 'AP_ECD_000142', 'Radhika Prasad', '2024-09-02', 'female', 438),
  (5142, 'AP_ECD_000143', 'Varun Varma', '2021-01-14', 'male', 439),
  (5143, 'AP_ECD_000144', 'Akshara Chowdary', '2024-03-06', 'female', 440),
  (5144, 'AP_ECD_000145', 'Ananya Raju', '2021-08-05', 'female', 441),
  (5145, 'AP_ECD_000146', 'Diya Swamy', '2022-05-01', 'female', 442),
  (5146, 'AP_ECD_000147', 'Gowri Gupta', '2020-06-21', 'female', 443),
  (5147, 'AP_ECD_000148', 'Himaja Patel', '2021-06-16', 'female', 444),
  (5148, 'AP_ECD_000149', 'Indu Murthy', '2024-06-05', 'female', 445),
  (5149, 'AP_ECD_000150', 'Kamala Goud', '2022-03-31', 'female', 446),
  (5150, 'AP_ECD_000151', 'Meghana Reddy', '2020-02-05', 'female', 447),
  (5151, 'AP_ECD_000152', 'Niharika Naidu', '2022-03-29', 'female', 448),
  (5152, 'AP_ECD_000153', 'Pooja Kumar', '2020-01-04', 'female', 449),
  (5153, 'AP_ECD_000154', 'Vihaan Rao', '2024-04-13', 'male', 450),
  (5154, 'AP_ECD_000155', 'Tanvi Sharma', '2023-08-14', 'female', 451),
  (5155, 'AP_ECD_000156', 'Tanish Babu', '2024-04-15', 'male', 452),
  (5156, 'AP_ECD_000157', 'Rohan Prasad', '2025-03-25', 'male', 453),
  (5157, 'AP_ECD_000158', 'Yash Varma', '2023-08-20', 'male', 454),
  (5158, 'AP_ECD_000159', 'Durga Chowdary', '2022-11-15', 'female', 455),
  (5159, 'AP_ECD_000160', 'Tejas Raju', '2021-03-16', 'male', 456),
  (5160, 'AP_ECD_000161', 'Manasa Swamy', '2022-01-19', 'female', 457),
  (5161, 'AP_ECD_000162', 'Neelima Gupta', '2023-04-14', 'female', 404),
  (5162, 'AP_ECD_000163', 'Ajay Patel', '2024-02-19', 'male', 458),
  (5163, 'AP_ECD_000164', 'Vijay Murthy', '2024-07-21', 'male', 459),
  (5164, 'AP_ECD_000165', 'Priya Goud', '2023-10-08', 'female', 460),
  (5165, 'AP_ECD_000166', 'Lakshmi Reddy', '2022-04-03', 'female', 461),
  (5166, 'AP_ECD_000167', 'Sravani Naidu', '2020-06-02', 'female', 462),
  (5167, 'AP_ECD_000168', 'Suresh Kumar', '2024-08-28', 'male', 463),
  (5168, 'AP_ECD_000169', 'Keerthi Rao', '2025-05-07', 'female', 464),
  (5169, 'AP_ECD_000170', 'Harish Sharma', '2024-07-14', 'male', 465),
  (5170, 'AP_ECD_000171', 'Swathi Babu', '2021-03-14', 'female', 466),
  (5171, 'AP_ECD_000172', 'Nihal Prasad', '2024-11-07', 'male', 467),
  (5172, 'AP_ECD_000173', 'Arjun Varma', '2024-08-09', 'male', 468),
  (5173, 'AP_ECD_000174', 'Ravi Chowdary', '2023-01-19', 'male', 469),
  (5174, 'AP_ECD_000175', 'Krishna Raju', '2025-01-16', 'male', 470),
  (5175, 'AP_ECD_000176', 'Gayathri Swamy', '2023-02-14', 'female', 471),
  (5176, 'AP_ECD_000177', 'Harika Gupta', '2025-06-18', 'female', 472),
  (5177, 'AP_ECD_000178', 'Mahesh Patel', '2022-06-11', 'male', 473),
  (5178, 'AP_ECD_000179', 'Lavanya Murthy', '2021-07-05', 'female', 474),
  (5179, 'AP_ECD_000180', 'Kiran Goud', '2024-06-12', 'male', 475),
  (5180, 'AP_ECD_000181', 'Mohan Reddy', '2023-08-29', 'male', 476),
  (5181, 'AP_ECD_000182', 'Padma Naidu', '2021-04-30', 'female', 477),
  (5182, 'AP_ECD_000183', 'Radhika Kumar', '2020-02-26', 'female', 478),
  (5183, 'AP_ECD_000184', 'Charan Rao', '2020-11-30', 'male', 479),
  (5184, 'AP_ECD_000185', 'Akshara Sharma', '2020-06-21', 'female', 480),
  (5185, 'AP_ECD_000186', 'Varun Babu', '2023-07-09', 'male', 481),
  (5186, 'AP_ECD_000187', 'Sai Prasad', '2022-01-08', 'male', 482),
  (5187, 'AP_ECD_000188', 'Gowri Varma', '2020-04-29', 'female', 483),
  (5188, 'AP_ECD_000189', 'Himaja Chowdary', '2020-04-17', 'female', 484),
  (5189, 'AP_ECD_000190', 'Indu Raju', '2021-05-26', 'female', 485),
  (5190, 'AP_ECD_000191', 'Ishaan Swamy', '2023-09-13', 'male', 486),
  (5191, 'AP_ECD_000192', 'Vivaan Gupta', '2022-01-24', 'male', 487),
  (5192, 'AP_ECD_000193', 'Aditya Patel', '2022-01-01', 'male', 488),
  (5193, 'AP_ECD_000194', 'Arnav Murthy', '2022-02-19', 'male', 489),
  (5194, 'AP_ECD_000195', 'Kabir Goud', '2024-06-04', 'male', 490),
  (5195, 'AP_ECD_000196', 'Shaurya Reddy', '2020-05-01', 'male', 392),
  (5196, 'AP_ECD_000197', 'Varsha Naidu', '2022-06-12', 'female', 491),
  (5197, 'AP_ECD_000198', 'Anjali Kumar', '2020-03-11', 'female', 492),
  (5198, 'AP_ECD_000199', 'Bhargavi Rao', '2023-02-18', 'female', 493),
  (5199, 'AP_ECD_000200', 'Durga Sharma', '2024-01-15', 'female', 494)
ON CONFLICT (id) DO NOTHING;

INSERT INTO children (id, child_unique_id, name, dob, gender, awc_id) VALUES
  (5200, 'AP_ECD_000201', 'Yash Babu', '2023-02-18', 'male', 495),
  (5201, 'AP_ECD_000202', 'Manasa Prasad', '2022-04-05', 'female', 496),
  (5202, 'AP_ECD_000203', 'Tejas Varma', '2024-02-12', 'male', 497),
  (5203, 'AP_ECD_000204', 'Vikram Chowdary', '2021-03-09', 'male', 498),
  (5204, 'AP_ECD_000205', 'Rohit Raju', '2024-06-05', 'male', 499),
  (5205, 'AP_ECD_000206', 'Priya Swamy', '2020-03-04', 'female', 500),
  (5206, 'AP_ECD_000207', 'Vijay Gupta', '2022-08-21', 'male', 501),
  (5207, 'AP_ECD_000208', 'Sravani Patel', '2021-05-15', 'female', 502),
  (5208, 'AP_ECD_000209', 'Divya Murthy', '2024-12-23', 'female', 503),
  (5209, 'AP_ECD_000210', 'Keerthi Goud', '2024-04-24', 'female', 504),
  (5210, 'AP_ECD_000211', 'Mounika Reddy', '2023-05-09', 'female', 505),
  (5211, 'AP_ECD_000212', 'Swathi Naidu', '2023-11-25', 'female', 506),
  (5212, 'AP_ECD_000213', 'Harish Kumar', '2020-12-28', 'male', 469),
  (5213, 'AP_ECD_000214', 'Bhavani Rao', '2020-06-15', 'female', 507),
  (5214, 'AP_ECD_000215', 'Nihal Sharma', '2022-01-31', 'male', 508),
  (5215, 'AP_ECD_000216', 'Deepika Babu', '2020-12-06', 'female', 509),
  (5216, 'AP_ECD_000217', 'Gayathri Prasad', '2025-02-23', 'female', 510),
  (5217, 'AP_ECD_000218', 'Krishna Varma', '2023-03-10', 'male', 511),
  (5218, 'AP_ECD_000219', 'Venkat Chowdary', '2024-06-26', 'male', 512),
  (5219, 'AP_ECD_000220', 'Lavanya Raju', '2023-03-06', 'female', 513),
  (5220, 'AP_ECD_000221', 'Mahesh Swamy', '2021-09-25', 'male', 467),
  (5221, 'AP_ECD_000222', 'Ganesh Gupta', '2025-03-23', 'male', 514),
  (5222, 'AP_ECD_000223', 'Kiran Patel', '2025-05-01', 'male', 515),
  (5223, 'AP_ECD_000224', 'Radhika Murthy', '2022-08-19', 'female', 376),
  (5224, 'AP_ECD_000225', 'Sahasra Goud', '2023-10-11', 'female', 516),
  (5225, 'AP_ECD_000226', 'Pavan Reddy', '2021-10-28', 'male', 517),
  (5226, 'AP_ECD_000227', 'Charan Naidu', '2023-08-20', 'male', 410),
  (5227, 'AP_ECD_000228', 'Tarun Kumar', '2024-09-25', 'male', 518),
  (5228, 'AP_ECD_000229', 'Gowri Rao', '2020-04-10', 'female', 519),
  (5229, 'AP_ECD_000230', 'Himaja Sharma', '2022-09-12', 'female', 520),
  (5230, 'AP_ECD_000231', 'Indu Babu', '2022-01-17', 'female', 521),
  (5231, 'AP_ECD_000232', 'Kamala Prasad', '2020-05-09', 'female', 522),
  (5232, 'AP_ECD_000233', 'Meghana Varma', '2020-03-26', 'female', 523),
  (5233, 'AP_ECD_000234', 'Niharika Chowdary', '2022-09-01', 'female', 524),
  (5234, 'AP_ECD_000235', 'Pooja Raju', '2024-08-17', 'female', 525),
  (5235, 'AP_ECD_000236', 'Sahiti Swamy', '2020-04-02', 'female', 526),
  (5236, 'AP_ECD_000237', 'Tanvi Gupta', '2024-09-02', 'female', 527),
  (5237, 'AP_ECD_000238', 'Kabir Patel', '2024-08-25', 'male', 528),
  (5238, 'AP_ECD_000239', 'Anjali Murthy', '2024-12-02', 'female', 529),
  (5239, 'AP_ECD_000240', 'Bhargavi Goud', '2021-07-14', 'female', 530),
  (5240, 'AP_ECD_000241', 'Omkar Reddy', '2021-04-10', 'male', 531),
  (5241, 'AP_ECD_000242', 'Tanish Naidu', '2021-12-10', 'male', 417),
  (5242, 'AP_ECD_000243', 'Manasa Kumar', '2023-01-04', 'female', 530),
  (5243, 'AP_ECD_000244', 'Neelima Rao', '2023-10-27', 'female', 532),
  (5244, 'AP_ECD_000245', 'Jyothi Sharma', '2024-06-12', 'female', 499),
  (5245, 'AP_ECD_000246', 'Likhitha Babu', '2020-03-26', 'female', 533),
  (5246, 'AP_ECD_000247', 'Priya Prasad', '2022-01-02', 'female', 534),
  (5247, 'AP_ECD_000248', 'Rohit Varma', '2022-06-25', 'male', 535),
  (5248, 'AP_ECD_000249', 'Sravani Chowdary', '2020-01-08', 'female', 536),
  (5249, 'AP_ECD_000250', 'Divya Raju', '2020-12-09', 'female', 537),
  (5250, 'AP_ECD_000251', 'Keerthi Swamy', '2020-01-23', 'female', 538),
  (5251, 'AP_ECD_000252', 'Mounika Gupta', '2022-02-02', 'female', 539),
  (5252, 'AP_ECD_000253', 'Swathi Patel', '2023-12-16', 'female', 540),
  (5253, 'AP_ECD_000254', 'Suresh Murthy', '2023-03-25', 'male', 541),
  (5254, 'AP_ECD_000255', 'Rajesh Goud', '2020-10-30', 'male', 542),
  (5255, 'AP_ECD_000256', 'Harish Reddy', '2024-03-05', 'male', 543),
  (5256, 'AP_ECD_000257', 'Manish Naidu', '2023-11-02', 'male', 414),
  (5257, 'AP_ECD_000258', 'Gayathri Kumar', '2022-03-19', 'female', 544),
  (5258, 'AP_ECD_000259', 'Arjun Rao', '2020-05-12', 'male', 545),
  (5259, 'AP_ECD_000260', 'Ravi Sharma', '2020-11-15', 'male', 546),
  (5260, 'AP_ECD_000261', 'Lavanya Babu', '2023-01-02', 'female', 458),
  (5261, 'AP_ECD_000262', 'Venkat Prasad', '2021-09-12', 'male', 547),
  (5262, 'AP_ECD_000263', 'Srinivas Varma', '2024-09-25', 'male', 548),
  (5263, 'AP_ECD_000264', 'Mahesh Chowdary', '2023-07-24', 'male', 549),
  (5264, 'AP_ECD_000265', 'Ganesh Raju', '2025-01-11', 'male', 550),
  (5265, 'AP_ECD_000266', 'Kiran Swamy', '2021-12-25', 'male', 551),
  (5266, 'AP_ECD_000267', 'Mohan Gupta', '2020-08-03', 'male', 552),
  (5267, 'AP_ECD_000268', 'Gopal Patel', '2023-01-28', 'male', 553),
  (5268, 'AP_ECD_000269', 'Pavan Murthy', '2023-05-08', 'male', 554),
  (5269, 'AP_ECD_000270', 'Charan Goud', '2021-04-20', 'male', 555),
  (5270, 'AP_ECD_000271', 'Himaja Reddy', '2022-01-09', 'female', 556),
  (5271, 'AP_ECD_000272', 'Indu Naidu', '2023-04-08', 'female', 319),
  (5272, 'AP_ECD_000273', 'Kamala Kumar', '2022-11-19', 'female', 557),
  (5273, 'AP_ECD_000274', 'Pranav Rao', '2023-04-03', 'male', 558),
  (5274, 'AP_ECD_000275', 'Niharika Sharma', '2023-09-24', 'female', 559),
  (5275, 'AP_ECD_000276', 'Dhruv Babu', '2023-02-15', 'male', 560),
  (5276, 'AP_ECD_000277', 'Ishaan Prasad', '2024-03-05', 'male', 561),
  (5277, 'AP_ECD_000278', 'Vivaan Varma', '2022-06-05', 'male', 562),
  (5278, 'AP_ECD_000279', 'Varsha Chowdary', '2023-02-16', 'female', 563),
  (5279, 'AP_ECD_000280', 'Anjali Raju', '2021-06-02', 'female', 564),
  (5280, 'AP_ECD_000281', 'Bhargavi Swamy', '2025-02-26', 'female', 565),
  (5281, 'AP_ECD_000282', 'Durga Gupta', '2021-01-16', 'female', 566),
  (5282, 'AP_ECD_000283', 'Vihaan Patel', '2024-05-11', 'male', 567),
  (5283, 'AP_ECD_000284', 'Manasa Murthy', '2020-06-07', 'female', 385),
  (5284, 'AP_ECD_000285', 'Neelima Goud', '2023-11-09', 'female', 568),
  (5285, 'AP_ECD_000286', 'Jyothi Reddy', '2023-02-12', 'female', 569),
  (5286, 'AP_ECD_000287', 'Likhitha Naidu', '2022-09-11', 'female', 570),
  (5287, 'AP_ECD_000288', 'Priya Kumar', '2023-09-12', 'female', 571),
  (5288, 'AP_ECD_000289', 'Lakshmi Rao', '2022-04-05', 'female', 572),
  (5289, 'AP_ECD_000290', 'Vikram Sharma', '2023-05-08', 'male', 573),
  (5290, 'AP_ECD_000291', 'Divya Babu', '2020-02-04', 'female', 574),
  (5291, 'AP_ECD_000292', 'Ajay Prasad', '2020-03-15', 'male', 575),
  (5292, 'AP_ECD_000293', 'Mounika Varma', '2023-07-27', 'female', 576),
  (5293, 'AP_ECD_000294', 'Ramesh Chowdary', '2022-07-19', 'male', 577),
  (5294, 'AP_ECD_000295', 'Satish Raju', '2020-03-11', 'male', 578),
  (5295, 'AP_ECD_000296', 'Naresh Swamy', '2023-05-14', 'male', 579),
  (5296, 'AP_ECD_000297', 'Suresh Gupta', '2021-05-07', 'male', 579),
  (5297, 'AP_ECD_000298', 'Deepika Patel', '2025-05-02', 'female', 580),
  (5298, 'AP_ECD_000299', 'Harish Murthy', '2020-06-28', 'male', 581),
  (5299, 'AP_ECD_000300', 'Manish Goud', '2024-03-04', 'male', 582)
ON CONFLICT (id) DO NOTHING;

INSERT INTO children (id, child_unique_id, name, dob, gender, awc_id) VALUES
  (5300, 'AP_ECD_000301', 'Kavya Reddy', '2023-01-23', 'female', 583),
  (5301, 'AP_ECD_000302', 'Arjun Naidu', '2022-09-18', 'male', 584),
  (5302, 'AP_ECD_000303', 'Ravi Kumar', '2023-05-30', 'male', 585),
  (5303, 'AP_ECD_000304', 'Krishna Rao', '2024-06-09', 'male', 586),
  (5304, 'AP_ECD_000305', 'Padma Sharma', '2024-03-24', 'female', 587),
  (5305, 'AP_ECD_000306', 'Srinivas Babu', '2024-08-11', 'male', 588),
  (5306, 'AP_ECD_000307', 'Sahasra Prasad', '2021-12-06', 'female', 383),
  (5307, 'AP_ECD_000308', 'Ganesh Varma', '2020-12-27', 'male', 572),
  (5308, 'AP_ECD_000309', 'Ananya Chowdary', '2024-05-08', 'female', 589),
  (5309, 'AP_ECD_000310', 'Mohan Raju', '2021-09-24', 'male', 590),
  (5310, 'AP_ECD_000311', 'Gopal Swamy', '2020-12-14', 'male', 591),
  (5311, 'AP_ECD_000312', 'Pavan Gupta', '2020-08-05', 'male', 592),
  (5312, 'AP_ECD_000313', 'Charan Patel', '2025-03-12', 'male', 593),
  (5313, 'AP_ECD_000314', 'Tarun Murthy', '2022-10-08', 'male', 594),
  (5314, 'AP_ECD_000315', 'Meghana Goud', '2025-02-26', 'female', 595),
  (5315, 'AP_ECD_000316', 'Sai Reddy', '2023-09-26', 'male', 596),
  (5316, 'AP_ECD_000317', 'Pranav Naidu', '2023-10-12', 'male', 597),
  (5317, 'AP_ECD_000318', 'Sahiti Kumar', '2025-01-30', 'female', 598),
  (5318, 'AP_ECD_000319', 'Tanvi Rao', '2020-02-13', 'female', 404),
  (5319, 'AP_ECD_000320', 'Ishaan Sharma', '2020-02-13', 'male', 599),
  (5320, 'AP_ECD_000321', 'Vivaan Babu', '2022-11-12', 'male', 600),
  (5321, 'AP_ECD_000322', 'Bhargavi Prasad', '2021-04-30', 'female', 601),
  (5322, 'AP_ECD_000323', 'Arnav Varma', '2020-01-31', 'male', 602),
  (5323, 'AP_ECD_000324', 'Esha Chowdary', '2024-10-03', 'female', 603),
  (5324, 'AP_ECD_000325', 'Shaurya Raju', '2025-06-10', 'male', 604),
  (5325, 'AP_ECD_000326', 'Vihaan Swamy', '2024-11-11', 'male', 605),
  (5326, 'AP_ECD_000327', 'Jyothi Gupta', '2020-05-01', 'female', 606),
  (5327, 'AP_ECD_000328', 'Tanish Patel', '2024-02-11', 'male', 607),
  (5328, 'AP_ECD_000329', 'Priya Murthy', '2024-05-30', 'female', 608),
  (5329, 'AP_ECD_000330', 'Lakshmi Goud', '2021-05-22', 'female', 609),
  (5330, 'AP_ECD_000331', 'Sravani Reddy', '2023-07-01', 'female', 610),
  (5331, 'AP_ECD_000332', 'Divya Naidu', '2025-06-21', 'female', 611),
  (5332, 'AP_ECD_000333', 'Keerthi Kumar', '2024-10-06', 'female', 612),
  (5333, 'AP_ECD_000334', 'Rohit Rao', '2022-08-15', 'male', 613),
  (5334, 'AP_ECD_000335', 'Ajay Sharma', '2020-03-15', 'male', 614),
  (5335, 'AP_ECD_000336', 'Vijay Babu', '2023-04-04', 'male', 562),
  (5336, 'AP_ECD_000337', 'Ramesh Prasad', '2022-06-21', 'male', 615),
  (5337, 'AP_ECD_000338', 'Satish Varma', '2024-05-30', 'male', 616),
  (5338, 'AP_ECD_000339', 'Naresh Chowdary', '2024-11-12', 'male', 617),
  (5339, 'AP_ECD_000340', 'Suresh Raju', '2024-11-21', 'male', 343),
  (5340, 'AP_ECD_000341', 'Rajesh Swamy', '2024-08-24', 'male', 514),
  (5341, 'AP_ECD_000342', 'Harish Gupta', '2021-04-01', 'male', 618),
  (5342, 'AP_ECD_000343', 'Lavanya Patel', '2020-09-16', 'female', 619),
  (5343, 'AP_ECD_000344', 'Nihal Murthy', '2022-07-04', 'male', 620),
  (5344, 'AP_ECD_000345', 'Arjun Goud', '2024-09-22', 'male', 621),
  (5345, 'AP_ECD_000346', 'Padma Reddy', '2023-10-08', 'female', 622),
  (5346, 'AP_ECD_000347', 'Radhika Naidu', '2024-02-25', 'female', 623),
  (5347, 'AP_ECD_000348', 'Venkat Kumar', '2023-10-18', 'male', 530),
  (5348, 'AP_ECD_000349', 'Srinivas Rao', '2022-03-05', 'male', 624),
  (5349, 'AP_ECD_000350', 'Ananya Sharma', '2024-09-16', 'female', 625),
  (5350, 'AP_ECD_000351', 'Diya Babu', '2021-08-07', 'female', 626),
  (5351, 'AP_ECD_000352', 'Kiran Prasad', '2023-09-23', 'male', 627),
  (5352, 'AP_ECD_000353', 'Mohan Varma', '2021-01-05', 'male', 628),
  (5353, 'AP_ECD_000354', 'Indu Chowdary', '2022-07-06', 'female', 629),
  (5354, 'AP_ECD_000355', 'Kamala Raju', '2021-01-12', 'female', 630),
  (5355, 'AP_ECD_000356', 'Meghana Swamy', '2024-05-07', 'female', 519),
  (5356, 'AP_ECD_000357', 'Niharika Gupta', '2025-05-08', 'female', 631),
  (5357, 'AP_ECD_000358', 'Varun Patel', '2021-06-02', 'male', 632),
  (5358, 'AP_ECD_000359', 'Sai Murthy', '2022-03-22', 'male', 633),
  (5359, 'AP_ECD_000360', 'Tanvi Goud', '2020-10-18', 'female', 634),
  (5360, 'AP_ECD_000361', 'Aarav Reddy', '2020-06-17', 'male', 635),
  (5361, 'AP_ECD_000362', 'Anjali Naidu', '2024-05-22', 'female', 636),
  (5362, 'AP_ECD_000363', 'Ishaan Kumar', '2022-10-14', 'male', 637),
  (5363, 'AP_ECD_000364', 'Vivaan Rao', '2022-06-01', 'male', 638),
  (5364, 'AP_ECD_000365', 'Esha Sharma', '2021-05-24', 'female', 639),
  (5365, 'AP_ECD_000366', 'Manasa Babu', '2024-09-14', 'female', 640),
  (5366, 'AP_ECD_000367', 'Neelima Prasad', '2020-08-05', 'female', 641),
  (5367, 'AP_ECD_000368', 'Shaurya Varma', '2024-08-13', 'male', 642),
  (5368, 'AP_ECD_000369', 'Likhitha Chowdary', '2021-12-31', 'female', 643),
  (5369, 'AP_ECD_000370', 'Omkar Raju', '2025-01-09', 'male', 457),
  (5370, 'AP_ECD_000371', 'Tanish Swamy', '2021-10-31', 'male', 644),
  (5371, 'AP_ECD_000372', 'Rohan Gupta', '2021-10-20', 'male', 645),
  (5372, 'AP_ECD_000373', 'Yash Patel', '2020-11-30', 'male', 646),
  (5373, 'AP_ECD_000374', 'Keerthi Murthy', '2021-10-25', 'female', 647),
  (5374, 'AP_ECD_000375', 'Mounika Goud', '2024-07-05', 'female', 648),
  (5375, 'AP_ECD_000376', 'Swathi Reddy', '2023-05-12', 'female', 319),
  (5376, 'AP_ECD_000377', 'Anusha Naidu', '2022-03-12', 'female', 649),
  (5377, 'AP_ECD_000378', 'Ajay Kumar', '2024-04-09', 'male', 650),
  (5378, 'AP_ECD_000379', 'Vijay Rao', '2023-03-07', 'male', 651),
  (5379, 'AP_ECD_000380', 'Deepika Sharma', '2023-06-19', 'female', 652),
  (5380, 'AP_ECD_000381', 'Satish Babu', '2023-04-19', 'male', 653),
  (5381, 'AP_ECD_000382', 'Naresh Prasad', '2020-02-14', 'male', 654),
  (5382, 'AP_ECD_000383', 'Suresh Varma', '2025-02-16', 'male', 655),
  (5383, 'AP_ECD_000384', 'Lavanya Chowdary', '2022-10-20', 'female', 656),
  (5384, 'AP_ECD_000385', 'Madhavi Raju', '2022-09-12', 'female', 657),
  (5385, 'AP_ECD_000386', 'Nandini Swamy', '2021-10-09', 'female', 658),
  (5386, 'AP_ECD_000387', 'Nihal Gupta', '2024-05-15', 'male', 659),
  (5387, 'AP_ECD_000388', 'Arjun Patel', '2023-06-07', 'male', 660),
  (5388, 'AP_ECD_000389', 'Ravi Murthy', '2021-11-27', 'male', 661),
  (5389, 'AP_ECD_000390', 'Krishna Goud', '2022-01-21', 'male', 662),
  (5390, 'AP_ECD_000391', 'Venkat Reddy', '2025-01-14', 'male', 663),
  (5391, 'AP_ECD_000392', 'Diya Naidu', '2024-04-17', 'female', 664),
  (5392, 'AP_ECD_000393', 'Mahesh Kumar', '2024-10-15', 'male', 665),
  (5393, 'AP_ECD_000394', 'Ganesh Rao', '2021-02-12', 'male', 519),
  (5394, 'AP_ECD_000395', 'Kiran Sharma', '2020-01-11', 'male', 637),
  (5395, 'AP_ECD_000396', 'Kamala Babu', '2022-10-16', 'female', 666),
  (5396, 'AP_ECD_000397', 'Gopal Prasad', '2025-01-29', 'male', 667),
  (5397, 'AP_ECD_000398', 'Niharika Varma', '2020-12-23', 'female', 668),
  (5398, 'AP_ECD_000399', 'Pooja Chowdary', '2024-11-08', 'female', 669),
  (5399, 'AP_ECD_000400', 'Tarun Raju', '2021-11-01', 'male', 670)
ON CONFLICT (id) DO NOTHING;

INSERT INTO children (id, child_unique_id, name, dob, gender, awc_id) VALUES
  (5400, 'AP_ECD_000401', 'Tanvi Swamy', '2024-09-27', 'female', 671),
  (5401, 'AP_ECD_000402', 'Sai Gupta', '2022-07-02', 'male', 672),
  (5402, 'AP_ECD_000403', 'Pranav Patel', '2024-04-06', 'male', 529),
  (5403, 'AP_ECD_000404', 'Aarav Murthy', '2022-11-21', 'male', 417),
  (5404, 'AP_ECD_000405', 'Durga Goud', '2021-11-14', 'female', 673),
  (5405, 'AP_ECD_000406', 'Ishaan Reddy', '2024-01-29', 'male', 345),
  (5406, 'AP_ECD_000407', 'Manasa Naidu', '2020-08-26', 'female', 674),
  (5407, 'AP_ECD_000408', 'Neelima Kumar', '2021-03-26', 'female', 675),
  (5408, 'AP_ECD_000409', 'Jyothi Rao', '2024-04-14', 'female', 676),
  (5409, 'AP_ECD_000410', 'Kabir Sharma', '2023-06-11', 'male', 677),
  (5410, 'AP_ECD_000411', 'Priya Babu', '2022-12-15', 'female', 378),
  (5411, 'AP_ECD_000412', 'Lakshmi Prasad', '2023-07-22', 'female', 678),
  (5412, 'AP_ECD_000413', 'Omkar Varma', '2025-01-19', 'male', 679),
  (5413, 'AP_ECD_000414', 'Divya Chowdary', '2021-07-06', 'female', 680),
  (5414, 'AP_ECD_000415', 'Rohan Raju', '2022-10-02', 'male', 549),
  (5415, 'AP_ECD_000416', 'Mounika Swamy', '2021-04-01', 'female', 681),
  (5416, 'AP_ECD_000417', 'Swathi Gupta', '2023-11-07', 'female', 682),
  (5417, 'AP_ECD_000418', 'Anusha Patel', '2023-11-25', 'female', 534),
  (5418, 'AP_ECD_000419', 'Vikram Murthy', '2021-10-11', 'male', 683),
  (5419, 'AP_ECD_000420', 'Chandini Goud', '2021-04-19', 'female', 684),
  (5420, 'AP_ECD_000421', 'Ajay Reddy', '2024-08-28', 'male', 685),
  (5421, 'AP_ECD_000422', 'Gayathri Naidu', '2025-06-16', 'female', 686),
  (5422, 'AP_ECD_000423', 'Harika Kumar', '2021-03-10', 'female', 687),
  (5423, 'AP_ECD_000424', 'Kavya Rao', '2022-10-27', 'female', 688),
  (5424, 'AP_ECD_000425', 'Naresh Sharma', '2021-09-09', 'male', 689),
  (5425, 'AP_ECD_000426', 'Madhavi Babu', '2024-12-05', 'female', 690),
  (5426, 'AP_ECD_000427', 'Nandini Prasad', '2022-08-31', 'female', 691),
  (5427, 'AP_ECD_000428', 'Padma Varma', '2022-05-27', 'female', 692),
  (5428, 'AP_ECD_000429', 'Radhika Chowdary', '2023-09-30', 'female', 412),
  (5429, 'AP_ECD_000430', 'Sahasra Raju', '2024-08-06', 'female', 693),
  (5430, 'AP_ECD_000431', 'Akshara Swamy', '2020-05-17', 'female', 694),
  (5431, 'AP_ECD_000432', 'Ravi Gupta', '2023-08-06', 'male', 695),
  (5432, 'AP_ECD_000433', 'Krishna Patel', '2022-06-14', 'male', 696),
  (5433, 'AP_ECD_000434', 'Venkat Murthy', '2020-06-05', 'male', 697),
  (5434, 'AP_ECD_000435', 'Himaja Goud', '2021-03-03', 'female', 698),
  (5435, 'AP_ECD_000436', 'Indu Reddy', '2024-04-03', 'female', 402),
  (5436, 'AP_ECD_000437', 'Ganesh Naidu', '2024-12-22', 'male', 699),
  (5437, 'AP_ECD_000438', 'Kiran Kumar', '2020-10-14', 'male', 700),
  (5438, 'AP_ECD_000439', 'Niharika Rao', '2022-04-04', 'female', 701),
  (5439, 'AP_ECD_000440', 'Gopal Sharma', '2020-07-15', 'male', 702),
  (5440, 'AP_ECD_000441', 'Pavan Babu', '2025-06-11', 'male', 703),
  (5441, 'AP_ECD_000442', 'Charan Prasad', '2025-03-16', 'male', 704),
  (5442, 'AP_ECD_000443', 'Varsha Varma', '2023-10-05', 'female', 705),
  (5443, 'AP_ECD_000444', 'Varun Chowdary', '2023-09-25', 'male', 706),
  (5444, 'AP_ECD_000445', 'Bhargavi Raju', '2024-11-03', 'female', 397),
  (5445, 'AP_ECD_000446', 'Pranav Swamy', '2020-01-22', 'male', 707),
  (5446, 'AP_ECD_000447', 'Aarav Gupta', '2022-07-20', 'male', 708),
  (5447, 'AP_ECD_000448', 'Dhruv Patel', '2023-08-20', 'male', 709),
  (5448, 'AP_ECD_000449', 'Neelima Murthy', '2021-01-02', 'female', 710),
  (5449, 'AP_ECD_000450', 'Jyothi Goud', '2021-02-03', 'female', 711),
  (5450, 'AP_ECD_000451', 'Aditya Reddy', '2023-01-17', 'male', 712),
  (5451, 'AP_ECD_000452', 'Priya Naidu', '2020-03-04', 'female', 713),
  (5452, 'AP_ECD_000453', 'Kabir Kumar', '2021-06-08', 'male', 489),
  (5453, 'AP_ECD_000454', 'Shaurya Rao', '2020-05-17', 'male', 714),
  (5454, 'AP_ECD_000455', 'Divya Sharma', '2020-05-19', 'female', 715),
  (5455, 'AP_ECD_000456', 'Keerthi Babu', '2021-11-24', 'female', 716),
  (5456, 'AP_ECD_000457', 'Tanish Prasad', '2022-12-05', 'male', 717),
  (5457, 'AP_ECD_000458', 'Rohan Varma', '2024-03-09', 'male', 718),
  (5458, 'AP_ECD_000459', 'Anusha Chowdary', '2022-08-14', 'female', 554),
  (5459, 'AP_ECD_000460', 'Bhavani Raju', '2020-05-07', 'female', 719),
  (5460, 'AP_ECD_000461', 'Tejas Swamy', '2022-04-06', 'male', 720),
  (5461, 'AP_ECD_000462', 'Vikram Gupta', '2020-04-02', 'male', 721),
  (5462, 'AP_ECD_000463', 'Gayathri Patel', '2020-05-17', 'female', 722),
  (5463, 'AP_ECD_000464', 'Ajay Murthy', '2024-06-06', 'male', 723),
  (5464, 'AP_ECD_000465', 'Kavya Goud', '2025-03-20', 'female', 604),
  (5465, 'AP_ECD_000466', 'Lavanya Reddy', '2023-04-06', 'female', 724),
  (5466, 'AP_ECD_000467', 'Satish Naidu', '2020-07-07', 'male', 701),
  (5467, 'AP_ECD_000468', 'Naresh Kumar', '2021-06-12', 'male', 725),
  (5468, 'AP_ECD_000469', 'Suresh Rao', '2024-07-30', 'male', 726),
  (5469, 'AP_ECD_000470', 'Rajesh Sharma', '2021-01-27', 'male', 727),
  (5470, 'AP_ECD_000471', 'Harish Babu', '2024-12-09', 'male', 428),
  (5471, 'AP_ECD_000472', 'Manish Prasad', '2022-07-31', 'male', 572),
  (5472, 'AP_ECD_000473', 'Nihal Varma', '2020-08-22', 'male', 728),
  (5473, 'AP_ECD_000474', 'Arjun Chowdary', '2020-05-15', 'male', 729),
  (5474, 'AP_ECD_000475', 'Gowri Raju', '2023-10-23', 'female', 730),
  (5475, 'AP_ECD_000476', 'Himaja Swamy', '2023-02-20', 'female', 731),
  (5476, 'AP_ECD_000477', 'Indu Gupta', '2024-07-02', 'female', 732),
  (5477, 'AP_ECD_000478', 'Kamala Patel', '2020-12-17', 'female', 733),
  (5478, 'AP_ECD_000479', 'Mahesh Murthy', '2021-09-23', 'male', 734),
  (5479, 'AP_ECD_000480', 'Niharika Goud', '2020-05-10', 'female', 735),
  (5480, 'AP_ECD_000481', 'Kiran Reddy', '2024-01-04', 'male', 736),
  (5481, 'AP_ECD_000482', 'Mohan Naidu', '2024-06-08', 'male', 737),
  (5482, 'AP_ECD_000483', 'Gopal Kumar', '2023-09-06', 'male', 738),
  (5483, 'AP_ECD_000484', 'Pavan Rao', '2022-12-23', 'male', 739),
  (5484, 'AP_ECD_000485', 'Anjali Sharma', '2023-05-10', 'female', 740),
  (5485, 'AP_ECD_000486', 'Tarun Babu', '2023-10-29', 'male', 741),
  (5486, 'AP_ECD_000487', 'Durga Prasad', '2022-02-23', 'female', 742),
  (5487, 'AP_ECD_000488', 'Sai Varma', '2022-01-29', 'male', 743),
  (5488, 'AP_ECD_000489', 'Manasa Chowdary', '2024-10-29', 'female', 744),
  (5489, 'AP_ECD_000490', 'Neelima Raju', '2025-01-03', 'female', 745),
  (5490, 'AP_ECD_000491', 'Dhruv Swamy', '2023-08-13', 'male', 746),
  (5491, 'AP_ECD_000492', 'Likhitha Gupta', '2024-06-08', 'female', 747),
  (5492, 'AP_ECD_000493', 'Vivaan Patel', '2020-01-29', 'male', 748),
  (5493, 'AP_ECD_000494', 'Lakshmi Murthy', '2023-08-23', 'female', 749),
  (5494, 'AP_ECD_000495', 'Arnav Goud', '2022-09-17', 'male', 750),
  (5495, 'AP_ECD_000496', 'Kabir Reddy', '2025-05-01', 'male', 751),
  (5496, 'AP_ECD_000497', 'Shaurya Naidu', '2025-03-08', 'male', 752),
  (5497, 'AP_ECD_000498', 'Vihaan Kumar', '2023-12-09', 'male', 423),
  (5498, 'AP_ECD_000499', 'Omkar Rao', '2023-03-21', 'male', 753),
  (5499, 'AP_ECD_000500', 'Tanish Sharma', '2020-11-19', 'male', 374)
ON CONFLICT (id) DO NOTHING;

INSERT INTO children (id, child_unique_id, name, dob, gender, awc_id) VALUES
  (5500, 'AP_ECD_000501', 'Rohan Babu', '2024-08-31', 'male', 754),
  (5501, 'AP_ECD_000502', 'Chandini Prasad', '2024-06-13', 'female', 755),
  (5502, 'AP_ECD_000503', 'Anirudh Varma', '2022-02-01', 'male', 756),
  (5503, 'AP_ECD_000504', 'Gayathri Chowdary', '2023-09-28', 'female', 757),
  (5504, 'AP_ECD_000505', 'Vikram Raju', '2025-04-11', 'male', 758),
  (5505, 'AP_ECD_000506', 'Rohit Swamy', '2023-07-28', 'male', 759),
  (5506, 'AP_ECD_000507', 'Lavanya Gupta', '2020-01-25', 'female', 760),
  (5507, 'AP_ECD_000508', 'Madhavi Patel', '2024-01-08', 'female', 761),
  (5508, 'AP_ECD_000509', 'Ramesh Murthy', '2022-09-29', 'male', 762),
  (5509, 'AP_ECD_000510', 'Satish Goud', '2024-05-06', 'male', 763),
  (5510, 'AP_ECD_000511', 'Naresh Reddy', '2022-08-07', 'male', 324),
  (5511, 'AP_ECD_000512', 'Suresh Naidu', '2021-05-13', 'male', 441),
  (5512, 'AP_ECD_000513', 'Rajesh Kumar', '2021-10-28', 'male', 764),
  (5513, 'AP_ECD_000514', 'Harish Rao', '2021-09-22', 'male', 765),
  (5514, 'AP_ECD_000515', 'Diya Sharma', '2022-11-04', 'female', 470),
  (5515, 'AP_ECD_000516', 'Gowri Babu', '2020-05-10', 'female', 766),
  (5516, 'AP_ECD_000517', 'Himaja Prasad', '2024-08-12', 'female', 767),
  (5517, 'AP_ECD_000518', 'Indu Varma', '2023-10-08', 'female', 768),
  (5518, 'AP_ECD_000519', 'Krishna Chowdary', '2020-01-19', 'male', 769),
  (5519, 'AP_ECD_000520', 'Meghana Raju', '2020-03-13', 'female', 770),
  (5520, 'AP_ECD_000521', 'Niharika Swamy', '2020-02-07', 'female', 771),
  (5521, 'AP_ECD_000522', 'Pooja Gupta', '2024-09-12', 'female', 392),
  (5522, 'AP_ECD_000523', 'Sahiti Patel', '2020-07-27', 'female', 772),
  (5523, 'AP_ECD_000524', 'Kiran Murthy', '2021-01-02', 'male', 773),
  (5524, 'AP_ECD_000525', 'Mohan Goud', '2023-10-28', 'male', 774),
  (5525, 'AP_ECD_000526', 'Anjali Reddy', '2023-02-08', 'female', 775),
  (5526, 'AP_ECD_000527', 'Bhargavi Naidu', '2022-11-15', 'female', 776),
  (5527, 'AP_ECD_000528', 'Charan Kumar', '2024-04-23', 'male', 777),
  (5528, 'AP_ECD_000529', 'Tarun Rao', '2020-03-12', 'male', 697),
  (5529, 'AP_ECD_000530', 'Varun Sharma', '2023-12-28', 'male', 550),
  (5530, 'AP_ECD_000531', 'Sai Babu', '2021-07-22', 'male', 778),
  (5531, 'AP_ECD_000532', 'Jyothi Prasad', '2020-03-19', 'female', 779),
  (5532, 'AP_ECD_000533', 'Aarav Varma', '2020-08-03', 'male', 780),
  (5533, 'AP_ECD_000534', 'Dhruv Chowdary', '2024-02-05', 'male', 781),
  (5534, 'AP_ECD_000535', 'Lakshmi Raju', '2021-05-18', 'female', 782),
  (5535, 'AP_ECD_000536', 'Sravani Swamy', '2020-06-29', 'female', 783),
  (5536, 'AP_ECD_000537', 'Divya Gupta', '2021-06-29', 'female', 784),
  (5537, 'AP_ECD_000538', 'Keerthi Patel', '2023-02-15', 'female', 753),
  (5538, 'AP_ECD_000539', 'Kabir Murthy', '2024-03-29', 'male', 785),
  (5539, 'AP_ECD_000540', 'Swathi Goud', '2021-02-05', 'female', 695),
  (5540, 'AP_ECD_000541', 'Anusha Reddy', '2025-01-08', 'female', 661),
  (5541, 'AP_ECD_000542', 'Bhavani Naidu', '2024-06-26', 'female', 786),
  (5542, 'AP_ECD_000543', 'Chandini Kumar', '2022-09-30', 'female', 787),
  (5543, 'AP_ECD_000544', 'Rohan Rao', '2020-05-04', 'male', 788),
  (5544, 'AP_ECD_000545', 'Yash Sharma', '2021-12-17', 'male', 635),
  (5545, 'AP_ECD_000546', 'Anirudh Babu', '2020-03-21', 'male', 789),
  (5546, 'AP_ECD_000547', 'Tejas Prasad', '2021-09-19', 'male', 790),
  (5547, 'AP_ECD_000548', 'Vikram Varma', '2021-09-07', 'male', 791),
  (5548, 'AP_ECD_000549', 'Madhavi Chowdary', '2021-07-02', 'female', 792),
  (5549, 'AP_ECD_000550', 'Nandini Raju', '2024-02-12', 'female', 793),
  (5550, 'AP_ECD_000551', 'Vijay Swamy', '2025-06-22', 'male', 794),
  (5551, 'AP_ECD_000552', 'Radhika Gupta', '2023-06-11', 'female', 795),
  (5552, 'AP_ECD_000553', 'Sahasra Patel', '2025-05-01', 'female', 796),
  (5553, 'AP_ECD_000554', 'Akshara Murthy', '2023-11-29', 'female', 326),
  (5554, 'AP_ECD_000555', 'Ananya Goud', '2020-07-16', 'female', 797),
  (5555, 'AP_ECD_000556', 'Diya Reddy', '2022-02-11', 'female', 547),
  (5556, 'AP_ECD_000557', 'Gowri Naidu', '2024-10-07', 'female', 685),
  (5557, 'AP_ECD_000558', 'Himaja Kumar', '2022-10-02', 'female', 346),
  (5558, 'AP_ECD_000559', 'Nihal Rao', '2023-10-05', 'male', 798),
  (5559, 'AP_ECD_000560', 'Arjun Sharma', '2021-09-10', 'male', 799),
  (5560, 'AP_ECD_000561', 'Meghana Babu', '2023-10-22', 'female', 800),
  (5561, 'AP_ECD_000562', 'Krishna Prasad', '2022-10-20', 'male', 801),
  (5562, 'AP_ECD_000563', 'Pooja Varma', '2020-11-08', 'female', 802),
  (5563, 'AP_ECD_000564', 'Sahiti Chowdary', '2024-04-17', 'female', 803),
  (5564, 'AP_ECD_000565', 'Tanvi Raju', '2025-04-18', 'female', 804),
  (5565, 'AP_ECD_000566', 'Ganesh Swamy', '2022-07-11', 'male', 805),
  (5566, 'AP_ECD_000567', 'Anjali Gupta', '2020-05-08', 'female', 671),
  (5567, 'AP_ECD_000568', 'Mohan Patel', '2024-08-26', 'male', 486),
  (5568, 'AP_ECD_000569', 'Gopal Murthy', '2021-07-10', 'male', 806),
  (5569, 'AP_ECD_000570', 'Esha Goud', '2023-10-14', 'female', 653),
  (5570, 'AP_ECD_000571', 'Manasa Reddy', '2022-08-30', 'female', 807),
  (5571, 'AP_ECD_000572', 'Tarun Naidu', '2023-04-05', 'male', 709),
  (5572, 'AP_ECD_000573', 'Jyothi Kumar', '2025-01-20', 'female', 808),
  (5573, 'AP_ECD_000574', 'Likhitha Rao', '2020-03-29', 'female', 344),
  (5574, 'AP_ECD_000575', 'Pranav Sharma', '2024-03-02', 'male', 809),
  (5575, 'AP_ECD_000576', 'Aarav Babu', '2025-05-09', 'male', 408),
  (5576, 'AP_ECD_000577', 'Dhruv Prasad', '2024-11-01', 'male', 308),
  (5577, 'AP_ECD_000578', 'Divya Varma', '2023-12-09', 'female', 810),
  (5578, 'AP_ECD_000579', 'Keerthi Chowdary', '2021-12-19', 'female', 344),
  (5579, 'AP_ECD_000580', 'Mounika Raju', '2024-01-11', 'female', 811),
  (5580, 'AP_ECD_000581', 'Swathi Swamy', '2020-03-28', 'female', 812),
  (5581, 'AP_ECD_000582', 'Anusha Gupta', '2023-09-27', 'female', 813),
  (5582, 'AP_ECD_000583', 'Bhavani Patel', '2022-03-10', 'female', 814),
  (5583, 'AP_ECD_000584', 'Vihaan Murthy', '2020-09-04', 'male', 815),
  (5584, 'AP_ECD_000585', 'Deepika Goud', '2022-06-28', 'female', 768),
  (5585, 'AP_ECD_000586', 'Tanish Reddy', '2023-02-28', 'male', 816),
  (5586, 'AP_ECD_000587', 'Harika Naidu', '2021-12-12', 'female', 704),
  (5587, 'AP_ECD_000588', 'Kavya Kumar', '2021-05-18', 'female', 817),
  (5588, 'AP_ECD_000589', 'Anirudh Rao', '2022-11-26', 'male', 818),
  (5589, 'AP_ECD_000590', 'Tejas Sharma', '2024-09-20', 'male', 819),
  (5590, 'AP_ECD_000591', 'Nandini Babu', '2023-07-09', 'female', 466),
  (5591, 'AP_ECD_000592', 'Rohit Prasad', '2024-03-16', 'male', 820),
  (5592, 'AP_ECD_000593', 'Ajay Varma', '2021-12-29', 'male', 505),
  (5593, 'AP_ECD_000594', 'Vijay Chowdary', '2023-10-20', 'male', 821),
  (5594, 'AP_ECD_000595', 'Akshara Raju', '2024-07-25', 'female', 698),
  (5595, 'AP_ECD_000596', 'Satish Swamy', '2024-10-13', 'male', 822),
  (5596, 'AP_ECD_000597', 'Naresh Gupta', '2024-08-18', 'male', 823),
  (5597, 'AP_ECD_000598', 'Gowri Patel', '2024-09-03', 'female', 519),
  (5598, 'AP_ECD_000599', 'Rajesh Murthy', '2022-05-12', 'male', 824),
  (5599, 'AP_ECD_000600', 'Harish Goud', '2021-11-03', 'male', 825)
ON CONFLICT (id) DO NOTHING;

INSERT INTO children (id, child_unique_id, name, dob, gender, awc_id) VALUES
  (5600, 'AP_ECD_000601', 'Kamala Reddy', '2021-01-31', 'female', 625),
  (5601, 'AP_ECD_000602', 'Nihal Naidu', '2023-07-24', 'male', 826),
  (5602, 'AP_ECD_000603', 'Niharika Kumar', '2023-06-20', 'female', 827),
  (5603, 'AP_ECD_000604', 'Pooja Rao', '2022-11-01', 'female', 828),
  (5604, 'AP_ECD_000605', 'Sahiti Sharma', '2025-05-28', 'female', 829),
  (5605, 'AP_ECD_000606', 'Tanvi Babu', '2021-10-21', 'female', 474),
  (5606, 'AP_ECD_000607', 'Srinivas Prasad', '2025-01-28', 'male', 830),
  (5607, 'AP_ECD_000608', 'Mahesh Varma', '2020-04-08', 'male', 831),
  (5608, 'AP_ECD_000609', 'Bhargavi Chowdary', '2022-09-15', 'female', 832),
  (5609, 'AP_ECD_000610', 'Durga Raju', '2020-03-13', 'female', 833),
  (5610, 'AP_ECD_000611', 'Mohan Swamy', '2022-06-18', 'male', 834),
  (5611, 'AP_ECD_000612', 'Gopal Gupta', '2024-05-24', 'male', 835),
  (5612, 'AP_ECD_000613', 'Pavan Patel', '2022-11-19', 'male', 836),
  (5613, 'AP_ECD_000614', 'Jyothi Murthy', '2023-12-28', 'female', 837),
  (5614, 'AP_ECD_000615', 'Tarun Goud', '2020-01-09', 'male', 838),
  (5615, 'AP_ECD_000616', 'Priya Reddy', '2025-03-15', 'female', 743),
  (5616, 'AP_ECD_000617', 'Sai Naidu', '2022-02-28', 'male', 839),
  (5617, 'AP_ECD_000618', 'Sravani Kumar', '2023-10-10', 'female', 343),
  (5618, 'AP_ECD_000619', 'Divya Rao', '2020-09-15', 'female', 840),
  (5619, 'AP_ECD_000620', 'Dhruv Sharma', '2023-12-23', 'male', 841),
  (5620, 'AP_ECD_000621', 'Ishaan Babu', '2020-04-24', 'male', 651),
  (5621, 'AP_ECD_000622', 'Swathi Prasad', '2024-01-19', 'female', 842),
  (5622, 'AP_ECD_000623', 'Aditya Varma', '2024-09-19', 'male', 843),
  (5623, 'AP_ECD_000624', 'Bhavani Chowdary', '2025-02-04', 'female', 844),
  (5624, 'AP_ECD_000625', 'Kabir Raju', '2022-10-28', 'male', 845),
  (5625, 'AP_ECD_000626', 'Shaurya Swamy', '2022-11-08', 'male', 846),
  (5626, 'AP_ECD_000627', 'Vihaan Gupta', '2022-04-17', 'male', 788),
  (5627, 'AP_ECD_000628', 'Omkar Patel', '2024-01-03', 'male', 847),
  (5628, 'AP_ECD_000629', 'Tanish Murthy', '2023-12-14', 'male', 392),
  (5629, 'AP_ECD_000630', 'Rohan Goud', '2024-08-14', 'male', 848),
  (5630, 'AP_ECD_000631', 'Madhavi Reddy', '2020-07-11', 'female', 849),
  (5631, 'AP_ECD_000632', 'Anirudh Naidu', '2024-02-21', 'male', 850),
  (5632, 'AP_ECD_000633', 'Tejas Kumar', '2023-12-12', 'male', 411),
  (5633, 'AP_ECD_000634', 'Radhika Rao', '2023-09-20', 'female', 851),
  (5634, 'AP_ECD_000635', 'Rohit Sharma', '2023-01-24', 'male', 852),
  (5635, 'AP_ECD_000636', 'Ajay Babu', '2020-08-31', 'male', 853),
  (5636, 'AP_ECD_000637', 'Vijay Prasad', '2020-03-18', 'male', 854),
  (5637, 'AP_ECD_000638', 'Ramesh Varma', '2021-08-18', 'male', 855),
  (5638, 'AP_ECD_000639', 'Gowri Chowdary', '2022-05-21', 'female', 856),
  (5639, 'AP_ECD_000640', 'Naresh Raju', '2024-08-08', 'male', 857),
  (5640, 'AP_ECD_000641', 'Suresh Swamy', '2023-02-21', 'male', 858),
  (5641, 'AP_ECD_000642', 'Rajesh Gupta', '2025-01-31', 'male', 859),
  (5642, 'AP_ECD_000643', 'Harish Patel', '2025-02-27', 'male', 390),
  (5643, 'AP_ECD_000644', 'Manish Murthy', '2025-02-05', 'male', 860),
  (5644, 'AP_ECD_000645', 'Nihal Goud', '2024-11-13', 'male', 861),
  (5645, 'AP_ECD_000646', 'Arjun Reddy', '2022-12-12', 'male', 862),
  (5646, 'AP_ECD_000647', 'Ravi Naidu', '2024-01-05', 'male', 863),
  (5647, 'AP_ECD_000648', 'Krishna Kumar', '2020-07-16', 'male', 813),
  (5648, 'AP_ECD_000649', 'Venkat Rao', '2020-09-28', 'male', 864),
  (5649, 'AP_ECD_000650', 'Bhargavi Sharma', '2025-03-30', 'female', 865),
  (5650, 'AP_ECD_000651', 'Mahesh Babu', '2020-01-18', 'male', 866),
  (5651, 'AP_ECD_000652', 'Ganesh Prasad', '2022-11-24', 'male', 553),
  (5652, 'AP_ECD_000653', 'Kiran Varma', '2021-05-03', 'male', 867),
  (5653, 'AP_ECD_000654', 'Neelima Chowdary', '2022-11-07', 'female', 695),
  (5654, 'AP_ECD_000655', 'Jyothi Raju', '2023-10-17', 'female', 868),
  (5655, 'AP_ECD_000656', 'Pavan Swamy', '2021-09-16', 'male', 854),
  (5656, 'AP_ECD_000657', 'Priya Gupta', '2021-02-20', 'female', 869),
  (5657, 'AP_ECD_000658', 'Lakshmi Patel', '2022-03-09', 'female', 870),
  (5658, 'AP_ECD_000659', 'Varun Murthy', '2025-05-30', 'male', 871),
  (5659, 'AP_ECD_000660', 'Sai Goud', '2025-01-19', 'male', 872),
  (5660, 'AP_ECD_000661', 'Pranav Reddy', '2025-04-05', 'male', 873),
  (5661, 'AP_ECD_000662', 'Aarav Naidu', '2022-02-03', 'male', 410),
  (5662, 'AP_ECD_000663', 'Swathi Kumar', '2022-09-04', 'female', 872),
  (5663, 'AP_ECD_000664', 'Anusha Rao', '2020-08-24', 'female', 874),
  (5664, 'AP_ECD_000665', 'Bhavani Sharma', '2020-03-07', 'female', 875),
  (5665, 'AP_ECD_000666', 'Aditya Babu', '2021-07-12', 'male', 376),
  (5666, 'AP_ECD_000667', 'Deepika Prasad', '2022-07-21', 'female', 876),
  (5667, 'AP_ECD_000668', 'Kabir Varma', '2022-06-05', 'male', 433),
  (5668, 'AP_ECD_000669', 'Harika Chowdary', '2020-03-11', 'female', 877),
  (5669, 'AP_ECD_000670', 'Vihaan Raju', '2022-12-24', 'male', 701),
  (5670, 'AP_ECD_000671', 'Omkar Swamy', '2021-04-15', 'male', 878),
  (5671, 'AP_ECD_000672', 'Tanish Gupta', '2020-10-16', 'male', 879),
  (5672, 'AP_ECD_000673', 'Nandini Patel', '2020-10-31', 'female', 324),
  (5673, 'AP_ECD_000674', 'Padma Murthy', '2021-06-10', 'female', 880),
  (5674, 'AP_ECD_000675', 'Anirudh Goud', '2023-03-17', 'male', 881),
  (5675, 'AP_ECD_000676', 'Sahasra Reddy', '2024-09-25', 'female', 882),
  (5676, 'AP_ECD_000677', 'Vikram Naidu', '2025-04-23', 'male', 619),
  (5677, 'AP_ECD_000678', 'Rohit Kumar', '2023-05-16', 'male', 851),
  (5678, 'AP_ECD_000679', 'Diya Rao', '2024-12-24', 'female', 883),
  (5679, 'AP_ECD_000680', 'Gowri Sharma', '2022-09-21', 'female', 884),
  (5680, 'AP_ECD_000681', 'Ramesh Babu', '2021-02-06', 'male', 336),
  (5681, 'AP_ECD_000682', 'Indu Prasad', '2024-01-29', 'female', 885),
  (5682, 'AP_ECD_000683', 'Naresh Varma', '2023-10-20', 'male', 382),
  (5683, 'AP_ECD_000684', 'Meghana Chowdary', '2023-03-11', 'female', 849),
  (5684, 'AP_ECD_000685', 'Niharika Raju', '2025-01-03', 'female', 886),
  (5685, 'AP_ECD_000686', 'Pooja Swamy', '2021-08-27', 'female', 887),
  (5686, 'AP_ECD_000687', 'Sahiti Gupta', '2020-07-03', 'female', 539),
  (5687, 'AP_ECD_000688', 'Nihal Patel', '2021-09-02', 'male', 763),
  (5688, 'AP_ECD_000689', 'Arjun Murthy', '2023-02-01', 'male', 607),
  (5689, 'AP_ECD_000690', 'Ravi Goud', '2020-12-12', 'male', 552),
  (5690, 'AP_ECD_000691', 'Bhargavi Reddy', '2024-05-12', 'female', 888),
  (5691, 'AP_ECD_000692', 'Durga Naidu', '2021-10-01', 'female', 521),
  (5692, 'AP_ECD_000693', 'Srinivas Kumar', '2022-07-15', 'male', 889),
  (5693, 'AP_ECD_000694', 'Manasa Rao', '2023-01-25', 'female', 890),
  (5694, 'AP_ECD_000695', 'Ganesh Sharma', '2020-02-18', 'male', 891),
  (5695, 'AP_ECD_000696', 'Kiran Babu', '2023-12-20', 'male', 892),
  (5696, 'AP_ECD_000697', 'Likhitha Prasad', '2021-12-02', 'female', 893),
  (5697, 'AP_ECD_000698', 'Gopal Varma', '2021-09-11', 'male', 894),
  (5698, 'AP_ECD_000699', 'Pavan Chowdary', '2024-06-20', 'male', 895),
  (5699, 'AP_ECD_000700', 'Charan Raju', '2022-02-22', 'male', 354)
ON CONFLICT (id) DO NOTHING;

INSERT INTO children (id, child_unique_id, name, dob, gender, awc_id) VALUES
  (5700, 'AP_ECD_000701', 'Tarun Swamy', '2023-01-09', 'male', 896),
  (5701, 'AP_ECD_000702', 'Keerthi Gupta', '2024-08-07', 'female', 771),
  (5702, 'AP_ECD_000703', 'Sai Patel', '2023-03-01', 'male', 894),
  (5703, 'AP_ECD_000704', 'Pranav Murthy', '2021-04-14', 'male', 897),
  (5704, 'AP_ECD_000705', 'Anusha Goud', '2025-01-09', 'female', 898),
  (5705, 'AP_ECD_000706', 'Dhruv Reddy', '2022-04-26', 'male', 899),
  (5706, 'AP_ECD_000707', 'Chandini Naidu', '2024-06-17', 'female', 439),
  (5707, 'AP_ECD_000708', 'Deepika Kumar', '2024-04-16', 'female', 900),
  (5708, 'AP_ECD_000709', 'Aditya Rao', '2021-05-04', 'male', 901),
  (5709, 'AP_ECD_000710', 'Arnav Sharma', '2024-10-03', 'male', 902),
  (5710, 'AP_ECD_000711', 'Kabir Babu', '2020-09-17', 'male', 903),
  (5711, 'AP_ECD_000712', 'Shaurya Prasad', '2023-02-24', 'male', 816),
  (5712, 'AP_ECD_000713', 'Madhavi Varma', '2025-01-04', 'female', 842),
  (5713, 'AP_ECD_000714', 'Nandini Chowdary', '2025-04-25', 'female', 904),
  (5714, 'AP_ECD_000715', 'Tanish Raju', '2023-02-14', 'male', 902),
  (5715, 'AP_ECD_000716', 'Rohan Swamy', '2023-11-29', 'male', 905),
  (5716, 'AP_ECD_000717', 'Yash Gupta', '2022-11-17', 'male', 906),
  (5717, 'AP_ECD_000718', 'Akshara Patel', '2020-04-03', 'female', 907),
  (5718, 'AP_ECD_000719', 'Tejas Murthy', '2021-05-20', 'male', 908),
  (5719, 'AP_ECD_000720', 'Diya Goud', '2021-02-14', 'female', 909),
  (5720, 'AP_ECD_000721', 'Rohit Reddy', '2020-11-28', 'male', 910),
  (5721, 'AP_ECD_000722', 'Ajay Naidu', '2025-05-10', 'male', 911),
  (5722, 'AP_ECD_000723', 'Indu Kumar', '2025-04-16', 'female', 912),
  (5723, 'AP_ECD_000724', 'Ramesh Rao', '2022-02-11', 'male', 913),
  (5724, 'AP_ECD_000725', 'Satish Sharma', '2025-01-29', 'male', 898),
  (5725, 'AP_ECD_000726', 'Niharika Babu', '2023-12-03', 'female', 781),
  (5726, 'AP_ECD_000727', 'Suresh Prasad', '2024-06-20', 'male', 914),
  (5727, 'AP_ECD_000728', 'Sahiti Varma', '2022-05-17', 'female', 915),
  (5728, 'AP_ECD_000729', 'Tanvi Chowdary', '2022-02-21', 'female', 743),
  (5729, 'AP_ECD_000730', 'Manish Raju', '2025-02-23', 'male', 916),
  (5730, 'AP_ECD_000731', 'Nihal Swamy', '2020-11-20', 'male', 465),
  (5731, 'AP_ECD_000732', 'Arjun Gupta', '2023-07-27', 'male', 917),
  (5732, 'AP_ECD_000733', 'Ravi Patel', '2023-06-13', 'male', 918),
  (5733, 'AP_ECD_000734', 'Esha Murthy', '2025-04-03', 'female', 919),
  (5734, 'AP_ECD_000735', 'Manasa Goud', '2024-04-18', 'female', 920),
  (5735, 'AP_ECD_000736', 'Neelima Reddy', '2022-01-29', 'female', 677),
  (5736, 'AP_ECD_000737', 'Mahesh Naidu', '2024-06-05', 'male', 525),
  (5737, 'AP_ECD_000738', 'Likhitha Kumar', '2022-11-11', 'female', 711),
  (5738, 'AP_ECD_000739', 'Kiran Rao', '2025-01-21', 'male', 921),
  (5739, 'AP_ECD_000740', 'Mohan Sharma', '2022-04-06', 'male', 922),
  (5740, 'AP_ECD_000741', 'Sravani Babu', '2022-11-03', 'female', 923),
  (5741, 'AP_ECD_000742', 'Divya Prasad', '2023-02-23', 'female', 924),
  (5742, 'AP_ECD_000743', 'Charan Varma', '2021-01-17', 'male', 542),
  (5743, 'AP_ECD_000744', 'Tarun Chowdary', '2020-08-03', 'male', 800),
  (5744, 'AP_ECD_000745', 'Varun Raju', '2020-04-27', 'male', 925),
  (5745, 'AP_ECD_000746', 'Anusha Swamy', '2020-10-02', 'female', 926),
  (5746, 'AP_ECD_000747', 'Bhavani Gupta', '2022-11-04', 'female', 927),
  (5747, 'AP_ECD_000748', 'Aarav Patel', '2023-02-17', 'male', 928),
  (5748, 'AP_ECD_000749', 'Deepika Murthy', '2023-12-30', 'female', 929),
  (5749, 'AP_ECD_000750', 'Ishaan Goud', '2020-12-10', 'male', 930),
  (5750, 'AP_ECD_000751', 'Vivaan Reddy', '2022-08-01', 'male', 578),
  (5751, 'AP_ECD_000752', 'Kavya Naidu', '2023-09-26', 'female', 461),
  (5752, 'AP_ECD_000753', 'Arnav Kumar', '2022-04-21', 'male', 442),
  (5753, 'AP_ECD_000754', 'Kabir Rao', '2022-07-22', 'male', 363),
  (5754, 'AP_ECD_000755', 'Nandini Sharma', '2022-04-24', 'female', 931),
  (5755, 'AP_ECD_000756', 'Padma Babu', '2021-03-18', 'female', 932),
  (5756, 'AP_ECD_000757', 'Radhika Prasad', '2023-09-22', 'female', 933),
  (5757, 'AP_ECD_000758', 'Tanish Varma', '2024-06-17', 'male', 934),
  (5758, 'AP_ECD_000759', 'Akshara Chowdary', '2021-03-14', 'female', 935),
  (5759, 'AP_ECD_000760', 'Ananya Raju', '2022-10-18', 'female', 936),
  (5760, 'AP_ECD_000761', 'Diya Swamy', '2023-08-11', 'female', 937),
  (5761, 'AP_ECD_000762', 'Tejas Gupta', '2020-11-20', 'male', 938),
  (5762, 'AP_ECD_000763', 'Vikram Patel', '2023-01-20', 'male', 939),
  (5763, 'AP_ECD_000764', 'Rohit Murthy', '2020-10-23', 'male', 940),
  (5764, 'AP_ECD_000765', 'Ajay Goud', '2023-07-15', 'male', 764),
  (5765, 'AP_ECD_000766', 'Meghana Reddy', '2021-01-05', 'female', 911),
  (5766, 'AP_ECD_000767', 'Ramesh Naidu', '2024-02-16', 'male', 941),
  (5767, 'AP_ECD_000768', 'Pooja Kumar', '2022-03-18', 'female', 942),
  (5768, 'AP_ECD_000769', 'Naresh Rao', '2023-09-08', 'male', 943),
  (5769, 'AP_ECD_000770', 'Suresh Sharma', '2023-09-14', 'male', 944),
  (5770, 'AP_ECD_000771', 'Varsha Babu', '2023-01-07', 'female', 945),
  (5771, 'AP_ECD_000772', 'Anjali Prasad', '2022-02-04', 'female', 946),
  (5772, 'AP_ECD_000773', 'Manish Varma', '2024-07-07', 'male', 709),
  (5773, 'AP_ECD_000774', 'Durga Chowdary', '2020-06-25', 'female', 947),
  (5774, 'AP_ECD_000775', 'Esha Raju', '2024-05-21', 'female', 948),
  (5775, 'AP_ECD_000776', 'Manasa Swamy', '2024-11-27', 'female', 949),
  (5776, 'AP_ECD_000777', 'Neelima Gupta', '2020-03-03', 'female', 950),
  (5777, 'AP_ECD_000778', 'Jyothi Patel', '2022-09-13', 'female', 552),
  (5778, 'AP_ECD_000779', 'Likhitha Murthy', '2021-07-03', 'female', 951),
  (5779, 'AP_ECD_000780', 'Priya Goud', '2025-02-05', 'female', 952),
  (5780, 'AP_ECD_000781', 'Ganesh Reddy', '2024-09-17', 'male', 953),
  (5781, 'AP_ECD_000782', 'Sravani Naidu', '2025-05-22', 'female', 954),
  (5782, 'AP_ECD_000783', 'Mohan Kumar', '2021-05-31', 'male', 955),
  (5783, 'AP_ECD_000784', 'Keerthi Rao', '2020-01-08', 'female', 956),
  (5784, 'AP_ECD_000785', 'Mounika Sharma', '2024-04-07', 'female', 957),
  (5785, 'AP_ECD_000786', 'Swathi Babu', '2021-06-22', 'female', 958),
  (5786, 'AP_ECD_000787', 'Anusha Prasad', '2025-03-20', 'female', 959),
  (5787, 'AP_ECD_000788', 'Varun Varma', '2022-04-17', 'male', 960),
  (5788, 'AP_ECD_000789', 'Chandini Chowdary', '2021-10-19', 'female', 961),
  (5789, 'AP_ECD_000790', 'Deepika Raju', '2021-04-29', 'female', 962),
  (5790, 'AP_ECD_000791', 'Gayathri Swamy', '2022-03-22', 'female', 963),
  (5791, 'AP_ECD_000792', 'Dhruv Gupta', '2024-02-26', 'male', 467),
  (5792, 'AP_ECD_000793', 'Ishaan Patel', '2025-02-10', 'male', 964),
  (5793, 'AP_ECD_000794', 'Lavanya Murthy', '2021-01-18', 'female', 965),
  (5794, 'AP_ECD_000795', 'Aditya Goud', '2022-03-28', 'male', 665),
  (5795, 'AP_ECD_000796', 'Arnav Reddy', '2023-10-10', 'male', 966),
  (5796, 'AP_ECD_000797', 'Kabir Naidu', '2022-04-08', 'male', 754),
  (5797, 'AP_ECD_000798', 'Radhika Kumar', '2025-04-29', 'female', 967),
  (5798, 'AP_ECD_000799', 'Vihaan Rao', '2023-11-20', 'male', 968),
  (5799, 'AP_ECD_000800', 'Akshara Sharma', '2021-12-03', 'female', 362)
ON CONFLICT (id) DO NOTHING;

INSERT INTO children (id, child_unique_id, name, dob, gender, awc_id) VALUES
  (5800, 'AP_ECD_000801', 'Tanish Babu', '2023-06-26', 'male', 885),
  (5801, 'AP_ECD_000802', 'Rohan Prasad', '2025-05-03', 'male', 969),
  (5802, 'AP_ECD_000803', 'Yash Varma', '2020-04-13', 'male', 970),
  (5803, 'AP_ECD_000804', 'Anirudh Chowdary', '2022-06-26', 'male', 793),
  (5804, 'AP_ECD_000805', 'Tejas Raju', '2021-06-27', 'male', 971),
  (5805, 'AP_ECD_000806', 'Kamala Swamy', '2023-08-05', 'female', 972),
  (5806, 'AP_ECD_000807', 'Rohit Gupta', '2024-06-19', 'male', 973),
  (5807, 'AP_ECD_000808', 'Ajay Patel', '2022-05-21', 'male', 974),
  (5808, 'AP_ECD_000809', 'Vijay Murthy', '2022-09-20', 'male', 636),
  (5809, 'AP_ECD_000810', 'Sahiti Goud', '2024-05-04', 'female', 927),
  (5810, 'AP_ECD_000811', 'Satish Reddy', '2022-06-16', 'male', 975),
  (5811, 'AP_ECD_000812', 'Naresh Naidu', '2020-11-08', 'male', 976),
  (5812, 'AP_ECD_000813', 'Suresh Kumar', '2024-08-12', 'male', 977),
  (5813, 'AP_ECD_000814', 'Rajesh Rao', '2025-06-06', 'male', 411),
  (5814, 'AP_ECD_000815', 'Durga Sharma', '2022-09-18', 'female', 978),
  (5815, 'AP_ECD_000816', 'Esha Babu', '2024-04-03', 'female', 979),
  (5816, 'AP_ECD_000817', 'Nihal Prasad', '2020-06-15', 'male', 980),
  (5817, 'AP_ECD_000818', 'Arjun Varma', '2022-12-29', 'male', 441),
  (5818, 'AP_ECD_000819', 'Jyothi Chowdary', '2022-06-27', 'female', 705),
  (5819, 'AP_ECD_000820', 'Krishna Raju', '2022-08-16', 'male', 981),
  (5820, 'AP_ECD_000821', 'Priya Swamy', '2022-04-07', 'female', 982),
  (5821, 'AP_ECD_000822', 'Srinivas Gupta', '2020-09-14', 'male', 983),
  (5822, 'AP_ECD_000823', 'Mahesh Patel', '2024-03-10', 'male', 984),
  (5823, 'AP_ECD_000824', 'Divya Murthy', '2021-02-15', 'female', 985),
  (5824, 'AP_ECD_000825', 'Keerthi Goud', '2020-03-23', 'female', 986),
  (5825, 'AP_ECD_000826', 'Mohan Reddy', '2020-11-29', 'male', 752),
  (5826, 'AP_ECD_000827', 'Swathi Naidu', '2022-06-22', 'female', 987),
  (5827, 'AP_ECD_000828', 'Pavan Kumar', '2020-12-30', 'male', 988),
  (5828, 'AP_ECD_000829', 'Bhavani Rao', '2021-03-20', 'female', 601),
  (5829, 'AP_ECD_000830', 'Chandini Sharma', '2021-10-26', 'female', 989),
  (5830, 'AP_ECD_000831', 'Deepika Babu', '2023-01-06', 'female', 751),
  (5831, 'AP_ECD_000832', 'Gayathri Prasad', '2020-11-28', 'female', 537),
  (5832, 'AP_ECD_000833', 'Pranav Varma', '2022-06-05', 'male', 990),
  (5833, 'AP_ECD_000834', 'Aarav Chowdary', '2025-06-01', 'male', 318),
  (5834, 'AP_ECD_000835', 'Dhruv Raju', '2020-09-22', 'male', 991),
  (5835, 'AP_ECD_000836', 'Madhavi Swamy', '2024-03-31', 'female', 992),
  (5836, 'AP_ECD_000837', 'Nandini Gupta', '2024-02-06', 'female', 973),
  (5837, 'AP_ECD_000838', 'Padma Patel', '2024-06-13', 'female', 993),
  (5838, 'AP_ECD_000839', 'Radhika Murthy', '2020-04-11', 'female', 994),
  (5839, 'AP_ECD_000840', 'Kabir Goud', '2024-05-04', 'male', 646),
  (5840, 'AP_ECD_000841', 'Akshara Reddy', '2023-07-16', 'female', 416),
  (5841, 'AP_ECD_000842', 'Ananya Naidu', '2021-05-01', 'female', 995),
  (5842, 'AP_ECD_000843', 'Omkar Kumar', '2023-12-31', 'male', 996),
  (5843, 'AP_ECD_000844', 'Tanish Rao', '2025-05-14', 'male', 997),
  (5844, 'AP_ECD_000845', 'Rohan Sharma', '2021-10-04', 'male', 824),
  (5845, 'AP_ECD_000846', 'Yash Babu', '2022-02-15', 'male', 350),
  (5846, 'AP_ECD_000847', 'Anirudh Prasad', '2024-07-01', 'male', 366),
  (5847, 'AP_ECD_000848', 'Meghana Varma', '2020-09-27', 'female', 998),
  (5848, 'AP_ECD_000849', 'Vikram Chowdary', '2020-09-26', 'male', 513),
  (5849, 'AP_ECD_000850', 'Rohit Raju', '2020-04-22', 'male', 721),
  (5850, 'AP_ECD_000851', 'Ajay Swamy', '2021-05-09', 'male', 930),
  (5851, 'AP_ECD_000852', 'Tanvi Gupta', '2024-06-26', 'female', 999),
  (5852, 'AP_ECD_000853', 'Varsha Patel', '2024-06-23', 'female', 1000),
  (5853, 'AP_ECD_000854', 'Anjali Murthy', '2023-09-21', 'female', 1001),
  (5854, 'AP_ECD_000855', 'Naresh Goud', '2024-02-01', 'male', 1002),
  (5855, 'AP_ECD_000856', 'Durga Reddy', '2020-10-19', 'female', 1003),
  (5856, 'AP_ECD_000857', 'Esha Naidu', '2024-05-07', 'female', 409),
  (5857, 'AP_ECD_000858', 'Manasa Kumar', '2021-03-17', 'female', 1004),
  (5858, 'AP_ECD_000859', 'Manish Rao', '2021-07-28', 'male', 1005),
  (5859, 'AP_ECD_000860', 'Nihal Sharma', '2025-03-12', 'male', 1006),
  (5860, 'AP_ECD_000861', 'Arjun Babu', '2022-12-27', 'male', 1007),
  (5861, 'AP_ECD_000862', 'Ravi Prasad', '2024-07-29', 'male', 1008),
  (5862, 'AP_ECD_000863', 'Krishna Varma', '2021-08-23', 'male', 896),
  (5863, 'AP_ECD_000864', 'Venkat Chowdary', '2020-01-08', 'male', 1009),
  (5864, 'AP_ECD_000865', 'Divya Raju', '2021-10-05', 'female', 353),
  (5865, 'AP_ECD_000866', 'Keerthi Swamy', '2025-01-29', 'female', 1010),
  (5866, 'AP_ECD_000867', 'Ganesh Gupta', '2021-01-31', 'male', 1011),
  (5867, 'AP_ECD_000868', 'Swathi Patel', '2023-02-21', 'female', 808),
  (5868, 'AP_ECD_000869', 'Mohan Murthy', '2022-10-16', 'male', 1012),
  (5869, 'AP_ECD_000870', 'Bhavani Goud', '2025-02-01', 'female', 1013),
  (5870, 'AP_ECD_000871', 'Chandini Reddy', '2020-08-14', 'female', 1014),
  (5871, 'AP_ECD_000872', 'Deepika Naidu', '2023-10-31', 'female', 1015),
  (5872, 'AP_ECD_000873', 'Gayathri Kumar', '2022-05-24', 'female', 1016),
  (5873, 'AP_ECD_000874', 'Harika Rao', '2022-02-02', 'female', 1017),
  (5874, 'AP_ECD_000875', 'Sai Sharma', '2024-09-04', 'male', 1018),
  (5875, 'AP_ECD_000876', 'Pranav Babu', '2023-11-13', 'male', 1019),
  (5876, 'AP_ECD_000877', 'Aarav Prasad', '2024-08-16', 'male', 1020),
  (5877, 'AP_ECD_000878', 'Dhruv Varma', '2024-02-14', 'male', 1021),
  (5878, 'AP_ECD_000879', 'Padma Chowdary', '2021-03-31', 'female', 1022),
  (5879, 'AP_ECD_000880', 'Vivaan Raju', '2022-12-29', 'male', 1023),
  (5880, 'AP_ECD_000881', 'Sahasra Swamy', '2024-01-10', 'female', 457),
  (5881, 'AP_ECD_000882', 'Akshara Gupta', '2025-03-06', 'female', 1024),
  (5882, 'AP_ECD_000883', 'Kabir Patel', '2024-04-05', 'male', 1025),
  (5883, 'AP_ECD_000884', 'Shaurya Murthy', '2022-12-19', 'male', 1026),
  (5884, 'AP_ECD_000885', 'Gowri Goud', '2020-09-19', 'female', 852),
  (5885, 'AP_ECD_000886', 'Omkar Reddy', '2023-01-03', 'male', 523),
  (5886, 'AP_ECD_000887', 'Tanish Naidu', '2025-06-06', 'male', 1027),
  (5887, 'AP_ECD_000888', 'Kamala Kumar', '2020-11-26', 'female', 1028),
  (5888, 'AP_ECD_000889', 'Meghana Rao', '2023-03-08', 'female', 1029),
  (5889, 'AP_ECD_000890', 'Anirudh Sharma', '2025-01-07', 'male', 822),
  (5890, 'AP_ECD_000891', 'Tejas Babu', '2020-06-05', 'male', 901),
  (5891, 'AP_ECD_000892', 'Vikram Prasad', '2020-08-06', 'male', 1030),
  (5892, 'AP_ECD_000893', 'Tanvi Varma', '2025-01-07', 'female', 1031),
  (5893, 'AP_ECD_000894', 'Ajay Chowdary', '2024-08-10', 'male', 878),
  (5894, 'AP_ECD_000895', 'Anjali Raju', '2021-03-25', 'female', 1032),
  (5895, 'AP_ECD_000896', 'Bhargavi Swamy', '2021-03-26', 'female', 1033),
  (5896, 'AP_ECD_000897', 'Durga Gupta', '2023-10-06', 'female', 1034),
  (5897, 'AP_ECD_000898', 'Esha Patel', '2022-11-24', 'female', 835),
  (5898, 'AP_ECD_000899', 'Manasa Murthy', '2022-03-03', 'female', 1035),
  (5899, 'AP_ECD_000900', 'Neelima Goud', '2021-02-19', 'female', 1036)
ON CONFLICT (id) DO NOTHING;

INSERT INTO children (id, child_unique_id, name, dob, gender, awc_id) VALUES
  (5900, 'AP_ECD_000901', 'Harish Reddy', '2023-01-14', 'male', 1037),
  (5901, 'AP_ECD_000902', 'Manish Naidu', '2021-02-14', 'male', 1038),
  (5902, 'AP_ECD_000903', 'Nihal Kumar', '2021-05-22', 'male', 1039),
  (5903, 'AP_ECD_000904', 'Arjun Rao', '2023-06-25', 'male', 733),
  (5904, 'AP_ECD_000905', 'Sravani Sharma', '2020-01-03', 'female', 1040),
  (5905, 'AP_ECD_000906', 'Krishna Babu', '2021-09-23', 'male', 625),
  (5906, 'AP_ECD_000907', 'Venkat Prasad', '2020-02-11', 'male', 613),
  (5907, 'AP_ECD_000908', 'Mounika Varma', '2024-11-27', 'female', 1041),
  (5908, 'AP_ECD_000909', 'Mahesh Chowdary', '2021-04-10', 'male', 1042),
  (5909, 'AP_ECD_000910', 'Anusha Raju', '2021-02-06', 'female', 988),
  (5910, 'AP_ECD_000911', 'Kiran Swamy', '2021-02-07', 'male', 1043),
  (5911, 'AP_ECD_000912', 'Chandini Gupta', '2021-07-21', 'female', 1044),
  (5912, 'AP_ECD_000913', 'Gopal Patel', '2022-07-24', 'male', 1045),
  (5913, 'AP_ECD_000914', 'Pavan Murthy', '2025-04-04', 'male', 982),
  (5914, 'AP_ECD_000915', 'Harika Goud', '2021-08-20', 'female', 1046),
  (5915, 'AP_ECD_000916', 'Kavya Reddy', '2021-01-06', 'female', 570),
  (5916, 'AP_ECD_000917', 'Varun Naidu', '2021-01-14', 'male', 1047),
  (5917, 'AP_ECD_000918', 'Sai Kumar', '2024-02-27', 'male', 913),
  (5918, 'AP_ECD_000919', 'Pranav Rao', '2023-07-18', 'male', 1048),
  (5919, 'AP_ECD_000920', 'Aarav Sharma', '2025-06-11', 'male', 765),
  (5920, 'AP_ECD_000921', 'Radhika Babu', '2022-12-25', 'female', 1049),
  (5921, 'AP_ECD_000922', 'Ishaan Prasad', '2024-05-19', 'male', 1050),
  (5922, 'AP_ECD_000923', 'Vivaan Varma', '2020-12-26', 'male', 1051),
  (5923, 'AP_ECD_000924', 'Aditya Chowdary', '2023-05-25', 'male', 1052),
  (5924, 'AP_ECD_000925', 'Arnav Raju', '2024-04-18', 'male', 1053),
  (5925, 'AP_ECD_000926', 'Kabir Swamy', '2024-07-04', 'male', 1054),
  (5926, 'AP_ECD_000927', 'Shaurya Gupta', '2021-10-14', 'male', 1055),
  (5927, 'AP_ECD_000928', 'Indu Patel', '2022-10-19', 'female', 1056),
  (5928, 'AP_ECD_000929', 'Omkar Murthy', '2024-04-06', 'male', 1057),
  (5929, 'AP_ECD_000930', 'Tanish Goud', '2024-02-03', 'male', 1058),
  (5930, 'AP_ECD_000931', 'Niharika Reddy', '2020-11-22', 'female', 770),
  (5931, 'AP_ECD_000932', 'Yash Naidu', '2022-03-24', 'male', 1059),
  (5932, 'AP_ECD_000933', 'Anirudh Kumar', '2025-05-30', 'male', 881),
  (5933, 'AP_ECD_000934', 'Tanvi Rao', '2022-06-20', 'female', 1060),
  (5934, 'AP_ECD_000935', 'Varsha Sharma', '2025-01-10', 'female', 1061),
  (5935, 'AP_ECD_000936', 'Anjali Babu', '2024-07-10', 'female', 1044),
  (5936, 'AP_ECD_000937', 'Bhargavi Prasad', '2021-05-19', 'female', 1062),
  (5937, 'AP_ECD_000938', 'Vijay Varma', '2025-04-12', 'male', 665),
  (5938, 'AP_ECD_000939', 'Ramesh Chowdary', '2022-09-27', 'male', 1063),
  (5939, 'AP_ECD_000940', 'Manasa Raju', '2022-12-24', 'female', 1064),
  (5940, 'AP_ECD_000941', 'Naresh Swamy', '2024-11-06', 'male', 669),
  (5941, 'AP_ECD_000942', 'Jyothi Gupta', '2022-06-24', 'female', 1065),
  (5942, 'AP_ECD_000943', 'Rajesh Patel', '2020-07-29', 'male', 1066),
  (5943, 'AP_ECD_000944', 'Harish Murthy', '2024-10-14', 'male', 1067),
  (5944, 'AP_ECD_000945', 'Lakshmi Goud', '2022-04-09', 'female', 764),
  (5945, 'AP_ECD_000946', 'Nihal Reddy', '2020-12-06', 'male', 1068),
  (5946, 'AP_ECD_000947', 'Divya Naidu', '2020-07-08', 'female', 1047),
  (5947, 'AP_ECD_000948', 'Ravi Kumar', '2024-05-29', 'male', 1069),
  (5948, 'AP_ECD_000949', 'Krishna Rao', '2022-04-21', 'male', 1070),
  (5949, 'AP_ECD_000950', 'Venkat Sharma', '2023-09-01', 'male', 538),
  (5950, 'AP_ECD_000951', 'Srinivas Babu', '2022-09-14', 'male', 1071),
  (5951, 'AP_ECD_000952', 'Mahesh Prasad', '2022-11-18', 'male', 1025),
  (5952, 'AP_ECD_000953', 'Chandini Varma', '2023-02-21', 'female', 1072),
  (5953, 'AP_ECD_000954', 'Deepika Chowdary', '2024-08-16', 'female', 1073),
  (5954, 'AP_ECD_000955', 'Gayathri Raju', '2022-12-20', 'female', 1074),
  (5955, 'AP_ECD_000956', 'Gopal Swamy', '2024-06-28', 'male', 1075),
  (5956, 'AP_ECD_000957', 'Kavya Gupta', '2020-07-06', 'female', 1076),
  (5957, 'AP_ECD_000958', 'Charan Patel', '2022-10-18', 'male', 1077),
  (5958, 'AP_ECD_000959', 'Madhavi Murthy', '2021-02-01', 'female', 1078),
  (5959, 'AP_ECD_000960', 'Nandini Goud', '2024-11-22', 'female', 1079),
  (5960, 'AP_ECD_000961', 'Sai Reddy', '2025-04-30', 'male', 1080),
  (5961, 'AP_ECD_000962', 'Pranav Naidu', '2022-02-01', 'male', 1081),
  (5962, 'AP_ECD_000963', 'Sahasra Kumar', '2021-04-18', 'female', 1082),
  (5963, 'AP_ECD_000964', 'Akshara Rao', '2025-03-22', 'female', 1083),
  (5964, 'AP_ECD_000965', 'Ananya Sharma', '2021-01-30', 'female', 851),
  (5965, 'AP_ECD_000966', 'Vivaan Babu', '2021-05-16', 'male', 857),
  (5966, 'AP_ECD_000967', 'Gowri Prasad', '2021-09-10', 'female', 1084),
  (5967, 'AP_ECD_000968', 'Himaja Varma', '2021-05-21', 'female', 1085),
  (5968, 'AP_ECD_000969', 'Kabir Chowdary', '2024-04-26', 'male', 1086),
  (5969, 'AP_ECD_000970', 'Shaurya Raju', '2020-12-21', 'male', 738),
  (5970, 'AP_ECD_000971', 'Meghana Swamy', '2021-06-22', 'female', 713),
  (5971, 'AP_ECD_000972', 'Niharika Gupta', '2021-05-28', 'female', 1087),
  (5972, 'AP_ECD_000973', 'Pooja Patel', '2024-01-12', 'female', 1088),
  (5973, 'AP_ECD_000974', 'Sahiti Murthy', '2024-12-02', 'female', 1089),
  (5974, 'AP_ECD_000975', 'Yash Goud', '2022-12-30', 'male', 1090),
  (5975, 'AP_ECD_000976', 'Anirudh Reddy', '2021-08-01', 'male', 1091),
  (5976, 'AP_ECD_000977', 'Anjali Naidu', '2024-08-08', 'female', 600),
  (5977, 'AP_ECD_000978', 'Vikram Kumar', '2022-02-13', 'male', 1092),
  (5978, 'AP_ECD_000979', 'Durga Rao', '2020-01-23', 'female', 1093),
  (5979, 'AP_ECD_000980', 'Esha Sharma', '2020-02-09', 'female', 409),
  (5980, 'AP_ECD_000981', 'Vijay Babu', '2020-09-21', 'male', 1094),
  (5981, 'AP_ECD_000982', 'Ramesh Prasad', '2023-06-24', 'male', 1064),
  (5982, 'AP_ECD_000983', 'Jyothi Varma', '2021-05-05', 'female', 1095),
  (5983, 'AP_ECD_000984', 'Likhitha Chowdary', '2023-04-06', 'female', 1096),
  (5984, 'AP_ECD_000985', 'Priya Raju', '2021-03-28', 'female', 1097),
  (5985, 'AP_ECD_000986', 'Lakshmi Swamy', '2021-10-16', 'female', 1098),
  (5986, 'AP_ECD_000987', 'Sravani Gupta', '2021-08-19', 'female', 1099),
  (5987, 'AP_ECD_000988', 'Divya Patel', '2020-10-16', 'female', 1100),
  (5988, 'AP_ECD_000989', 'Keerthi Murthy', '2023-11-09', 'female', 1101),
  (5989, 'AP_ECD_000990', 'Arjun Goud', '2021-10-24', 'male', 1102),
  (5990, 'AP_ECD_000991', 'Ravi Reddy', '2022-08-30', 'male', 1103),
  (5991, 'AP_ECD_000992', 'Krishna Naidu', '2023-05-07', 'male', 1104),
  (5992, 'AP_ECD_000993', 'Bhavani Kumar', '2024-05-14', 'female', 1105),
  (5993, 'AP_ECD_000994', 'Srinivas Rao', '2023-05-22', 'male', 766),
  (5994, 'AP_ECD_000995', 'Deepika Sharma', '2023-02-19', 'female', 1106),
  (5995, 'AP_ECD_000996', 'Ganesh Babu', '2024-09-29', 'male', 1107),
  (5996, 'AP_ECD_000997', 'Kiran Prasad', '2022-04-15', 'male', 1055),
  (5997, 'AP_ECD_000998', 'Mohan Varma', '2020-03-01', 'male', 888),
  (5998, 'AP_ECD_000999', 'Lavanya Chowdary', '2023-09-28', 'female', 1108),
  (5999, 'AP_ECD_001000', 'Pavan Raju', '2022-06-01', 'male', 365)
ON CONFLICT (id) DO NOTHING;

-- 3. SCREENING SESSIONS + RESULTS

INSERT INTO screening_sessions (id, child_id, assessment_date, child_age_months, status) VALUES
  (10000, 5000, '2022-01-24', 62, 'completed'),
  (10001, 5001, '2024-08-18', 17, 'completed'),
  (10002, 5002, '2022-11-24', 9, 'completed'),
  (10003, 5003, '2021-03-07', 63, 'completed'),
  (10004, 5004, '2024-09-18', 28, 'completed'),
  (10005, 5005, '2025-04-05', 31, 'completed'),
  (10006, 5006, '2024-04-03', 8, 'completed'),
  (10007, 5007, '2022-04-01', 16, 'completed'),
  (10008, 5008, '2020-09-14', 54, 'completed'),
  (10009, 5009, '2023-01-14', 28, 'completed'),
  (10010, 5010, '2022-09-24', 45, 'completed'),
  (10011, 5011, '2024-09-21', 66, 'completed'),
  (10012, 5012, '2021-08-15', 48, 'completed'),
  (10013, 5013, '2021-01-08', 31, 'completed'),
  (10014, 5014, '2022-07-02', 19, 'completed'),
  (10015, 5015, '2025-01-19', 10, 'completed'),
  (10016, 5016, '2023-01-02', 42, 'completed'),
  (10017, 5017, '2020-11-24', 63, 'completed'),
  (10018, 5018, '2020-12-24', 2, 'completed'),
  (10019, 5019, '2020-11-18', 17, 'completed'),
  (10020, 5020, '2022-06-19', 6, 'completed'),
  (10021, 5021, '2020-11-26', 59, 'completed'),
  (10022, 5022, '2024-10-08', 1, 'completed'),
  (10023, 5023, '2024-05-01', 5, 'completed'),
  (10024, 5024, '2022-03-11', 37, 'completed'),
  (10025, 5025, '2025-01-10', 52, 'completed'),
  (10026, 5026, '2021-11-09', 28, 'completed'),
  (10027, 5027, '2022-05-08', 32, 'completed'),
  (10028, 5028, '2022-12-30', 3, 'completed'),
  (10029, 5029, '2021-02-23', 69, 'completed'),
  (10030, 5030, '2023-12-20', 39, 'completed'),
  (10031, 5031, '2021-05-25', 20, 'completed'),
  (10032, 5032, '2022-05-07', 19, 'completed'),
  (10033, 5033, '2024-01-11', 8, 'completed'),
  (10034, 5034, '2020-01-02', 31, 'completed'),
  (10035, 5035, '2022-05-01', 63, 'completed'),
  (10036, 5036, '2022-12-05', 12, 'completed'),
  (10037, 5037, '2020-02-13', 68, 'completed'),
  (10038, 5038, '2022-11-10', 66, 'completed'),
  (10039, 5039, '2024-03-29', 56, 'completed'),
  (10040, 5040, '2020-09-17', 4, 'completed'),
  (10041, 5041, '2024-06-27', 28, 'completed'),
  (10042, 5042, '2023-08-03', 30, 'completed'),
  (10043, 5043, '2020-07-20', 34, 'completed'),
  (10044, 5044, '2021-03-27', 8, 'completed'),
  (10045, 5045, '2021-09-15', 17, 'completed'),
  (10046, 5046, '2025-01-19', 15, 'completed'),
  (10047, 5047, '2024-10-01', 32, 'completed'),
  (10048, 5048, '2024-03-27', 10, 'completed'),
  (10049, 5049, '2024-02-07', 39, 'completed'),
  (10050, 5050, '2023-04-19', 48, 'completed'),
  (10051, 5051, '2023-08-30', 17, 'completed'),
  (10052, 5052, '2021-06-23', 6, 'completed'),
  (10053, 5053, '2020-02-07', 35, 'completed'),
  (10054, 5054, '2021-01-25', 46, 'completed'),
  (10055, 5055, '2020-04-10', 60, 'completed'),
  (10056, 5056, '2022-08-30', 25, 'completed'),
  (10057, 5057, '2022-12-10', 14, 'completed'),
  (10058, 5058, '2022-08-20', 32, 'completed'),
  (10059, 5059, '2023-11-07', 33, 'completed'),
  (10060, 5060, '2022-08-15', 45, 'completed'),
  (10061, 5061, '2021-11-02', 6, 'completed'),
  (10062, 5062, '2021-08-08', 15, 'completed'),
  (10063, 5063, '2023-12-22', 48, 'completed'),
  (10064, 5064, '2024-01-31', 1, 'completed'),
  (10065, 5065, '2020-09-06', 8, 'completed'),
  (10066, 5066, '2023-03-15', 17, 'completed'),
  (10067, 5067, '2022-09-23', 65, 'completed'),
  (10068, 5068, '2022-12-24', 9, 'completed'),
  (10069, 5069, '2020-09-16', 45, 'completed'),
  (10070, 5070, '2023-11-23', 38, 'completed'),
  (10071, 5071, '2020-10-03', 6, 'completed'),
  (10072, 5072, '2025-03-06', 23, 'completed'),
  (10073, 5073, '2021-12-22', 53, 'completed'),
  (10074, 5074, '2024-01-03', 70, 'completed'),
  (10075, 5075, '2024-07-25', 61, 'completed'),
  (10076, 5076, '2020-10-12', 30, 'completed'),
  (10077, 5077, '2024-04-05', 71, 'completed'),
  (10078, 5078, '2021-11-13', 36, 'completed'),
  (10079, 5079, '2023-06-07', 21, 'completed'),
  (10080, 5080, '2022-10-30', 50, 'completed'),
  (10081, 5081, '2022-08-18', 33, 'completed'),
  (10082, 5082, '2021-04-01', 14, 'completed'),
  (10083, 5083, '2021-09-04', 19, 'completed'),
  (10084, 5084, '2021-05-28', 53, 'completed'),
  (10085, 5085, '2020-12-30', 23, 'completed'),
  (10086, 5086, '2023-05-22', 59, 'completed'),
  (10087, 5087, '2025-02-25', 50, 'completed'),
  (10088, 5088, '2024-10-12', 5, 'completed'),
  (10089, 5089, '2024-05-19', 37, 'completed'),
  (10090, 5090, '2025-01-27', 42, 'completed'),
  (10091, 5091, '2025-06-07', 21, 'completed'),
  (10092, 5092, '2020-03-29', 33, 'completed'),
  (10093, 5093, '2022-05-15', 11, 'completed'),
  (10094, 5094, '2020-05-03', 32, 'completed'),
  (10095, 5095, '2024-09-16', 16, 'completed'),
  (10096, 5096, '2023-12-01', 23, 'completed'),
  (10097, 5097, '2021-06-26', 71, 'completed'),
  (10098, 5098, '2020-07-18', 10, 'completed'),
  (10099, 5099, '2023-12-13', 64, 'completed')
ON CONFLICT (id) DO NOTHING;

INSERT INTO screening_results (id, session_id, child_id, overall_risk, referral_needed, gm_dq, fm_dq, lc_dq, cog_dq, se_dq, composite_dq, tools_completed, tools_skipped, assessment_cycle, baseline_score, baseline_category, num_delays, autism_risk, adhd_risk, behavior_risk, behavior_score) VALUES
  (10000, 10000, 5000, 'MEDIUM', FALSE, 79.5, 73.88, 130.0, 83.93, 76.01, 88.66, 11, 0, 'Baseline', 15, 'Medium', 0, 'Low', 'High', 'High', 0),
  (10001, 10001, 5001, 'MEDIUM', FALSE, 112.62, 99.83, 104.94, 83.38, 91.35, 98.43, 11, 0, 'Baseline', 15, 'Medium', 0, 'Moderate', 'Low', 'High', 14),
  (10002, 10002, 5002, 'MEDIUM', FALSE, 82.18, 91.99, 70.7, 95.09, 88.5, 85.69, 11, 0, 'Follow-up', 25, 'Medium', 2, 'Moderate', 'Low', 'High', 6),
  (10003, 10003, 5003, 'MEDIUM', FALSE, 105.09, 95.01, 113.85, 58.28, 87.52, 91.95, 11, 0, 'Follow-up', 20, 'Medium', 1, 'Moderate', 'Low', 'High', 7),
  (10004, 10004, 5004, 'MEDIUM', FALSE, 88.77, 101.73, 74.75, 111.11, 91.5, 93.57, 11, 0, 'Baseline', 14, 'Medium', 2, 'Low', 'Moderate', 'Low', 9),
  (10005, 10005, 5005, 'MEDIUM', FALSE, 74.97, 97.82, 93.31, 86.26, 77.31, 85.94, 11, 0, 'Baseline', 9, 'Low', 1, 'Low', 'Moderate', 'Low', 4),
  (10006, 10006, 5006, 'LOW', FALSE, 77.38, 90.9, 83.08, 91.04, 99.74, 88.43, 11, 0, 'Follow-up', 0, 'Low', 0, 'Low', 'Low', 'Low', 1),
  (10007, 10007, 5007, 'MEDIUM', FALSE, 99.73, 92.74, 88.93, 91.11, 123.39, 99.18, 11, 0, 'Follow-up', 13, 'Medium', 1, 'Moderate', 'Low', 'Low', 10),
  (10008, 10008, 5008, 'MEDIUM', FALSE, 105.1, 86.64, 113.25, 91.68, 105.28, 100.39, 11, 0, 'Baseline', 24, 'Medium', 1, 'High', 'Moderate', 'Low', 7),
  (10009, 10009, 5009, 'LOW', FALSE, 115.44, 107.42, 91.91, 114.38, 85.99, 103.03, 11, 0, 'Re-screen', 0, 'Low', 0, 'Low', 'Low', 'Low', 2),
  (10010, 10010, 5010, 'MEDIUM', FALSE, 95.51, 67.09, 124.76, 99.26, 79.88, 93.3, 11, 0, 'Follow-up', 5, 'Low', 1, 'Low', 'Low', 'Low', 9),
  (10011, 10011, 5011, 'MEDIUM', FALSE, 101.77, 87.47, 71.25, 78.74, 89.42, 85.73, 11, 0, 'Follow-up', 14, 'Medium', 2, 'Low', 'Moderate', 'Low', 5),
  (10012, 10012, 5012, 'MEDIUM', FALSE, 75.9, 77.94, 77.36, 73.75, 109.27, 82.84, 11, 0, 'Baseline', 12, 'Medium', 1, 'Low', 'Low', 'High', 11),
  (10013, 10013, 5013, 'MEDIUM', FALSE, 106.04, 111.5, 107.9, 88.79, 100.77, 103.0, 11, 0, 'Baseline', 17, 'Medium', 1, 'Moderate', 'Moderate', 'Low', 7),
  (10014, 10014, 5014, 'MEDIUM', FALSE, 111.83, 81.72, 107.65, 109.27, 98.47, 101.79, 11, 0, 'Baseline', 12, 'Medium', 0, 'Moderate', 'Moderate', 'Low', 8),
  (10015, 10015, 5015, 'LOW', FALSE, 91.77, 75.05, 105.25, 87.2, 89.25, 89.7, 11, 0, 'Baseline', 7, 'Low', 0, 'Low', 'Low', 'High', 14),
  (10016, 10016, 5016, 'LOW', FALSE, 109.59, 73.32, 86.26, 114.37, 103.93, 97.49, 11, 0, 'Follow-up', 0, 'Low', 0, 'Low', 'Low', 'Low', 6),
  (10017, 10017, 5017, 'LOW', FALSE, 119.48, 80.86, 86.41, 99.52, 92.93, 95.84, 11, 0, 'Baseline', 0, 'Low', 0, 'Low', 'Low', 'Low', 0),
  (10018, 10018, 5018, 'LOW', FALSE, 100.64, 91.4, 98.42, 105.09, 90.87, 97.28, 11, 0, 'Follow-up', 7, 'Low', 0, 'Low', 'Low', 'High', 4),
  (10019, 10019, 5019, 'MEDIUM', FALSE, 82.61, 80.94, 109.01, 73.14, 106.91, 90.52, 11, 0, 'Follow-up', 5, 'Low', 1, 'Low', 'Low', 'Low', 7),
  (10020, 10020, 5020, 'LOW', FALSE, 90.29, 99.47, 73.89, 121.45, 86.47, 94.32, 11, 0, 'Follow-up', 0, 'Low', 0, 'Low', 'Low', 'Low', 9),
  (10021, 10021, 5021, 'MEDIUM', FALSE, 76.18, 100.81, 79.98, 118.64, 118.26, 98.78, 11, 0, 'Follow-up', 10, 'Low', 2, 'Low', 'Low', 'Low', 0),
  (10022, 10022, 5022, 'LOW', FALSE, 100.81, 129.07, 90.34, 130.0, 97.25, 109.5, 11, 0, 'Baseline', 7, 'Low', 0, 'Low', 'Low', 'High', 11),
  (10023, 10023, 5023, 'MEDIUM', FALSE, 98.08, 113.08, 77.02, 120.46, 89.41, 99.61, 11, 0, 'Follow-up', 5, 'Low', 1, 'Low', 'Low', 'Low', 6),
  (10024, 10024, 5024, 'LOW', FALSE, 92.46, 88.32, 92.36, 93.46, 92.24, 91.77, 11, 0, 'Follow-up', 0, 'Low', 0, 'Low', 'Low', 'Low', 3),
  (10025, 10025, 5025, 'LOW', FALSE, 99.88, 94.01, 95.72, 85.4, 97.6, 94.52, 11, 0, 'Re-screen', 4, 'Low', 0, 'Low', 'Moderate', 'Low', 3),
  (10026, 10026, 5026, 'LOW', FALSE, 79.33, 109.53, 59.07, 97.84, 113.11, 91.77, 11, 0, 'Baseline', 8, 'Low', 0, 'Moderate', 'Low', 'Low', 10),
  (10027, 10027, 5027, 'LOW', FALSE, 89.34, 63.76, 114.72, 80.72, 54.67, 80.64, 11, 0, 'Follow-up', 0, 'Low', 0, 'Low', 'Low', 'Low', 11),
  (10028, 10028, 5028, 'LOW', FALSE, 74.99, 90.51, 105.12, 74.44, 78.01, 84.62, 11, 0, 'Baseline', 8, 'Low', 0, 'Low', 'High', 'Low', 0),
  (10029, 10029, 5029, 'MEDIUM', FALSE, 97.99, 116.38, 96.26, 97.11, 107.97, 103.14, 11, 0, 'Baseline', 17, 'Medium', 2, 'Low', 'Low', 'High', 14),
  (10030, 10030, 5030, 'MEDIUM', FALSE, 97.37, 99.92, 99.62, 124.94, 100.1, 104.39, 11, 0, 'Baseline', 13, 'Medium', 1, 'Low', 'High', 'Low', 11),
  (10031, 10031, 5031, 'LOW', FALSE, 77.99, 109.56, 97.8, 107.34, 84.8, 95.5, 11, 0, 'Baseline', 0, 'Low', 0, 'Low', 'Low', 'Low', 1),
  (10032, 10032, 5032, 'LOW', FALSE, 103.26, 113.41, 108.29, 98.34, 90.8, 102.82, 11, 0, 'Baseline', 0, 'Low', 0, 'Low', 'Low', 'Low', 7),
  (10033, 10033, 5033, 'LOW', FALSE, 107.11, 98.2, 95.28, 91.9, 110.49, 100.6, 11, 0, 'Re-screen', 0, 'Low', 0, 'Low', 'Low', 'Low', 0),
  (10034, 10034, 5034, 'MEDIUM', FALSE, 112.19, 105.55, 58.45, 77.89, 108.51, 92.52, 11, 0, 'Follow-up', 9, 'Low', 1, 'Low', 'Moderate', 'Low', 12),
  (10035, 10035, 5035, 'MEDIUM', FALSE, 84.18, 98.61, 113.65, 99.2, 104.74, 100.08, 11, 0, 'Follow-up', 9, 'Low', 1, 'Low', 'Moderate', 'Low', 12),
  (10036, 10036, 5036, 'MEDIUM', FALSE, 87.47, 99.73, 80.97, 95.67, 81.27, 89.02, 11, 0, 'Follow-up', 5, 'Low', 1, 'Low', 'Low', 'Low', 12),
  (10037, 10037, 5037, 'MEDIUM', FALSE, 91.0, 82.67, 93.4, 93.0, 57.68, 83.55, 11, 0, 'Baseline', 17, 'Medium', 2, 'Low', 'Low', 'High', 10),
  (10038, 10038, 5038, 'MEDIUM', FALSE, 85.19, 103.8, 108.11, 87.11, 100.7, 96.98, 11, 0, 'Baseline', 13, 'Medium', 1, 'Moderate', 'Low', 'Low', 8),
  (10039, 10039, 5039, 'MEDIUM', FALSE, 100.92, 106.01, 76.43, 91.15, 79.03, 90.71, 11, 0, 'Baseline', 10, 'Low', 2, 'Low', 'Low', 'Low', 7),
  (10040, 10040, 5040, 'LOW', FALSE, 88.1, 102.01, 92.99, 71.34, 86.71, 88.23, 11, 0, 'Baseline', 0, 'Low', 0, 'Low', 'Low', 'Low', 11),
  (10041, 10041, 5041, 'HIGH', TRUE, 82.77, 85.49, 118.44, 78.3, 98.59, 92.72, 11, 0, 'Baseline', 15, 'Medium', 3, 'Low', 'Low', 'Low', 2),
  (10042, 10042, 5042, 'LOW', FALSE, 89.03, 86.36, 106.74, 85.66, 76.87, 88.93, 11, 0, 'Follow-up', 8, 'Low', 0, 'Moderate', 'Low', 'Low', 11),
  (10043, 10043, 5043, 'MEDIUM', FALSE, 84.01, 89.82, 96.59, 108.0, 110.45, 97.77, 11, 0, 'Re-screen', 20, 'Medium', 1, 'Moderate', 'Low', 'High', 8),
  (10044, 10044, 5044, 'LOW', FALSE, 93.21, 106.76, 86.31, 110.06, 87.17, 96.7, 11, 0, 'Baseline', 0, 'Low', 0, 'Low', 'Low', 'Low', 3),
  (10045, 10045, 5045, 'LOW', FALSE, 85.88, 107.69, 95.42, 72.71, 92.78, 90.9, 11, 0, 'Baseline', 0, 'Low', 0, 'Low', 'Low', 'Low', 11),
  (10046, 10046, 5046, 'MEDIUM', FALSE, 88.62, 102.6, 102.15, 82.23, 88.34, 92.79, 11, 0, 'Re-screen', 13, 'Medium', 1, 'Moderate', 'Low', 'Low', 3),
  (10047, 10047, 5047, 'MEDIUM', FALSE, 71.88, 75.68, 113.54, 94.45, 69.77, 85.06, 11, 0, 'Baseline', 5, 'Low', 1, 'Low', 'Low', 'Low', 1),
  (10048, 10048, 5048, 'LOW', FALSE, 103.06, 85.69, 84.46, 69.6, 98.06, 88.17, 11, 0, 'Baseline', 4, 'Low', 0, 'Low', 'Moderate', 'Low', 0),
  (10049, 10049, 5049, 'LOW', FALSE, 126.68, 93.91, 60.48, 125.48, 93.89, 100.09, 11, 0, 'Re-screen', 0, 'Low', 0, 'Low', 'Low', 'Low', 8),
  (10050, 10050, 5050, 'MEDIUM', FALSE, 86.99, 100.41, 113.97, 90.28, 84.91, 95.31, 11, 0, 'Baseline', 10, 'Low', 2, 'Low', 'Low', 'Low', 11),
  (10051, 10051, 5051, 'MEDIUM', FALSE, 116.33, 79.75, 85.04, 95.06, 117.52, 98.74, 11, 0, 'Baseline', 9, 'Low', 1, 'Low', 'Moderate', 'Low', 6),
  (10052, 10052, 5052, 'MEDIUM', FALSE, 101.21, 66.85, 84.66, 118.06, 98.41, 93.84, 11, 0, 'Follow-up', 5, 'Low', 1, 'Low', 'Low', 'Low', 7),
  (10053, 10053, 5053, 'MEDIUM', FALSE, 76.82, 91.72, 114.25, 118.13, 118.85, 103.95, 11, 0, 'Baseline', 9, 'Low', 1, 'Low', 'Moderate', 'Low', 1),
  (10054, 10054, 5054, 'MEDIUM', FALSE, 103.8, 98.13, 76.01, 101.18, 108.63, 97.55, 11, 0, 'Baseline', 13, 'Medium', 1, 'Moderate', 'Low', 'Low', 11),
  (10055, 10055, 5055, 'LOW', FALSE, 91.14, 96.47, 75.28, 103.14, 108.45, 94.9, 11, 0, 'Baseline', 4, 'Low', 0, 'Low', 'Moderate', 'Low', 1),
  (10056, 10056, 5056, 'LOW', FALSE, 106.17, 72.82, 87.43, 79.92, 97.94, 88.86, 11, 0, 'Follow-up', 4, 'Low', 0, 'Low', 'Moderate', 'Low', 7),
  (10057, 10057, 5057, 'LOW', FALSE, 81.76, 107.16, 102.89, 102.98, 106.66, 100.29, 11, 0, 'Follow-up', 0, 'Low', 0, 'Low', 'Low', 'Low', 3),
  (10058, 10058, 5058, 'HIGH', TRUE, 112.44, 92.03, 110.11, 71.47, 74.32, 92.07, 11, 0, 'Baseline', 15, 'Medium', 3, 'Low', 'Low', 'Low', 9),
  (10059, 10059, 5059, 'MEDIUM', FALSE, 94.58, 117.84, 101.82, 100.71, 76.12, 98.21, 11, 0, 'Baseline', 5, 'Low', 1, 'Low', 'Low', 'Low', 12),
  (10060, 10060, 5060, 'LOW', FALSE, 112.25, 90.09, 106.34, 117.9, 103.21, 105.96, 11, 0, 'Re-screen', 0, 'Low', 0, 'Low', 'Low', 'Low', 3),
  (10061, 10061, 5061, 'LOW', FALSE, 130.0, 96.38, 82.83, 98.48, 84.85, 98.51, 11, 0, 'Baseline', 8, 'Low', 0, 'Moderate', 'Low', 'Low', 8),
  (10062, 10062, 5062, 'MEDIUM', FALSE, 74.87, 61.91, 72.73, 99.29, 94.72, 80.71, 11, 0, 'Follow-up', 18, 'Medium', 2, 'Low', 'High', 'Low', 4),
  (10063, 10063, 5063, 'MEDIUM', FALSE, 98.33, 105.36, 104.08, 78.24, 130.0, 103.2, 11, 0, 'Baseline', 13, 'Medium', 1, 'Moderate', 'Low', 'Low', 5),
  (10064, 10064, 5064, 'MEDIUM', FALSE, 70.61, 124.26, 98.22, 79.65, 100.07, 94.56, 11, 0, 'Baseline', 9, 'Low', 1, 'Low', 'Moderate', 'Low', 13),
  (10065, 10065, 5065, 'MEDIUM', FALSE, 50.0, 77.81, 102.96, 98.89, 81.48, 82.23, 11, 0, 'Baseline', 9, 'Low', 1, 'Low', 'Moderate', 'Low', 13),
  (10066, 10066, 5066, 'MEDIUM', FALSE, 72.05, 89.5, 107.98, 92.97, 97.55, 92.01, 11, 0, 'Baseline', 5, 'Low', 1, 'Low', 'Low', 'Low', 11),
  (10067, 10067, 5067, 'MEDIUM', FALSE, 88.63, 124.76, 85.2, 122.19, 101.08, 104.37, 11, 0, 'Baseline', 5, 'Low', 1, 'Low', 'Low', 'Low', 11),
  (10068, 10068, 5068, 'LOW', FALSE, 96.23, 95.94, 106.95, 121.54, 110.77, 106.29, 11, 0, 'Baseline', 4, 'Low', 0, 'Low', 'Moderate', 'Low', 7),
  (10069, 10069, 5069, 'MEDIUM', FALSE, 87.0, 82.78, 81.23, 85.46, 97.78, 86.85, 11, 0, 'Baseline', 9, 'Low', 1, 'Low', 'Moderate', 'Low', 2),
  (10070, 10070, 5070, 'MEDIUM', FALSE, 85.01, 103.53, 109.11, 77.0, 109.14, 96.76, 11, 0, 'Baseline', 17, 'Medium', 2, 'Low', 'Low', 'High', 11),
  (10071, 10071, 5071, 'LOW', FALSE, 66.81, 93.72, 118.66, 69.98, 113.01, 92.44, 11, 0, 'Follow-up', 0, 'Low', 0, 'Low', 'Low', 'Low', 14),
  (10072, 10072, 5072, 'LOW', FALSE, 95.95, 115.8, 84.67, 89.42, 116.8, 100.53, 11, 0, 'Follow-up', 0, 'Low', 0, 'Low', 'Low', 'Low', 1),
  (10073, 10073, 5073, 'MEDIUM', FALSE, 108.56, 67.49, 100.26, 77.71, 81.95, 87.19, 11, 0, 'Follow-up', 5, 'Low', 1, 'Low', 'Low', 'Low', 2),
  (10074, 10074, 5074, 'LOW', FALSE, 109.73, 111.49, 81.81, 96.55, 82.92, 96.5, 11, 0, 'Follow-up', 0, 'Low', 0, 'Low', 'Low', 'Low', 7),
  (10075, 10075, 5075, 'MEDIUM', FALSE, 100.24, 94.27, 93.13, 83.63, 117.82, 97.82, 11, 0, 'Baseline', 13, 'Medium', 1, 'Moderate', 'Low', 'Low', 12),
  (10076, 10076, 5076, 'LOW', FALSE, 102.24, 78.33, 77.45, 85.42, 110.53, 90.8, 11, 0, 'Baseline', 8, 'Low', 0, 'Moderate', 'Low', 'Low', 6),
  (10077, 10077, 5077, 'MEDIUM', FALSE, 99.41, 58.8, 56.25, 130.0, 91.94, 87.28, 11, 0, 'Follow-up', 9, 'Low', 1, 'Low', 'Moderate', 'Low', 7),
  (10078, 10078, 5078, 'LOW', FALSE, 101.61, 110.32, 86.42, 107.21, 93.9, 99.89, 11, 0, 'Follow-up', 0, 'Low', 0, 'Low', 'Low', 'Low', 13),
  (10079, 10079, 5079, 'MEDIUM', FALSE, 94.63, 86.95, 96.75, 106.35, 97.75, 96.49, 11, 0, 'Baseline', 5, 'Low', 1, 'Low', 'Low', 'Low', 14),
  (10080, 10080, 5080, 'MEDIUM', FALSE, 122.78, 89.68, 90.91, 120.71, 109.05, 106.63, 11, 0, 'Follow-up', 9, 'Low', 1, 'Low', 'Moderate', 'Low', 7),
  (10081, 10081, 5081, 'MEDIUM', FALSE, 95.62, 92.73, 102.62, 110.49, 106.28, 101.55, 11, 0, 'Baseline', 5, 'Low', 1, 'Low', 'Low', 'Low', 5),
  (10082, 10082, 5082, 'MEDIUM', FALSE, 98.39, 86.42, 96.98, 86.47, 112.32, 96.12, 11, 0, 'Baseline', 5, 'Low', 1, 'Low', 'Low', 'Low', 2),
  (10083, 10083, 5083, 'MEDIUM', FALSE, 74.96, 112.13, 96.98, 50.0, 98.15, 86.44, 11, 0, 'Follow-up', 5, 'Low', 1, 'Low', 'Low', 'Low', 12),
  (10084, 10084, 5084, 'LOW', FALSE, 99.44, 94.99, 97.04, 111.07, 103.03, 101.11, 11, 0, 'Follow-up', 8, 'Low', 0, 'Moderate', 'Low', 'Low', 12),
  (10085, 10085, 5085, 'MEDIUM', FALSE, 84.81, 103.68, 118.76, 100.4, 77.19, 96.97, 11, 0, 'Baseline', 9, 'Low', 1, 'Low', 'Moderate', 'Low', 14),
  (10086, 10086, 5086, 'MEDIUM', FALSE, 119.32, 104.02, 102.58, 80.65, 69.78, 95.27, 11, 0, 'Baseline', 15, 'Medium', 0, 'Moderate', 'Low', 'High', 6),
  (10087, 10087, 5087, 'LOW', FALSE, 78.39, 88.88, 79.27, 97.97, 115.92, 92.09, 11, 0, 'Re-screen', 0, 'Low', 0, 'Low', 'Low', 'Low', 9),
  (10088, 10088, 5088, 'LOW', FALSE, 91.29, 86.91, 94.2, 89.3, 106.42, 93.62, 11, 0, 'Baseline', 0, 'Low', 0, 'Low', 'Low', 'Low', 0),
  (10089, 10089, 5089, 'MEDIUM', FALSE, 129.74, 110.66, 97.44, 112.06, 93.1, 108.6, 11, 0, 'Baseline', 18, 'Medium', 2, 'Moderate', 'Low', 'Low', 10),
  (10090, 10090, 5090, 'MEDIUM', FALSE, 92.16, 85.75, 56.03, 84.45, 70.03, 77.68, 11, 0, 'Baseline', 5, 'Low', 1, 'Low', 'Low', 'Low', 4),
  (10091, 10091, 5091, 'LOW', FALSE, 93.79, 112.47, 118.43, 105.93, 82.27, 102.58, 11, 0, 'Re-screen', 0, 'Low', 0, 'Low', 'Low', 'Low', 5),
  (10092, 10092, 5092, 'MEDIUM', FALSE, 85.64, 68.39, 87.93, 80.32, 98.77, 84.21, 11, 0, 'Baseline', 13, 'Medium', 1, 'Moderate', 'Low', 'Low', 6),
  (10093, 10093, 5093, 'MEDIUM', FALSE, 116.4, 99.44, 106.58, 82.37, 109.07, 102.77, 11, 0, 'Baseline', 10, 'Low', 2, 'Low', 'Low', 'Low', 13),
  (10094, 10094, 5094, 'LOW', FALSE, 82.43, 102.17, 114.63, 83.26, 85.09, 93.52, 11, 0, 'Follow-up', 8, 'Low', 0, 'Moderate', 'Low', 'Low', 7),
  (10095, 10095, 5095, 'MEDIUM', FALSE, 96.06, 130.0, 84.08, 74.93, 91.24, 95.26, 11, 0, 'Baseline', 5, 'Low', 1, 'Low', 'Low', 'Low', 14),
  (10096, 10096, 5096, 'MEDIUM', FALSE, 100.66, 77.9, 88.16, 91.68, 82.67, 88.22, 11, 0, 'Baseline', 5, 'Low', 1, 'Low', 'Low', 'Low', 9),
  (10097, 10097, 5097, 'MEDIUM', FALSE, 104.59, 65.97, 79.28, 77.65, 73.02, 80.1, 11, 0, 'Baseline', 12, 'Medium', 0, 'Moderate', 'Moderate', 'Low', 8),
  (10098, 10098, 5098, 'MEDIUM', FALSE, 79.11, 105.44, 104.56, 90.42, 72.8, 90.47, 11, 0, 'Baseline', 10, 'Low', 2, 'Low', 'Low', 'Low', 11),
  (10099, 10099, 5099, 'MEDIUM', FALSE, 105.91, 108.54, 100.23, 115.95, 89.94, 104.11, 11, 0, 'Baseline', 10, 'Low', 2, 'Low', 'Low', 'Low', 10)
ON CONFLICT (id) DO NOTHING;

INSERT INTO screening_sessions (id, child_id, assessment_date, child_age_months, status) VALUES
  (10100, 5100, '2023-04-27', 15, 'completed'),
  (10101, 5101, '2020-06-06', 67, 'completed'),
  (10102, 5102, '2022-09-30', 58, 'completed'),
  (10103, 5103, '2024-10-05', 20, 'completed'),
  (10104, 5104, '2021-09-11', 65, 'completed'),
  (10105, 5105, '2022-07-19', 9, 'completed'),
  (10106, 5106, '2022-01-26', 9, 'completed'),
  (10107, 5107, '2024-04-29', 13, 'completed'),
  (10108, 5108, '2024-11-22', 21, 'completed'),
  (10109, 5109, '2020-12-31', 60, 'completed'),
  (10110, 5110, '2023-04-14', 33, 'completed'),
  (10111, 5111, '2021-06-09', 16, 'completed'),
  (10112, 5112, '2020-01-24', 70, 'completed'),
  (10113, 5113, '2022-11-06', 36, 'completed'),
  (10114, 5114, '2021-11-08', 63, 'completed'),
  (10115, 5115, '2022-01-23', 44, 'completed'),
  (10116, 5116, '2022-06-04', 1, 'completed'),
  (10117, 5117, '2021-02-01', 3, 'completed'),
  (10118, 5118, '2024-02-02', 3, 'completed'),
  (10119, 5119, '2020-09-04', 66, 'completed'),
  (10120, 5120, '2022-08-06', 46, 'completed'),
  (10121, 5121, '2020-04-04', 2, 'completed'),
  (10122, 5122, '2024-12-22', 24, 'completed'),
  (10123, 5123, '2024-08-25', 51, 'completed'),
  (10124, 5124, '2024-06-14', 20, 'completed'),
  (10125, 5125, '2024-05-21', 55, 'completed'),
  (10126, 5126, '2024-12-15', 25, 'completed'),
  (10127, 5127, '2020-02-13', 65, 'completed'),
  (10128, 5128, '2022-12-23', 2, 'completed'),
  (10129, 5129, '2023-11-17', 10, 'completed'),
  (10130, 5130, '2023-05-31', 65, 'completed'),
  (10131, 5131, '2024-02-24', 24, 'completed'),
  (10132, 5132, '2025-04-07', 40, 'completed'),
  (10133, 5133, '2020-09-14', 69, 'completed'),
  (10134, 5134, '2020-11-09', 37, 'completed'),
  (10135, 5135, '2020-10-27', 70, 'completed'),
  (10136, 5136, '2023-12-11', 37, 'completed'),
  (10137, 5137, '2021-03-07', 19, 'completed'),
  (10138, 5138, '2024-07-01', 35, 'completed'),
  (10139, 5139, '2023-08-18', 31, 'completed'),
  (10140, 5140, '2022-04-17', 36, 'completed'),
  (10141, 5141, '2024-09-02', 30, 'completed'),
  (10142, 5142, '2021-01-14', 2, 'completed'),
  (10143, 5143, '2024-03-06', 21, 'completed'),
  (10144, 5144, '2021-08-05', 1, 'completed'),
  (10145, 5145, '2022-05-01', 35, 'completed'),
  (10146, 5146, '2020-06-21', 52, 'completed'),
  (10147, 5147, '2021-06-16', 31, 'completed'),
  (10148, 5148, '2024-06-05', 41, 'completed'),
  (10149, 5149, '2022-03-31', 70, 'completed'),
  (10150, 5150, '2020-02-05', 54, 'completed'),
  (10151, 5151, '2022-03-29', 20, 'completed'),
  (10152, 5152, '2020-01-04', 47, 'completed'),
  (10153, 5153, '2024-04-13', 27, 'completed'),
  (10154, 5154, '2023-08-14', 58, 'completed'),
  (10155, 5155, '2024-04-15', 18, 'completed'),
  (10156, 5156, '2025-03-25', 65, 'completed'),
  (10157, 5157, '2023-08-20', 29, 'completed'),
  (10158, 5158, '2022-11-15', 9, 'completed'),
  (10159, 5159, '2021-03-16', 15, 'completed'),
  (10160, 5160, '2022-01-19', 65, 'completed'),
  (10161, 5161, '2023-04-14', 32, 'completed'),
  (10162, 5162, '2024-02-19', 46, 'completed'),
  (10163, 5163, '2024-07-21', 6, 'completed'),
  (10164, 5164, '2023-10-08', 27, 'completed'),
  (10165, 5165, '2022-04-03', 42, 'completed'),
  (10166, 5166, '2020-06-02', 29, 'completed'),
  (10167, 5167, '2024-08-28', 36, 'completed'),
  (10168, 5168, '2025-05-07', 56, 'completed'),
  (10169, 5169, '2024-07-14', 4, 'completed'),
  (10170, 5170, '2021-03-14', 24, 'completed'),
  (10171, 5171, '2024-11-07', 4, 'completed'),
  (10172, 5172, '2024-08-09', 3, 'completed'),
  (10173, 5173, '2023-01-19', 55, 'completed'),
  (10174, 5174, '2025-01-16', 39, 'completed'),
  (10175, 5175, '2023-02-14', 19, 'completed'),
  (10176, 5176, '2025-06-18', 65, 'completed'),
  (10177, 5177, '2022-06-11', 36, 'completed'),
  (10178, 5178, '2021-07-05', 38, 'completed'),
  (10179, 5179, '2024-06-12', 2, 'completed'),
  (10180, 5180, '2023-08-29', 31, 'completed'),
  (10181, 5181, '2021-04-30', 32, 'completed'),
  (10182, 5182, '2020-02-26', 7, 'completed'),
  (10183, 5183, '2020-11-30', 8, 'completed'),
  (10184, 5184, '2020-06-21', 36, 'completed'),
  (10185, 5185, '2023-07-09', 10, 'completed'),
  (10186, 5186, '2022-01-08', 8, 'completed'),
  (10187, 5187, '2020-04-29', 55, 'completed'),
  (10188, 5188, '2020-04-17', 32, 'completed'),
  (10189, 5189, '2021-05-26', 15, 'completed'),
  (10190, 5190, '2023-09-13', 5, 'completed'),
  (10191, 5191, '2022-01-24', 69, 'completed'),
  (10192, 5192, '2022-01-01', 68, 'completed'),
  (10193, 5193, '2022-02-19', 18, 'completed'),
  (10194, 5194, '2024-06-04', 12, 'completed'),
  (10195, 5195, '2020-05-01', 31, 'completed'),
  (10196, 5196, '2022-06-12', 27, 'completed'),
  (10197, 5197, '2020-03-11', 9, 'completed'),
  (10198, 5198, '2023-02-18', 52, 'completed'),
  (10199, 5199, '2024-01-15', 62, 'completed')
ON CONFLICT (id) DO NOTHING;

INSERT INTO screening_results (id, session_id, child_id, overall_risk, referral_needed, gm_dq, fm_dq, lc_dq, cog_dq, se_dq, composite_dq, tools_completed, tools_skipped, assessment_cycle, baseline_score, baseline_category, num_delays, autism_risk, adhd_risk, behavior_risk, behavior_score) VALUES
  (10100, 10100, 5100, 'LOW', FALSE, 107.95, 104.61, 121.53, 90.69, 102.28, 105.41, 11, 0, 'Baseline', 0, 'Low', 0, 'Low', 'Low', 'Low', 6),
  (10101, 10101, 5101, 'MEDIUM', FALSE, 90.09, 101.99, 89.63, 110.3, 100.24, 98.45, 11, 0, 'Baseline', 15, 'Medium', 0, 'High', 'Low', 'Low', 3),
  (10102, 10102, 5102, 'LOW', FALSE, 70.71, 97.99, 84.25, 98.6, 89.2, 88.15, 11, 0, 'Baseline', 0, 'Low', 0, 'Low', 'Low', 'Low', 2),
  (10103, 10103, 5103, 'MEDIUM', FALSE, 69.18, 106.59, 104.25, 102.6, 107.78, 98.08, 11, 0, 'Baseline', 21, 'Medium', 2, 'Low', 'Moderate', 'High', 1),
  (10104, 10104, 5104, 'MEDIUM', FALSE, 106.96, 91.89, 103.61, 78.45, 84.64, 93.11, 11, 0, 'Baseline', 10, 'Low', 2, 'Low', 'Low', 'Low', 1),
  (10105, 10105, 5105, 'LOW', FALSE, 107.59, 103.74, 97.45, 105.59, 85.27, 99.93, 11, 0, 'Baseline', 0, 'Low', 0, 'Low', 'Low', 'Low', 1),
  (10106, 10106, 5106, 'MEDIUM', FALSE, 100.87, 94.63, 74.66, 99.83, 109.75, 95.95, 11, 0, 'Baseline', 12, 'Medium', 1, 'Low', 'Low', 'High', 11),
  (10107, 10107, 5107, 'LOW', FALSE, 124.94, 97.82, 121.76, 98.17, 102.05, 108.95, 11, 0, 'Follow-up', 0, 'Low', 0, 'Low', 'Low', 'Low', 4),
  (10108, 10108, 5108, 'LOW', FALSE, 81.79, 98.44, 87.38, 90.37, 95.28, 90.65, 11, 0, 'Baseline', 0, 'Low', 0, 'Low', 'Low', 'Low', 12),
  (10109, 10109, 5109, 'LOW', FALSE, 107.72, 69.47, 91.4, 113.96, 115.12, 99.53, 11, 0, 'Baseline', 0, 'Low', 0, 'Low', 'Low', 'Low', 3),
  (10110, 10110, 5110, 'MEDIUM', FALSE, 96.61, 73.43, 76.71, 73.17, 75.16, 79.02, 11, 0, 'Follow-up', 13, 'Medium', 1, 'Moderate', 'Low', 'Low', 0),
  (10111, 10111, 5111, 'LOW', FALSE, 92.34, 84.25, 50.0, 109.25, 122.15, 91.6, 11, 0, 'Follow-up', 0, 'Low', 0, 'Low', 'Low', 'Low', 4),
  (10112, 10112, 5112, 'LOW', FALSE, 102.89, 107.04, 89.91, 93.82, 68.19, 92.37, 11, 0, 'Baseline', 0, 'Low', 0, 'Low', 'Low', 'Low', 0),
  (10113, 10113, 5113, 'MEDIUM', FALSE, 110.65, 82.69, 94.3, 81.3, 102.36, 94.26, 11, 0, 'Baseline', 10, 'Low', 2, 'Low', 'Low', 'Low', 12),
  (10114, 10114, 5114, 'MEDIUM', FALSE, 113.36, 103.22, 90.46, 85.82, 92.76, 97.12, 11, 0, 'Baseline', 11, 'Medium', 0, 'Low', 'Moderate', 'High', 9),
  (10115, 10115, 5115, 'MEDIUM', FALSE, 110.79, 130.0, 89.07, 105.33, 110.07, 109.05, 11, 0, 'Baseline', 13, 'Medium', 1, 'Moderate', 'Low', 'Low', 6),
  (10116, 10116, 5116, 'LOW', FALSE, 84.51, 64.18, 97.24, 101.52, 88.86, 87.26, 11, 0, 'Baseline', 4, 'Low', 0, 'Low', 'Moderate', 'Low', 0),
  (10117, 10117, 5117, 'MEDIUM', FALSE, 80.28, 70.98, 91.1, 108.64, 93.96, 88.99, 11, 0, 'Re-screen', 17, 'Medium', 1, 'Moderate', 'Moderate', 'Low', 0),
  (10118, 10118, 5118, 'MEDIUM', FALSE, 82.94, 73.56, 86.92, 104.24, 98.1, 89.15, 11, 0, 'Baseline', 5, 'Low', 1, 'Low', 'Low', 'Low', 4),
  (10119, 10119, 5119, 'LOW', FALSE, 76.2, 100.2, 87.89, 90.44, 93.53, 89.65, 11, 0, 'Baseline', 0, 'Low', 0, 'Low', 'Low', 'Low', 10),
  (10120, 10120, 5120, 'MEDIUM', FALSE, 84.95, 104.65, 99.92, 111.14, 104.71, 101.07, 11, 0, 'Baseline', 21, 'Medium', 1, 'Moderate', 'High', 'Low', 5),
  (10121, 10121, 5121, 'LOW', FALSE, 94.4, 90.82, 92.88, 91.08, 70.22, 87.88, 11, 0, 'Baseline', 4, 'Low', 0, 'Low', 'Moderate', 'Low', 6),
  (10122, 10122, 5122, 'MEDIUM', FALSE, 94.01, 101.53, 109.93, 92.11, 127.3, 104.98, 11, 0, 'Follow-up', 10, 'Low', 2, 'Low', 'Low', 'Low', 13),
  (10123, 10123, 5123, 'MEDIUM', FALSE, 104.46, 123.31, 86.28, 130.0, 87.51, 106.31, 11, 0, 'Baseline', 12, 'Medium', 0, 'Moderate', 'Moderate', 'Low', 8),
  (10124, 10124, 5124, 'MEDIUM', FALSE, 118.25, 82.05, 93.56, 101.81, 111.28, 101.39, 11, 0, 'Baseline', 15, 'Medium', 0, 'High', 'Low', 'Low', 14),
  (10125, 10125, 5125, 'LOW', FALSE, 121.11, 85.23, 79.3, 107.19, 72.15, 93.0, 11, 0, 'Re-screen', 0, 'Low', 0, 'Low', 'Low', 'Low', 8),
  (10126, 10126, 5126, 'LOW', FALSE, 116.95, 74.87, 80.04, 107.33, 94.11, 94.66, 11, 0, 'Baseline', 8, 'Low', 0, 'Moderate', 'Low', 'Low', 11),
  (10127, 10127, 5127, 'LOW', FALSE, 110.38, 90.92, 92.49, 70.6, 111.08, 95.09, 11, 0, 'Baseline', 0, 'Low', 0, 'Low', 'Low', 'Low', 10),
  (10128, 10128, 5128, 'MEDIUM', FALSE, 87.39, 90.9, 85.84, 95.07, 122.52, 96.34, 11, 0, 'Baseline', 9, 'Low', 1, 'Low', 'Moderate', 'Low', 7),
  (10129, 10129, 5129, 'LOW', FALSE, 97.25, 96.6, 81.68, 59.97, 87.55, 84.61, 11, 0, 'Baseline', 8, 'Low', 0, 'Low', 'High', 'Low', 9),
  (10130, 10130, 5130, 'MEDIUM', FALSE, 72.1, 96.53, 104.28, 90.78, 98.06, 92.35, 11, 0, 'Follow-up', 5, 'Low', 1, 'Low', 'Low', 'Low', 8),
  (10131, 10131, 5131, 'MEDIUM', FALSE, 62.88, 84.86, 101.09, 105.97, 85.7, 88.1, 11, 0, 'Baseline', 5, 'Low', 1, 'Low', 'Low', 'Low', 10),
  (10132, 10132, 5132, 'MEDIUM', FALSE, 84.1, 81.98, 71.7, 92.26, 113.21, 88.65, 11, 0, 'Baseline', 5, 'Low', 1, 'Low', 'Low', 'Low', 12),
  (10133, 10133, 5133, 'MEDIUM', FALSE, 76.56, 70.24, 79.42, 92.79, 92.67, 82.34, 11, 0, 'Re-screen', 15, 'Medium', 0, 'Moderate', 'Low', 'High', 8),
  (10134, 10134, 5134, 'LOW', FALSE, 89.03, 114.86, 86.05, 80.5, 66.59, 87.41, 11, 0, 'Baseline', 8, 'Low', 0, 'Moderate', 'Low', 'Low', 6),
  (10135, 10135, 5135, 'MEDIUM', FALSE, 89.12, 108.39, 128.82, 107.4, 70.64, 100.87, 11, 0, 'Baseline', 19, 'Medium', 0, 'High', 'Moderate', 'Low', 6),
  (10136, 10136, 5136, 'MEDIUM', FALSE, 108.37, 87.01, 96.77, 108.92, 114.32, 103.08, 11, 0, 'Follow-up', 5, 'Low', 1, 'Low', 'Low', 'Low', 13),
  (10137, 10137, 5137, 'MEDIUM', FALSE, 81.85, 103.95, 105.13, 95.71, 71.75, 91.68, 11, 0, 'Follow-up', 14, 'Medium', 2, 'Low', 'Moderate', 'Low', 10),
  (10138, 10138, 5138, 'MEDIUM', FALSE, 88.78, 130.0, 81.25, 87.86, 88.91, 95.36, 11, 0, 'Baseline', 9, 'Low', 1, 'Low', 'Moderate', 'Low', 6),
  (10139, 10139, 5139, 'LOW', FALSE, 87.04, 77.72, 115.87, 82.33, 86.16, 89.82, 11, 0, 'Follow-up', 7, 'Low', 0, 'Low', 'Low', 'High', 4),
  (10140, 10140, 5140, 'MEDIUM', FALSE, 99.8, 79.63, 107.13, 88.55, 102.68, 95.56, 11, 0, 'Follow-up', 5, 'Low', 1, 'Low', 'Low', 'Low', 12),
  (10141, 10141, 5141, 'MEDIUM', FALSE, 99.78, 59.44, 96.65, 71.77, 99.39, 85.41, 11, 0, 'Baseline', 5, 'Low', 1, 'Low', 'Low', 'Low', 7),
  (10142, 10142, 5142, 'MEDIUM', FALSE, 80.87, 97.91, 103.26, 101.16, 116.85, 100.01, 11, 0, 'Re-screen', 22, 'Medium', 0, 'High', 'Low', 'High', 12),
  (10143, 10143, 5143, 'MEDIUM', FALSE, 117.91, 83.17, 118.78, 81.48, 118.49, 103.97, 11, 0, 'Baseline', 5, 'Low', 1, 'Low', 'Low', 'Low', 8),
  (10144, 10144, 5144, 'MEDIUM', FALSE, 92.07, 93.38, 62.59, 76.5, 75.98, 80.11, 11, 0, 'Baseline', 10, 'Low', 2, 'Low', 'Low', 'Low', 10),
  (10145, 10145, 5145, 'MEDIUM', FALSE, 72.55, 99.97, 114.94, 80.98, 89.11, 91.51, 11, 0, 'Baseline', 10, 'Low', 2, 'Low', 'Low', 'Low', 4),
  (10146, 10146, 5146, 'LOW', FALSE, 111.25, 101.52, 81.1, 82.55, 80.98, 91.48, 11, 0, 'Follow-up', 0, 'Low', 0, 'Low', 'Low', 'Low', 5),
  (10147, 10147, 5147, 'LOW', FALSE, 72.08, 51.24, 100.92, 74.5, 104.65, 80.68, 11, 0, 'Follow-up', 0, 'Low', 0, 'Low', 'Low', 'Low', 5),
  (10148, 10148, 5148, 'MEDIUM', FALSE, 80.01, 92.3, 103.71, 80.41, 102.86, 91.86, 11, 0, 'Follow-up', 15, 'Medium', 0, 'High', 'Low', 'Low', 4),
  (10149, 10149, 5149, 'MEDIUM', FALSE, 79.78, 97.41, 100.95, 110.04, 80.14, 93.66, 11, 0, 'Baseline', 12, 'Medium', 1, 'Low', 'Low', 'High', 11),
  (10150, 10150, 5150, 'MEDIUM', FALSE, 101.46, 123.78, 106.66, 106.52, 85.52, 104.79, 11, 0, 'Baseline', 5, 'Low', 1, 'Low', 'Low', 'Low', 8),
  (10151, 10151, 5151, 'LOW', FALSE, 96.63, 105.58, 99.08, 110.69, 102.32, 102.86, 11, 0, 'Baseline', 0, 'Low', 0, 'Low', 'Low', 'Low', 3),
  (10152, 10152, 5152, 'MEDIUM', FALSE, 89.58, 102.88, 108.94, 74.19, 110.42, 97.2, 11, 0, 'Re-screen', 12, 'Medium', 0, 'Moderate', 'Moderate', 'Low', 2),
  (10153, 10153, 5153, 'MEDIUM', FALSE, 99.01, 82.64, 110.26, 86.84, 96.94, 95.14, 11, 0, 'Baseline', 12, 'Medium', 1, 'Low', 'Low', 'High', 6),
  (10154, 10154, 5154, 'LOW', FALSE, 107.12, 121.12, 72.73, 90.43, 60.48, 90.38, 11, 0, 'Follow-up', 0, 'Low', 0, 'Low', 'Low', 'Low', 7),
  (10155, 10155, 5155, 'MEDIUM', FALSE, 102.57, 82.95, 94.35, 111.97, 117.12, 101.79, 11, 0, 'Baseline', 13, 'Medium', 1, 'Moderate', 'Low', 'Low', 13),
  (10156, 10156, 5156, 'MEDIUM', FALSE, 78.06, 84.93, 79.04, 100.43, 97.98, 88.09, 11, 0, 'Baseline', 9, 'Low', 1, 'Low', 'Moderate', 'Low', 10),
  (10157, 10157, 5157, 'LOW', FALSE, 90.59, 108.17, 94.61, 103.27, 88.45, 97.02, 11, 0, 'Baseline', 0, 'Low', 0, 'Low', 'Low', 'Low', 12),
  (10158, 10158, 5158, 'LOW', FALSE, 112.41, 83.26, 111.45, 80.46, 100.25, 97.57, 11, 0, 'Baseline', 0, 'Low', 0, 'Low', 'Low', 'Low', 8),
  (10159, 10159, 5159, 'LOW', FALSE, 85.0, 119.4, 83.35, 97.11, 97.29, 96.43, 11, 0, 'Baseline', 8, 'Low', 0, 'Moderate', 'Low', 'Low', 0),
  (10160, 10160, 5160, 'LOW', FALSE, 63.96, 119.44, 82.59, 130.0, 128.64, 104.93, 11, 0, 'Baseline', 0, 'Low', 0, 'Low', 'Low', 'Low', 14),
  (10161, 10161, 5161, 'LOW', FALSE, 74.52, 93.29, 76.54, 129.59, 80.21, 90.83, 11, 0, 'Baseline', 0, 'Low', 0, 'Low', 'Low', 'Low', 13),
  (10162, 10162, 5162, 'MEDIUM', FALSE, 101.15, 99.15, 108.11, 103.75, 103.46, 103.12, 11, 0, 'Follow-up', 18, 'Medium', 2, 'Moderate', 'Low', 'Low', 14),
  (10163, 10163, 5163, 'LOW', FALSE, 87.04, 86.97, 82.85, 92.53, 101.53, 90.18, 11, 0, 'Baseline', 4, 'Low', 0, 'Low', 'Moderate', 'Low', 9),
  (10164, 10164, 5164, 'MEDIUM', FALSE, 110.41, 106.45, 120.03, 83.25, 117.31, 107.49, 11, 0, 'Baseline', 14, 'Medium', 2, 'Low', 'Moderate', 'Low', 6),
  (10165, 10165, 5165, 'LOW', FALSE, 107.6, 130.0, 97.41, 96.06, 97.16, 105.65, 11, 0, 'Follow-up', 8, 'Low', 0, 'Moderate', 'Low', 'Low', 1),
  (10166, 10166, 5166, 'MEDIUM', FALSE, 87.62, 101.16, 122.16, 69.5, 92.67, 94.62, 11, 0, 'Baseline', 12, 'Medium', 1, 'Low', 'Low', 'High', 11),
  (10167, 10167, 5167, 'LOW', FALSE, 94.34, 94.51, 90.13, 73.97, 112.97, 93.18, 11, 0, 'Baseline', 0, 'Low', 0, 'Low', 'Low', 'Low', 2),
  (10168, 10168, 5168, 'LOW', FALSE, 97.25, 94.52, 66.75, 88.67, 93.3, 88.1, 11, 0, 'Baseline', 0, 'Low', 0, 'Low', 'Low', 'Low', 2),
  (10169, 10169, 5169, 'MEDIUM', FALSE, 105.25, 79.62, 89.9, 86.77, 114.2, 95.15, 11, 0, 'Re-screen', 5, 'Low', 1, 'Low', 'Low', 'Low', 7),
  (10170, 10170, 5170, 'MEDIUM', FALSE, 109.8, 97.06, 122.59, 60.43, 104.77, 98.93, 11, 0, 'Baseline', 22, 'Medium', 2, 'Moderate', 'Moderate', 'Low', 6),
  (10171, 10171, 5171, 'MEDIUM', FALSE, 109.22, 117.14, 84.17, 116.88, 85.4, 102.56, 11, 0, 'Baseline', 5, 'Low', 1, 'Low', 'Low', 'Low', 11),
  (10172, 10172, 5172, 'LOW', FALSE, 96.45, 83.33, 98.06, 124.39, 111.35, 102.72, 11, 0, 'Follow-up', 0, 'Low', 0, 'Low', 'Low', 'Low', 14),
  (10173, 10173, 5173, 'LOW', FALSE, 85.78, 70.52, 103.17, 86.03, 86.85, 86.47, 11, 0, 'Baseline', 0, 'Low', 0, 'Low', 'Low', 'Low', 9),
  (10174, 10174, 5174, 'MEDIUM', FALSE, 95.37, 107.81, 107.07, 115.46, 75.81, 100.3, 11, 0, 'Baseline', 5, 'Low', 1, 'Low', 'Low', 'Low', 2),
  (10175, 10175, 5175, 'MEDIUM', FALSE, 85.74, 100.18, 89.45, 92.75, 71.65, 87.95, 11, 0, 'Re-screen', 5, 'Low', 1, 'Low', 'Low', 'Low', 4),
  (10176, 10176, 5176, 'LOW', FALSE, 101.96, 114.83, 110.16, 103.64, 82.0, 102.52, 11, 0, 'Baseline', 7, 'Low', 0, 'Low', 'Low', 'High', 8),
  (10177, 10177, 5177, 'LOW', FALSE, 76.92, 74.23, 96.1, 91.22, 96.07, 86.91, 11, 0, 'Baseline', 8, 'Low', 0, 'Low', 'High', 'Low', 8),
  (10178, 10178, 5178, 'MEDIUM', FALSE, 96.22, 98.0, 106.21, 87.97, 106.02, 98.88, 11, 0, 'Baseline', 5, 'Low', 1, 'Low', 'Low', 'Low', 14),
  (10179, 10179, 5179, 'MEDIUM', FALSE, 80.71, 111.66, 86.05, 106.77, 90.36, 95.11, 11, 0, 'Baseline', 10, 'Low', 2, 'Low', 'Low', 'Low', 12),
  (10180, 10180, 5180, 'LOW', FALSE, 105.94, 119.19, 113.54, 97.59, 102.28, 107.71, 11, 0, 'Follow-up', 8, 'Low', 0, 'Moderate', 'Low', 'Low', 9),
  (10181, 10181, 5181, 'LOW', FALSE, 104.54, 89.47, 122.54, 124.17, 102.37, 108.62, 11, 0, 'Baseline', 8, 'Low', 0, 'Moderate', 'Low', 'Low', 6),
  (10182, 10182, 5182, 'MEDIUM', FALSE, 95.35, 105.31, 101.79, 80.19, 75.2, 91.57, 11, 0, 'Baseline', 13, 'Medium', 1, 'Moderate', 'Low', 'Low', 12),
  (10183, 10183, 5183, 'LOW', FALSE, 101.09, 75.59, 83.2, 96.16, 111.24, 93.46, 11, 0, 'Follow-up', 0, 'Low', 0, 'Low', 'Low', 'Low', 9),
  (10184, 10184, 5184, 'MEDIUM', FALSE, 100.92, 100.94, 98.86, 89.16, 90.64, 96.11, 11, 0, 'Baseline', 13, 'Medium', 1, 'Moderate', 'Low', 'Low', 2),
  (10185, 10185, 5185, 'MEDIUM', FALSE, 91.7, 108.66, 95.64, 114.48, 109.11, 103.92, 11, 0, 'Baseline', 18, 'Medium', 2, 'Moderate', 'Low', 'Low', 6),
  (10186, 10186, 5186, 'LOW', FALSE, 115.22, 89.91, 68.34, 75.6, 78.44, 85.5, 11, 0, 'Baseline', 8, 'Low', 0, 'Low', 'High', 'Low', 1),
  (10187, 10187, 5187, 'HIGH', TRUE, 98.35, 115.17, 75.59, 111.33, 94.22, 98.93, 11, 0, 'Baseline', 15, 'Medium', 3, 'Low', 'Low', 'Low', 11),
  (10188, 10188, 5188, 'MEDIUM', FALSE, 97.85, 120.8, 87.81, 83.05, 81.75, 94.25, 11, 0, 'Follow-up', 21, 'Medium', 1, 'Moderate', 'High', 'Low', 6),
  (10189, 10189, 5189, 'MEDIUM', FALSE, 97.4, 100.81, 70.18, 82.4, 69.66, 84.09, 11, 0, 'Re-screen', 9, 'Low', 1, 'Low', 'Moderate', 'Low', 1),
  (10190, 10190, 5190, 'LOW', FALSE, 92.22, 116.94, 82.74, 126.73, 113.71, 106.47, 11, 0, 'Follow-up', 8, 'Low', 0, 'Moderate', 'Low', 'Low', 0),
  (10191, 10191, 5191, 'MEDIUM', FALSE, 105.12, 98.98, 100.38, 120.43, 127.66, 110.52, 11, 0, 'Follow-up', 18, 'Medium', 2, 'Low', 'High', 'Low', 4),
  (10192, 10192, 5192, 'LOW', FALSE, 86.68, 115.6, 96.69, 73.5, 92.23, 92.94, 11, 0, 'Baseline', 0, 'Low', 0, 'Low', 'Low', 'Low', 5),
  (10193, 10193, 5193, 'HIGH', TRUE, 109.02, 89.94, 96.17, 108.41, 112.92, 103.29, 11, 0, 'Baseline', 28, 'High', 1, 'Moderate', 'High', 'High', 13),
  (10194, 10194, 5194, 'MEDIUM', FALSE, 125.41, 81.36, 102.94, 94.06, 99.38, 100.63, 11, 0, 'Follow-up', 5, 'Low', 1, 'Low', 'Low', 'Low', 14),
  (10195, 10195, 5195, 'MEDIUM', FALSE, 82.11, 79.77, 90.75, 71.48, 80.26, 80.87, 11, 0, 'Baseline', 12, 'Medium', 0, 'Moderate', 'Moderate', 'Low', 1),
  (10196, 10196, 5196, 'MEDIUM', FALSE, 93.41, 95.65, 72.49, 97.35, 124.66, 96.71, 11, 0, 'Re-screen', 13, 'Medium', 1, 'Moderate', 'Low', 'Low', 12),
  (10197, 10197, 5197, 'LOW', FALSE, 103.7, 117.18, 82.91, 100.97, 97.25, 100.4, 11, 0, 'Re-screen', 0, 'Low', 0, 'Low', 'Low', 'Low', 13),
  (10198, 10198, 5198, 'LOW', FALSE, 75.37, 98.35, 67.74, 117.4, 103.76, 92.52, 11, 0, 'Baseline', 0, 'Low', 0, 'Low', 'Low', 'Low', 7),
  (10199, 10199, 5199, 'MEDIUM', FALSE, 87.65, 94.81, 91.23, 93.64, 107.27, 94.92, 11, 0, 'Baseline', 12, 'Medium', 1, 'Low', 'Low', 'High', 13)
ON CONFLICT (id) DO NOTHING;

INSERT INTO screening_sessions (id, child_id, assessment_date, child_age_months, status) VALUES
  (10200, 5200, '2023-02-18', 53, 'completed'),
  (10201, 5201, '2022-04-05', 26, 'completed'),
  (10202, 5202, '2024-02-12', 10, 'completed'),
  (10203, 5203, '2021-03-09', 32, 'completed'),
  (10204, 5204, '2024-06-05', 40, 'completed'),
  (10205, 5205, '2020-03-04', 60, 'completed'),
  (10206, 5206, '2022-08-21', 23, 'completed'),
  (10207, 5207, '2021-05-15', 59, 'completed'),
  (10208, 5208, '2024-12-23', 45, 'completed'),
  (10209, 5209, '2024-04-24', 16, 'completed'),
  (10210, 5210, '2023-05-09', 16, 'completed'),
  (10211, 5211, '2023-11-25', 58, 'completed'),
  (10212, 5212, '2020-12-28', 47, 'completed'),
  (10213, 5213, '2020-06-15', 20, 'completed'),
  (10214, 5214, '2022-01-31', 46, 'completed'),
  (10215, 5215, '2020-12-06', 52, 'completed'),
  (10216, 5216, '2025-02-23', 17, 'completed'),
  (10217, 5217, '2023-03-10', 27, 'completed'),
  (10218, 5218, '2024-06-26', 31, 'completed'),
  (10219, 5219, '2023-03-06', 15, 'completed'),
  (10220, 5220, '2021-09-25', 9, 'completed'),
  (10221, 5221, '2025-03-23', 58, 'completed'),
  (10222, 5222, '2025-05-01', 41, 'completed'),
  (10223, 5223, '2022-08-19', 60, 'completed'),
  (10224, 5224, '2023-10-11', 59, 'completed'),
  (10225, 5225, '2021-10-28', 11, 'completed'),
  (10226, 5226, '2023-08-20', 7, 'completed'),
  (10227, 5227, '2024-09-25', 59, 'completed'),
  (10228, 5228, '2020-04-10', 55, 'completed'),
  (10229, 5229, '2022-09-12', 34, 'completed'),
  (10230, 5230, '2022-01-17', 25, 'completed'),
  (10231, 5231, '2020-05-09', 19, 'completed'),
  (10232, 5232, '2020-03-26', 21, 'completed'),
  (10233, 5233, '2022-09-01', 47, 'completed'),
  (10234, 5234, '2024-08-17', 6, 'completed'),
  (10235, 5235, '2020-04-02', 46, 'completed'),
  (10236, 5236, '2024-09-02', 25, 'completed'),
  (10237, 5237, '2024-08-25', 39, 'completed'),
  (10238, 5238, '2024-12-02', 13, 'completed'),
  (10239, 5239, '2021-07-14', 2, 'completed'),
  (10240, 5240, '2021-04-10', 6, 'completed'),
  (10241, 5241, '2021-12-10', 18, 'completed'),
  (10242, 5242, '2023-01-04', 12, 'completed'),
  (10243, 5243, '2023-10-27', 57, 'completed'),
  (10244, 5244, '2024-06-12', 27, 'completed'),
  (10245, 5245, '2020-03-26', 43, 'completed'),
  (10246, 5246, '2022-01-02', 58, 'completed'),
  (10247, 5247, '2022-06-25', 49, 'completed'),
  (10248, 5248, '2020-01-08', 9, 'completed'),
  (10249, 5249, '2020-12-09', 11, 'completed'),
  (10250, 5250, '2020-01-23', 40, 'completed'),
  (10251, 5251, '2022-02-02', 4, 'completed'),
  (10252, 5252, '2023-12-16', 45, 'completed'),
  (10253, 5253, '2023-03-25', 69, 'completed'),
  (10254, 5254, '2020-10-30', 56, 'completed'),
  (10255, 5255, '2024-03-05', 32, 'completed'),
  (10256, 5256, '2023-11-02', 27, 'completed'),
  (10257, 5257, '2022-03-19', 14, 'completed'),
  (10258, 5258, '2020-05-12', 55, 'completed'),
  (10259, 5259, '2020-11-15', 11, 'completed'),
  (10260, 5260, '2023-01-02', 34, 'completed'),
  (10261, 5261, '2021-09-12', 65, 'completed'),
  (10262, 5262, '2024-09-25', 37, 'completed'),
  (10263, 5263, '2023-07-24', 61, 'completed'),
  (10264, 5264, '2025-01-11', 1, 'completed'),
  (10265, 5265, '2021-12-25', 25, 'completed'),
  (10266, 5266, '2020-08-03', 27, 'completed'),
  (10267, 5267, '2023-01-28', 6, 'completed'),
  (10268, 5268, '2023-05-08', 30, 'completed'),
  (10269, 5269, '2021-04-20', 64, 'completed'),
  (10270, 5270, '2022-01-09', 19, 'completed'),
  (10271, 5271, '2023-04-08', 56, 'completed'),
  (10272, 5272, '2022-11-19', 7, 'completed'),
  (10273, 5273, '2023-04-03', 46, 'completed'),
  (10274, 5274, '2023-09-24', 47, 'completed'),
  (10275, 5275, '2023-02-15', 59, 'completed'),
  (10276, 5276, '2024-03-05', 63, 'completed'),
  (10277, 5277, '2022-06-05', 3, 'completed'),
  (10278, 5278, '2023-02-16', 23, 'completed'),
  (10279, 5279, '2021-06-02', 56, 'completed'),
  (10280, 5280, '2025-02-26', 39, 'completed'),
  (10281, 5281, '2021-01-16', 6, 'completed'),
  (10282, 5282, '2024-05-11', 50, 'completed'),
  (10283, 5283, '2020-06-07', 59, 'completed'),
  (10284, 5284, '2023-11-09', 16, 'completed'),
  (10285, 5285, '2023-02-12', 49, 'completed'),
  (10286, 5286, '2022-09-11', 19, 'completed'),
  (10287, 5287, '2023-09-12', 60, 'completed'),
  (10288, 5288, '2022-04-05', 54, 'completed'),
  (10289, 5289, '2023-05-08', 19, 'completed'),
  (10290, 5290, '2020-02-04', 37, 'completed'),
  (10291, 5291, '2020-03-15', 37, 'completed'),
  (10292, 5292, '2023-07-27', 68, 'completed'),
  (10293, 5293, '2022-07-19', 10, 'completed'),
  (10294, 5294, '2020-03-11', 48, 'completed'),
  (10295, 5295, '2023-05-14', 1, 'completed'),
  (10296, 5296, '2021-05-07', 65, 'completed'),
  (10297, 5297, '2025-05-02', 26, 'completed'),
  (10298, 5298, '2020-06-28', 61, 'completed'),
  (10299, 5299, '2024-03-04', 37, 'completed')
ON CONFLICT (id) DO NOTHING;

INSERT INTO screening_results (id, session_id, child_id, overall_risk, referral_needed, gm_dq, fm_dq, lc_dq, cog_dq, se_dq, composite_dq, tools_completed, tools_skipped, assessment_cycle, baseline_score, baseline_category, num_delays, autism_risk, adhd_risk, behavior_risk, behavior_score) VALUES
  (10200, 10200, 5200, 'LOW', FALSE, 109.43, 69.23, 80.28, 108.82, 108.35, 95.22, 11, 0, 'Follow-up', 0, 'Low', 0, 'Low', 'Low', 'Low', 9),
  (10201, 10201, 5201, 'MEDIUM', FALSE, 124.8, 77.86, 85.97, 115.13, 98.89, 100.53, 11, 0, 'Baseline', 5, 'Low', 1, 'Low', 'Low', 'Low', 3),
  (10202, 10202, 5202, 'MEDIUM', FALSE, 102.16, 108.45, 106.42, 112.88, 67.55, 99.49, 11, 0, 'Re-screen', 16, 'Medium', 0, 'Moderate', 'High', 'Low', 6),
  (10203, 10203, 5203, 'MEDIUM', FALSE, 106.41, 99.68, 95.27, 97.34, 116.81, 103.1, 11, 0, 'Baseline', 5, 'Low', 1, 'Low', 'Low', 'Low', 13),
  (10204, 10204, 5204, 'LOW', FALSE, 86.77, 106.62, 95.74, 99.48, 77.65, 93.25, 11, 0, 'Follow-up', 7, 'Low', 0, 'Low', 'Low', 'High', 4),
  (10205, 10205, 5205, 'MEDIUM', FALSE, 92.73, 107.08, 122.71, 101.39, 97.72, 104.32, 11, 0, 'Follow-up', 13, 'Medium', 1, 'Moderate', 'Low', 'Low', 1),
  (10206, 10206, 5206, 'LOW', FALSE, 90.33, 69.04, 96.96, 80.25, 100.6, 87.44, 11, 0, 'Follow-up', 8, 'Low', 0, 'Moderate', 'Low', 'Low', 6),
  (10207, 10207, 5207, 'MEDIUM', FALSE, 81.42, 68.1, 104.76, 93.19, 80.25, 85.54, 11, 0, 'Baseline', 12, 'Medium', 1, 'Low', 'Low', 'High', 9),
  (10208, 10208, 5208, 'LOW', FALSE, 100.64, 99.44, 83.68, 106.91, 99.04, 97.94, 11, 0, 'Baseline', 7, 'Low', 0, 'Low', 'Low', 'High', 1),
  (10209, 10209, 5209, 'MEDIUM', FALSE, 75.7, 73.24, 92.97, 112.55, 104.51, 91.79, 11, 0, 'Baseline', 10, 'Low', 2, 'Low', 'Low', 'Low', 0),
  (10210, 10210, 5210, 'MEDIUM', FALSE, 94.68, 80.52, 73.45, 107.41, 84.16, 88.05, 11, 0, 'Baseline', 10, 'Low', 2, 'Low', 'Low', 'Low', 1),
  (10211, 10211, 5211, 'MEDIUM', FALSE, 103.37, 113.56, 103.89, 114.96, 81.75, 103.51, 11, 0, 'Follow-up', 13, 'Medium', 1, 'Low', 'High', 'Low', 1),
  (10212, 10212, 5212, 'LOW', FALSE, 94.99, 97.1, 92.23, 97.49, 79.1, 92.18, 11, 0, 'Baseline', 8, 'Low', 0, 'Moderate', 'Low', 'Low', 8),
  (10213, 10213, 5213, 'MEDIUM', FALSE, 104.38, 116.69, 99.25, 93.13, 89.53, 100.59, 11, 0, 'Baseline', 12, 'Medium', 0, 'Moderate', 'Moderate', 'Low', 11),
  (10214, 10214, 5214, 'MEDIUM', FALSE, 110.5, 92.3, 95.21, 93.26, 97.45, 97.75, 11, 0, 'Re-screen', 5, 'Low', 1, 'Low', 'Low', 'Low', 14),
  (10215, 10215, 5215, 'MEDIUM', FALSE, 77.66, 112.28, 71.83, 101.61, 100.31, 92.74, 11, 0, 'Re-screen', 5, 'Low', 1, 'Low', 'Low', 'Low', 10),
  (10216, 10216, 5216, 'MEDIUM', FALSE, 76.22, 107.86, 90.38, 90.11, 91.76, 91.27, 11, 0, 'Baseline', 5, 'Low', 1, 'Low', 'Low', 'Low', 0),
  (10217, 10217, 5217, 'LOW', FALSE, 62.16, 93.21, 86.04, 72.69, 96.31, 82.08, 11, 0, 'Follow-up', 0, 'Low', 0, 'Low', 'Low', 'Low', 7),
  (10218, 10218, 5218, 'MEDIUM', FALSE, 81.33, 111.63, 109.34, 113.81, 86.95, 100.61, 11, 0, 'Baseline', 13, 'Medium', 1, 'Moderate', 'Low', 'Low', 1),
  (10219, 10219, 5219, 'MEDIUM', FALSE, 83.67, 91.43, 99.1, 96.43, 86.62, 91.45, 11, 0, 'Follow-up', 13, 'Medium', 1, 'Low', 'High', 'Low', 4),
  (10220, 10220, 5220, 'MEDIUM', FALSE, 92.31, 93.34, 84.03, 96.42, 109.82, 95.18, 11, 0, 'Baseline', 5, 'Low', 1, 'Low', 'Low', 'Low', 9),
  (10221, 10221, 5221, 'LOW', FALSE, 102.14, 75.59, 80.58, 99.38, 103.85, 92.31, 11, 0, 'Baseline', 4, 'Low', 0, 'Low', 'Moderate', 'Low', 6),
  (10222, 10222, 5222, 'LOW', FALSE, 96.54, 70.47, 90.98, 99.62, 88.67, 89.26, 11, 0, 'Follow-up', 8, 'Low', 0, 'Moderate', 'Low', 'Low', 0),
  (10223, 10223, 5223, 'MEDIUM', FALSE, 74.37, 106.0, 101.16, 105.71, 88.55, 95.16, 11, 0, 'Follow-up', 5, 'Low', 1, 'Low', 'Low', 'Low', 10),
  (10224, 10224, 5224, 'MEDIUM', FALSE, 105.55, 95.82, 121.56, 96.5, 114.1, 106.71, 11, 0, 'Re-screen', 12, 'Medium', 1, 'Low', 'Low', 'High', 13),
  (10225, 10225, 5225, 'LOW', FALSE, 79.08, 79.2, 95.34, 90.37, 111.41, 91.08, 11, 0, 'Baseline', 0, 'Low', 0, 'Low', 'Low', 'Low', 5),
  (10226, 10226, 5226, 'LOW', FALSE, 109.0, 86.52, 121.75, 104.62, 105.72, 105.52, 11, 0, 'Follow-up', 0, 'Low', 0, 'Low', 'Low', 'Low', 6),
  (10227, 10227, 5227, 'LOW', FALSE, 117.29, 94.82, 107.9, 78.12, 83.96, 96.42, 11, 0, 'Follow-up', 8, 'Low', 0, 'Moderate', 'Low', 'Low', 9),
  (10228, 10228, 5228, 'MEDIUM', FALSE, 86.94, 94.99, 87.59, 112.16, 50.0, 86.34, 11, 0, 'Follow-up', 10, 'Low', 2, 'Low', 'Low', 'Low', 5),
  (10229, 10229, 5229, 'MEDIUM', FALSE, 104.45, 50.0, 91.63, 100.24, 66.4, 82.54, 11, 0, 'Follow-up', 5, 'Low', 1, 'Low', 'Low', 'Low', 4),
  (10230, 10230, 5230, 'LOW', FALSE, 109.58, 74.91, 59.43, 107.5, 105.33, 91.35, 11, 0, 'Baseline', 0, 'Low', 0, 'Low', 'Low', 'Low', 4),
  (10231, 10231, 5231, 'MEDIUM', FALSE, 63.82, 103.5, 86.33, 96.12, 96.23, 89.2, 11, 0, 'Re-screen', 10, 'Low', 2, 'Low', 'Low', 'Low', 0),
  (10232, 10232, 5232, 'LOW', FALSE, 69.63, 95.39, 87.2, 105.61, 93.86, 90.34, 11, 0, 'Baseline', 4, 'Low', 0, 'Low', 'Moderate', 'Low', 1),
  (10233, 10233, 5233, 'MEDIUM', FALSE, 64.3, 94.85, 124.53, 89.17, 106.54, 95.88, 11, 0, 'Baseline', 12, 'Medium', 1, 'Low', 'Low', 'High', 0),
  (10234, 10234, 5234, 'HIGH', TRUE, 90.42, 65.92, 71.95, 106.84, 92.83, 85.59, 11, 0, 'Baseline', 28, 'High', 1, 'High', 'High', 'Low', 13),
  (10235, 10235, 5235, 'LOW', FALSE, 90.68, 101.96, 106.53, 106.82, 94.61, 100.12, 11, 0, 'Baseline', 0, 'Low', 0, 'Low', 'Low', 'Low', 9),
  (10236, 10236, 5236, 'LOW', FALSE, 92.29, 95.87, 75.24, 109.65, 111.17, 96.84, 11, 0, 'Baseline', 8, 'Low', 0, 'Moderate', 'Low', 'Low', 1),
  (10237, 10237, 5237, 'MEDIUM', FALSE, 95.76, 115.34, 92.92, 74.6, 109.64, 97.65, 11, 0, 'Baseline', 11, 'Medium', 0, 'Low', 'Moderate', 'High', 12),
  (10238, 10238, 5238, 'LOW', FALSE, 92.64, 103.82, 93.82, 92.4, 84.53, 93.44, 11, 0, 'Baseline', 4, 'Low', 0, 'Low', 'Moderate', 'Low', 1),
  (10239, 10239, 5239, 'LOW', FALSE, 90.86, 100.79, 93.39, 97.21, 81.56, 92.76, 11, 0, 'Baseline', 0, 'Low', 0, 'Low', 'Low', 'Low', 10),
  (10240, 10240, 5240, 'MEDIUM', FALSE, 94.29, 96.15, 91.98, 124.96, 101.37, 101.75, 11, 0, 'Baseline', 9, 'Low', 1, 'Low', 'Moderate', 'Low', 11),
  (10241, 10241, 5241, 'MEDIUM', FALSE, 73.15, 123.29, 87.34, 59.67, 87.35, 86.16, 11, 0, 'Baseline', 5, 'Low', 1, 'Low', 'Low', 'Low', 3),
  (10242, 10242, 5242, 'MEDIUM', FALSE, 85.69, 63.63, 130.0, 102.58, 94.44, 95.27, 11, 0, 'Re-screen', 13, 'Medium', 1, 'Moderate', 'Low', 'Low', 13),
  (10243, 10243, 5243, 'MEDIUM', FALSE, 66.65, 87.59, 93.4, 95.7, 92.28, 87.13, 11, 0, 'Baseline', 5, 'Low', 1, 'Low', 'Low', 'Low', 7),
  (10244, 10244, 5244, 'MEDIUM', FALSE, 100.21, 81.17, 107.44, 96.16, 104.44, 97.88, 11, 0, 'Baseline', 13, 'Medium', 1, 'Low', 'High', 'Low', 5),
  (10245, 10245, 5245, 'MEDIUM', FALSE, 69.52, 101.92, 97.8, 65.99, 90.4, 85.12, 11, 0, 'Baseline', 14, 'Medium', 2, 'Low', 'Moderate', 'Low', 0),
  (10246, 10246, 5246, 'LOW', FALSE, 102.17, 75.5, 104.47, 97.09, 108.7, 97.59, 11, 0, 'Baseline', 0, 'Low', 0, 'Low', 'Low', 'Low', 9),
  (10247, 10247, 5247, 'LOW', FALSE, 70.86, 91.74, 118.69, 75.52, 108.18, 93.0, 11, 0, 'Re-screen', 8, 'Low', 0, 'Moderate', 'Low', 'Low', 2),
  (10248, 10248, 5248, 'LOW', FALSE, 114.0, 91.5, 83.87, 84.59, 104.61, 95.71, 11, 0, 'Baseline', 0, 'Low', 0, 'Low', 'Low', 'Low', 12),
  (10249, 10249, 5249, 'LOW', FALSE, 75.89, 87.04, 86.44, 123.68, 81.18, 90.85, 11, 0, 'Baseline', 8, 'Low', 0, 'Moderate', 'Low', 'Low', 13),
  (10250, 10250, 5250, 'MEDIUM', FALSE, 97.38, 106.54, 87.31, 65.43, 108.07, 92.95, 11, 0, 'Baseline', 5, 'Low', 1, 'Low', 'Low', 'Low', 11),
  (10251, 10251, 5251, 'MEDIUM', FALSE, 104.89, 80.71, 112.85, 107.94, 84.64, 98.21, 11, 0, 'Baseline', 13, 'Medium', 1, 'Moderate', 'Low', 'Low', 14),
  (10252, 10252, 5252, 'MEDIUM', FALSE, 85.7, 77.82, 88.59, 111.56, 100.4, 92.81, 11, 0, 'Baseline', 5, 'Low', 1, 'Low', 'Low', 'Low', 7),
  (10253, 10253, 5253, 'MEDIUM', FALSE, 90.57, 95.4, 122.14, 85.67, 106.76, 100.11, 11, 0, 'Follow-up', 10, 'Low', 2, 'Low', 'Low', 'Low', 1),
  (10254, 10254, 5254, 'LOW', FALSE, 90.11, 95.54, 103.48, 92.78, 91.44, 94.67, 11, 0, 'Follow-up', 0, 'Low', 0, 'Low', 'Low', 'Low', 6),
  (10255, 10255, 5255, 'MEDIUM', FALSE, 116.2, 85.43, 121.68, 115.68, 99.69, 107.74, 11, 0, 'Baseline', 5, 'Low', 1, 'Low', 'Low', 'Low', 6),
  (10256, 10256, 5256, 'MEDIUM', FALSE, 70.46, 114.33, 101.94, 110.71, 101.79, 99.85, 11, 0, 'Baseline', 10, 'Low', 2, 'Low', 'Low', 'Low', 4),
  (10257, 10257, 5257, 'MEDIUM', FALSE, 78.67, 80.07, 90.33, 97.24, 105.49, 90.36, 11, 0, 'Re-screen', 25, 'Medium', 2, 'High', 'Low', 'Low', 2),
  (10258, 10258, 5258, 'LOW', FALSE, 92.86, 110.15, 81.48, 75.67, 91.74, 90.38, 11, 0, 'Baseline', 8, 'Low', 0, 'Low', 'High', 'Low', 14),
  (10259, 10259, 5259, 'LOW', FALSE, 115.64, 130.0, 87.47, 79.86, 94.99, 101.59, 11, 0, 'Follow-up', 0, 'Low', 0, 'Low', 'Low', 'Low', 1),
  (10260, 10260, 5260, 'HIGH', TRUE, 101.67, 101.06, 66.51, 122.2, 110.51, 100.39, 11, 0, 'Baseline', 30, 'High', 3, 'Moderate', 'Low', 'High', 0),
  (10261, 10261, 5261, 'LOW', FALSE, 102.32, 108.62, 98.24, 102.75, 106.41, 103.67, 11, 0, 'Follow-up', 0, 'Low', 0, 'Low', 'Low', 'Low', 7),
  (10262, 10262, 5262, 'LOW', FALSE, 94.7, 108.69, 75.7, 111.12, 94.49, 96.94, 11, 0, 'Follow-up', 0, 'Low', 0, 'Low', 'Low', 'Low', 11),
  (10263, 10263, 5263, 'HIGH', TRUE, 74.66, 73.62, 130.0, 113.13, 89.3, 96.14, 11, 0, 'Follow-up', 23, 'Medium', 3, 'Low', 'High', 'Low', 1),
  (10264, 10264, 5264, 'LOW', FALSE, 72.0, 87.57, 102.44, 97.46, 95.75, 91.04, 11, 0, 'Baseline', 0, 'Low', 0, 'Low', 'Low', 'Low', 3),
  (10265, 10265, 5265, 'MEDIUM', FALSE, 100.86, 92.7, 85.72, 81.18, 112.59, 94.61, 11, 0, 'Re-screen', 5, 'Low', 1, 'Low', 'Low', 'Low', 9),
  (10266, 10266, 5266, 'MEDIUM', FALSE, 116.16, 99.21, 130.0, 87.31, 106.2, 107.78, 11, 0, 'Follow-up', 22, 'Medium', 2, 'Moderate', 'Moderate', 'Low', 13),
  (10267, 10267, 5267, 'MEDIUM', FALSE, 93.54, 105.19, 95.99, 99.05, 110.36, 100.82, 11, 0, 'Baseline', 13, 'Medium', 1, 'Moderate', 'Low', 'Low', 9),
  (10268, 10268, 5268, 'MEDIUM', FALSE, 99.79, 72.55, 114.95, 106.51, 82.94, 95.35, 11, 0, 'Baseline', 5, 'Low', 1, 'Low', 'Low', 'Low', 6),
  (10269, 10269, 5269, 'MEDIUM', FALSE, 109.63, 90.68, 119.07, 110.65, 96.63, 105.33, 11, 0, 'Follow-up', 5, 'Low', 1, 'Low', 'Low', 'Low', 8),
  (10270, 10270, 5270, 'LOW', FALSE, 81.03, 130.0, 84.36, 86.54, 112.62, 98.91, 11, 0, 'Baseline', 8, 'Low', 0, 'Moderate', 'Low', 'Low', 11),
  (10271, 10271, 5271, 'MEDIUM', FALSE, 103.06, 99.25, 95.22, 117.27, 85.73, 100.11, 11, 0, 'Baseline', 12, 'Medium', 1, 'Low', 'Low', 'High', 4),
  (10272, 10272, 5272, 'MEDIUM', FALSE, 119.0, 73.42, 88.91, 104.56, 85.19, 94.22, 11, 0, 'Baseline', 5, 'Low', 1, 'Low', 'Low', 'Low', 7),
  (10273, 10273, 5273, 'MEDIUM', FALSE, 85.27, 73.51, 100.58, 107.04, 102.89, 93.86, 11, 0, 'Baseline', 9, 'Low', 1, 'Low', 'Moderate', 'Low', 9),
  (10274, 10274, 5274, 'LOW', FALSE, 85.71, 82.14, 73.4, 79.66, 91.51, 82.48, 11, 0, 'Baseline', 0, 'Low', 0, 'Low', 'Low', 'Low', 1),
  (10275, 10275, 5275, 'MEDIUM', FALSE, 86.02, 91.81, 92.72, 114.39, 116.93, 100.37, 11, 0, 'Baseline', 12, 'Medium', 1, 'Low', 'Low', 'High', 13),
  (10276, 10276, 5276, 'MEDIUM', FALSE, 103.48, 102.29, 93.79, 105.15, 104.92, 101.93, 11, 0, 'Follow-up', 5, 'Low', 1, 'Low', 'Low', 'Low', 14),
  (10277, 10277, 5277, 'MEDIUM', FALSE, 102.38, 114.76, 108.27, 105.35, 107.54, 107.66, 11, 0, 'Baseline', 5, 'Low', 1, 'Low', 'Low', 'Low', 2),
  (10278, 10278, 5278, 'LOW', FALSE, 123.4, 104.29, 74.23, 114.5, 119.38, 107.16, 11, 0, 'Baseline', 0, 'Low', 0, 'Low', 'Low', 'Low', 14),
  (10279, 10279, 5279, 'LOW', FALSE, 86.5, 84.29, 130.0, 99.32, 64.04, 92.83, 11, 0, 'Follow-up', 7, 'Low', 0, 'Low', 'Low', 'High', 9),
  (10280, 10280, 5280, 'LOW', FALSE, 116.52, 87.15, 96.87, 115.48, 122.18, 107.64, 11, 0, 'Baseline', 0, 'Low', 0, 'Low', 'Low', 'Low', 5),
  (10281, 10281, 5281, 'MEDIUM', FALSE, 89.27, 106.99, 121.34, 73.85, 92.71, 96.83, 11, 0, 'Re-screen', 5, 'Low', 1, 'Low', 'Low', 'Low', 1),
  (10282, 10282, 5282, 'LOW', FALSE, 69.24, 114.95, 80.43, 107.95, 93.58, 93.23, 11, 0, 'Baseline', 4, 'Low', 0, 'Low', 'Moderate', 'Low', 4),
  (10283, 10283, 5283, 'HIGH', TRUE, 74.18, 87.85, 106.73, 86.59, 113.21, 93.71, 11, 0, 'Follow-up', 15, 'Medium', 3, 'Low', 'Low', 'Low', 5),
  (10284, 10284, 5284, 'LOW', FALSE, 94.23, 104.03, 102.22, 98.33, 90.34, 97.83, 11, 0, 'Baseline', 0, 'Low', 0, 'Low', 'Low', 'Low', 11),
  (10285, 10285, 5285, 'MEDIUM', FALSE, 93.37, 105.9, 90.49, 90.1, 91.12, 94.2, 11, 0, 'Baseline', 9, 'Low', 1, 'Low', 'Moderate', 'Low', 3),
  (10286, 10286, 5286, 'LOW', FALSE, 87.28, 80.89, 116.68, 87.72, 95.21, 93.56, 11, 0, 'Baseline', 0, 'Low', 0, 'Low', 'Low', 'Low', 2),
  (10287, 10287, 5287, 'MEDIUM', FALSE, 96.2, 110.99, 118.41, 107.58, 88.75, 104.39, 11, 0, 'Baseline', 5, 'Low', 1, 'Low', 'Low', 'Low', 7),
  (10288, 10288, 5288, 'LOW', FALSE, 95.01, 83.09, 85.27, 82.96, 90.23, 87.31, 11, 0, 'Follow-up', 4, 'Low', 0, 'Low', 'Moderate', 'Low', 1),
  (10289, 10289, 5289, 'MEDIUM', FALSE, 87.48, 123.67, 105.54, 96.34, 80.64, 98.74, 11, 0, 'Follow-up', 13, 'Medium', 1, 'Moderate', 'Low', 'Low', 11),
  (10290, 10290, 5290, 'MEDIUM', FALSE, 82.97, 97.33, 98.55, 97.82, 111.84, 97.7, 11, 0, 'Baseline', 15, 'Medium', 0, 'High', 'Low', 'Low', 0),
  (10291, 10291, 5291, 'MEDIUM', FALSE, 101.63, 112.58, 100.89, 99.68, 113.66, 105.69, 11, 0, 'Follow-up', 20, 'Medium', 1, 'High', 'Low', 'Low', 13),
  (10292, 10292, 5292, 'MEDIUM', FALSE, 107.28, 81.49, 72.53, 118.6, 84.26, 92.83, 11, 0, 'Baseline', 5, 'Low', 1, 'Low', 'Low', 'Low', 1),
  (10293, 10293, 5293, 'MEDIUM', FALSE, 75.28, 103.48, 93.52, 91.68, 67.96, 86.38, 11, 0, 'Re-screen', 5, 'Low', 1, 'Low', 'Low', 'Low', 1),
  (10294, 10294, 5294, 'MEDIUM', FALSE, 70.42, 107.74, 82.11, 86.96, 125.19, 94.49, 11, 0, 'Baseline', 5, 'Low', 1, 'Low', 'Low', 'Low', 14),
  (10295, 10295, 5295, 'HIGH', TRUE, 122.57, 54.01, 93.87, 61.35, 90.72, 84.5, 11, 0, 'Baseline', 23, 'Medium', 3, 'Moderate', 'Low', 'Low', 0),
  (10296, 10296, 5296, 'MEDIUM', FALSE, 94.38, 68.2, 99.19, 73.89, 81.49, 83.43, 11, 0, 'Re-screen', 22, 'Medium', 2, 'Moderate', 'Moderate', 'Low', 3),
  (10297, 10297, 5297, 'LOW', FALSE, 94.13, 113.52, 86.65, 103.98, 80.14, 95.68, 11, 0, 'Baseline', 4, 'Low', 0, 'Low', 'Moderate', 'Low', 5),
  (10298, 10298, 5298, 'LOW', FALSE, 99.88, 72.17, 116.48, 74.34, 98.7, 92.31, 11, 0, 'Follow-up', 7, 'Low', 0, 'Low', 'Low', 'High', 1),
  (10299, 10299, 5299, 'MEDIUM', FALSE, 88.25, 88.89, 113.02, 84.31, 108.27, 96.55, 11, 0, 'Follow-up', 10, 'Low', 2, 'Low', 'Low', 'Low', 3)
ON CONFLICT (id) DO NOTHING;

INSERT INTO screening_sessions (id, child_id, assessment_date, child_age_months, status) VALUES
  (10300, 5300, '2023-01-23', 6, 'completed'),
  (10301, 5301, '2022-09-18', 14, 'completed'),
  (10302, 5302, '2023-05-30', 70, 'completed'),
  (10303, 5303, '2024-06-09', 34, 'completed'),
  (10304, 5304, '2024-03-24', 65, 'completed'),
  (10305, 5305, '2024-08-11', 4, 'completed'),
  (10306, 5306, '2021-12-06', 46, 'completed'),
  (10307, 5307, '2020-12-27', 71, 'completed'),
  (10308, 5308, '2024-05-08', 59, 'completed'),
  (10309, 5309, '2021-09-24', 53, 'completed'),
  (10310, 5310, '2020-12-14', 68, 'completed'),
  (10311, 5311, '2020-08-05', 12, 'completed'),
  (10312, 5312, '2025-03-12', 66, 'completed'),
  (10313, 5313, '2022-10-08', 22, 'completed'),
  (10314, 5314, '2025-02-26', 9, 'completed'),
  (10315, 5315, '2023-09-26', 32, 'completed'),
  (10316, 5316, '2023-10-12', 48, 'completed'),
  (10317, 5317, '2025-01-30', 67, 'completed'),
  (10318, 5318, '2020-02-13', 21, 'completed'),
  (10319, 5319, '2020-02-13', 60, 'completed'),
  (10320, 5320, '2022-11-12', 58, 'completed'),
  (10321, 5321, '2021-04-30', 34, 'completed'),
  (10322, 5322, '2020-01-31', 54, 'completed'),
  (10323, 5323, '2024-10-03', 2, 'completed'),
  (10324, 5324, '2025-06-10', 71, 'completed'),
  (10325, 5325, '2024-11-11', 18, 'completed'),
  (10326, 5326, '2020-05-01', 27, 'completed'),
  (10327, 5327, '2024-02-11', 33, 'completed'),
  (10328, 5328, '2024-05-30', 32, 'completed'),
  (10329, 5329, '2021-05-22', 50, 'completed'),
  (10330, 5330, '2023-07-01', 70, 'completed'),
  (10331, 5331, '2025-06-21', 42, 'completed'),
  (10332, 5332, '2024-10-06', 39, 'completed'),
  (10333, 5333, '2022-08-15', 39, 'completed'),
  (10334, 5334, '2020-03-15', 44, 'completed'),
  (10335, 5335, '2023-04-04', 29, 'completed'),
  (10336, 5336, '2022-06-21', 18, 'completed'),
  (10337, 5337, '2024-05-30', 17, 'completed'),
  (10338, 5338, '2024-11-12', 55, 'completed'),
  (10339, 5339, '2024-11-21', 46, 'completed'),
  (10340, 5340, '2024-08-24', 35, 'completed'),
  (10341, 5341, '2021-04-01', 68, 'completed'),
  (10342, 5342, '2020-09-16', 70, 'completed'),
  (10343, 5343, '2022-07-04', 71, 'completed'),
  (10344, 5344, '2024-09-22', 19, 'completed'),
  (10345, 5345, '2023-10-08', 30, 'completed'),
  (10346, 5346, '2024-02-25', 34, 'completed'),
  (10347, 5347, '2023-10-18', 30, 'completed'),
  (10348, 5348, '2022-03-05', 48, 'completed'),
  (10349, 5349, '2024-09-16', 56, 'completed'),
  (10350, 5350, '2021-08-07', 22, 'completed'),
  (10351, 5351, '2023-09-23', 71, 'completed'),
  (10352, 5352, '2021-01-05', 17, 'completed'),
  (10353, 5353, '2022-07-06', 16, 'completed'),
  (10354, 5354, '2021-01-12', 71, 'completed'),
  (10355, 5355, '2024-05-07', 42, 'completed'),
  (10356, 5356, '2025-05-08', 14, 'completed'),
  (10357, 5357, '2021-06-02', 62, 'completed'),
  (10358, 5358, '2022-03-22', 1, 'completed'),
  (10359, 5359, '2020-10-18', 47, 'completed'),
  (10360, 5360, '2020-06-17', 66, 'completed'),
  (10361, 5361, '2024-05-22', 49, 'completed'),
  (10362, 5362, '2022-10-14', 4, 'completed'),
  (10363, 5363, '2022-06-01', 61, 'completed'),
  (10364, 5364, '2021-05-24', 17, 'completed'),
  (10365, 5365, '2024-09-14', 12, 'completed'),
  (10366, 5366, '2020-08-05', 2, 'completed'),
  (10367, 5367, '2024-08-13', 58, 'completed'),
  (10368, 5368, '2021-12-31', 10, 'completed'),
  (10369, 5369, '2025-01-09', 51, 'completed'),
  (10370, 5370, '2021-10-31', 17, 'completed'),
  (10371, 5371, '2021-10-20', 62, 'completed'),
  (10372, 5372, '2020-11-30', 66, 'completed'),
  (10373, 5373, '2021-10-25', 31, 'completed'),
  (10374, 5374, '2024-07-05', 70, 'completed'),
  (10375, 5375, '2023-05-12', 55, 'completed'),
  (10376, 5376, '2022-03-12', 47, 'completed'),
  (10377, 5377, '2024-04-09', 11, 'completed'),
  (10378, 5378, '2023-03-07', 59, 'completed'),
  (10379, 5379, '2023-06-19', 43, 'completed'),
  (10380, 5380, '2023-04-19', 39, 'completed'),
  (10381, 5381, '2020-02-14', 35, 'completed'),
  (10382, 5382, '2025-02-16', 19, 'completed'),
  (10383, 5383, '2022-10-20', 44, 'completed'),
  (10384, 5384, '2022-09-12', 57, 'completed'),
  (10385, 5385, '2021-10-09', 8, 'completed'),
  (10386, 5386, '2024-05-15', 48, 'completed'),
  (10387, 5387, '2023-06-07', 63, 'completed'),
  (10388, 5388, '2021-11-27', 52, 'completed'),
  (10389, 5389, '2022-01-21', 25, 'completed'),
  (10390, 5390, '2025-01-14', 37, 'completed'),
  (10391, 5391, '2024-04-17', 16, 'completed'),
  (10392, 5392, '2024-10-15', 65, 'completed'),
  (10393, 5393, '2021-02-12', 50, 'completed'),
  (10394, 5394, '2020-01-11', 1, 'completed'),
  (10395, 5395, '2022-10-16', 7, 'completed'),
  (10396, 5396, '2025-01-29', 27, 'completed'),
  (10397, 5397, '2020-12-23', 5, 'completed'),
  (10398, 5398, '2024-11-08', 13, 'completed'),
  (10399, 5399, '2021-11-01', 64, 'completed')
ON CONFLICT (id) DO NOTHING;

INSERT INTO screening_results (id, session_id, child_id, overall_risk, referral_needed, gm_dq, fm_dq, lc_dq, cog_dq, se_dq, composite_dq, tools_completed, tools_skipped, assessment_cycle, baseline_score, baseline_category, num_delays, autism_risk, adhd_risk, behavior_risk, behavior_score) VALUES
  (10300, 10300, 5300, 'MEDIUM', FALSE, 84.18, 86.45, 68.78, 55.23, 125.51, 84.03, 11, 0, 'Re-screen', 17, 'Medium', 2, 'Low', 'Low', 'High', 10),
  (10301, 10301, 5301, 'MEDIUM', FALSE, 114.96, 87.92, 92.19, 87.4, 81.26, 92.75, 11, 0, 'Baseline', 15, 'Medium', 0, 'Moderate', 'Low', 'High', 2),
  (10302, 10302, 5302, 'MEDIUM', FALSE, 78.12, 110.18, 109.72, 110.8, 91.19, 100.0, 11, 0, 'Follow-up', 5, 'Low', 1, 'Low', 'Low', 'Low', 10),
  (10303, 10303, 5303, 'MEDIUM', FALSE, 64.16, 95.23, 90.03, 91.56, 92.95, 86.78, 11, 0, 'Baseline', 10, 'Low', 2, 'Low', 'Low', 'Low', 11),
  (10304, 10304, 5304, 'LOW', FALSE, 113.77, 104.08, 79.18, 95.06, 100.17, 98.45, 11, 0, 'Follow-up', 0, 'Low', 0, 'Low', 'Low', 'Low', 14),
  (10305, 10305, 5305, 'LOW', FALSE, 105.1, 85.66, 107.62, 80.94, 101.97, 96.26, 11, 0, 'Follow-up', 8, 'Low', 0, 'Moderate', 'Low', 'Low', 4),
  (10306, 10306, 5306, 'MEDIUM', FALSE, 93.34, 76.75, 94.57, 101.95, 103.64, 94.05, 11, 0, 'Baseline', 13, 'Medium', 1, 'Moderate', 'Low', 'Low', 8),
  (10307, 10307, 5307, 'MEDIUM', FALSE, 99.72, 115.13, 84.39, 108.33, 95.17, 100.55, 11, 0, 'Follow-up', 13, 'Medium', 1, 'Low', 'High', 'Low', 3),
  (10308, 10308, 5308, 'MEDIUM', FALSE, 93.1, 109.03, 128.22, 97.16, 96.12, 104.73, 11, 0, 'Follow-up', 10, 'Low', 2, 'Low', 'Low', 'Low', 6),
  (10309, 10309, 5309, 'MEDIUM', FALSE, 89.05, 82.14, 73.03, 106.26, 99.14, 89.92, 11, 0, 'Follow-up', 5, 'Low', 1, 'Low', 'Low', 'Low', 2),
  (10310, 10310, 5310, 'MEDIUM', FALSE, 83.08, 105.76, 105.39, 83.29, 95.0, 94.5, 11, 0, 'Baseline', 5, 'Low', 1, 'Low', 'Low', 'Low', 12),
  (10311, 10311, 5311, 'LOW', FALSE, 122.4, 85.82, 120.71, 98.79, 81.87, 101.92, 11, 0, 'Baseline', 8, 'Low', 0, 'Moderate', 'Low', 'Low', 8),
  (10312, 10312, 5312, 'LOW', FALSE, 93.68, 96.08, 108.49, 58.58, 116.88, 94.74, 11, 0, 'Baseline', 0, 'Low', 0, 'Low', 'Low', 'Low', 12),
  (10313, 10313, 5313, 'MEDIUM', FALSE, 88.53, 79.87, 81.54, 71.42, 105.28, 85.33, 11, 0, 'Follow-up', 10, 'Low', 2, 'Low', 'Low', 'Low', 10),
  (10314, 10314, 5314, 'LOW', FALSE, 91.51, 106.14, 72.08, 94.83, 101.86, 93.28, 11, 0, 'Baseline', 7, 'Low', 0, 'Low', 'Low', 'High', 8),
  (10315, 10315, 5315, 'MEDIUM', FALSE, 94.8, 94.51, 109.04, 81.86, 88.07, 93.66, 11, 0, 'Baseline', 17, 'Medium', 1, 'Moderate', 'Moderate', 'Low', 9),
  (10316, 10316, 5316, 'MEDIUM', FALSE, 109.47, 85.78, 100.65, 69.96, 89.56, 91.09, 11, 0, 'Follow-up', 10, 'Low', 2, 'Low', 'Low', 'Low', 14),
  (10317, 10317, 5317, 'LOW', FALSE, 102.76, 115.83, 83.6, 107.55, 107.4, 103.43, 11, 0, 'Baseline', 4, 'Low', 0, 'Low', 'Moderate', 'Low', 2),
  (10318, 10318, 5318, 'MEDIUM', FALSE, 103.51, 119.02, 106.25, 86.55, 78.13, 98.69, 11, 0, 'Follow-up', 5, 'Low', 1, 'Low', 'Low', 'Low', 0),
  (10319, 10319, 5319, 'LOW', FALSE, 108.41, 109.43, 86.25, 109.47, 81.87, 99.09, 11, 0, 'Baseline', 0, 'Low', 0, 'Low', 'Low', 'Low', 12),
  (10320, 10320, 5320, 'MEDIUM', FALSE, 108.01, 89.06, 66.53, 73.69, 105.49, 88.56, 11, 0, 'Baseline', 5, 'Low', 1, 'Low', 'Low', 'Low', 4),
  (10321, 10321, 5321, 'MEDIUM', FALSE, 75.36, 76.31, 90.71, 118.57, 128.9, 97.97, 11, 0, 'Baseline', 20, 'Medium', 1, 'Moderate', 'Low', 'High', 8),
  (10322, 10322, 5322, 'LOW', FALSE, 98.65, 75.88, 110.99, 98.89, 96.33, 96.15, 11, 0, 'Re-screen', 7, 'Low', 0, 'Low', 'Low', 'High', 14),
  (10323, 10323, 5323, 'MEDIUM', FALSE, 102.88, 86.42, 106.51, 92.5, 103.67, 98.4, 11, 0, 'Baseline', 15, 'Medium', 0, 'High', 'Low', 'Low', 5),
  (10324, 10324, 5324, 'MEDIUM', FALSE, 115.88, 119.17, 101.48, 82.6, 66.38, 97.1, 11, 0, 'Baseline', 13, 'Medium', 1, 'Low', 'High', 'Low', 4),
  (10325, 10325, 5325, 'MEDIUM', FALSE, 67.13, 107.05, 106.46, 80.18, 80.79, 88.32, 11, 0, 'Re-screen', 12, 'Medium', 1, 'Low', 'Low', 'High', 10),
  (10326, 10326, 5326, 'LOW', FALSE, 93.74, 113.41, 58.65, 100.82, 88.43, 91.01, 11, 0, 'Baseline', 8, 'Low', 0, 'Moderate', 'Low', 'Low', 5),
  (10327, 10327, 5327, 'MEDIUM', FALSE, 82.04, 86.02, 81.11, 94.08, 77.39, 84.13, 11, 0, 'Follow-up', 22, 'Medium', 0, 'High', 'Low', 'High', 8),
  (10328, 10328, 5328, 'MEDIUM', FALSE, 92.97, 110.26, 91.14, 99.86, 101.03, 99.05, 11, 0, 'Baseline', 5, 'Low', 1, 'Low', 'Low', 'Low', 10),
  (10329, 10329, 5329, 'MEDIUM', FALSE, 101.88, 82.93, 86.65, 105.66, 124.21, 100.27, 11, 0, 'Follow-up', 5, 'Low', 1, 'Low', 'Low', 'Low', 0),
  (10330, 10330, 5330, 'MEDIUM', FALSE, 100.92, 97.07, 120.22, 110.55, 64.15, 98.58, 11, 0, 'Re-screen', 10, 'Low', 2, 'Low', 'Low', 'Low', 0),
  (10331, 10331, 5331, 'LOW', FALSE, 99.59, 95.26, 101.88, 122.91, 70.34, 97.99, 11, 0, 'Baseline', 8, 'Low', 0, 'Moderate', 'Low', 'Low', 9),
  (10332, 10332, 5332, 'LOW', FALSE, 89.49, 89.96, 77.76, 95.65, 96.66, 89.9, 11, 0, 'Follow-up', 4, 'Low', 0, 'Low', 'Moderate', 'Low', 14),
  (10333, 10333, 5333, 'LOW', FALSE, 89.29, 84.25, 87.47, 74.32, 87.02, 84.47, 11, 0, 'Baseline', 0, 'Low', 0, 'Low', 'Low', 'Low', 13),
  (10334, 10334, 5334, 'MEDIUM', FALSE, 120.54, 91.58, 118.69, 113.85, 94.15, 107.76, 11, 0, 'Baseline', 15, 'Medium', 0, 'Moderate', 'Low', 'High', 8),
  (10335, 10335, 5335, 'MEDIUM', FALSE, 93.61, 102.8, 97.31, 108.22, 122.37, 104.86, 11, 0, 'Follow-up', 13, 'Medium', 1, 'Moderate', 'Low', 'Low', 1),
  (10336, 10336, 5336, 'LOW', FALSE, 110.09, 103.68, 118.42, 111.06, 106.08, 109.87, 11, 0, 'Follow-up', 8, 'Low', 0, 'Moderate', 'Low', 'Low', 14),
  (10337, 10337, 5337, 'MEDIUM', FALSE, 114.62, 94.6, 101.64, 112.25, 107.62, 106.15, 11, 0, 'Baseline', 9, 'Low', 1, 'Low', 'Moderate', 'Low', 12),
  (10338, 10338, 5338, 'LOW', FALSE, 103.38, 80.38, 96.91, 124.86, 98.32, 100.77, 11, 0, 'Follow-up', 0, 'Low', 0, 'Low', 'Low', 'Low', 13),
  (10339, 10339, 5339, 'MEDIUM', FALSE, 83.37, 123.89, 83.98, 118.94, 79.72, 97.98, 11, 0, 'Baseline', 13, 'Medium', 1, 'Moderate', 'Low', 'Low', 6),
  (10340, 10340, 5340, 'LOW', FALSE, 103.58, 83.34, 107.87, 111.72, 80.43, 97.39, 11, 0, 'Baseline', 4, 'Low', 0, 'Low', 'Moderate', 'Low', 14),
  (10341, 10341, 5341, 'MEDIUM', FALSE, 71.3, 104.66, 100.89, 81.3, 101.37, 91.9, 11, 0, 'Baseline', 9, 'Low', 1, 'Low', 'Moderate', 'Low', 13),
  (10342, 10342, 5342, 'LOW', FALSE, 95.74, 113.01, 91.22, 113.14, 89.37, 100.5, 11, 0, 'Baseline', 4, 'Low', 0, 'Low', 'Moderate', 'Low', 5),
  (10343, 10343, 5343, 'LOW', FALSE, 76.59, 108.23, 91.53, 104.63, 90.2, 94.24, 11, 0, 'Re-screen', 0, 'Low', 0, 'Low', 'Low', 'Low', 2),
  (10344, 10344, 5344, 'LOW', FALSE, 121.03, 112.43, 122.09, 118.42, 66.71, 108.14, 11, 0, 'Follow-up', 8, 'Low', 0, 'Moderate', 'Low', 'Low', 2),
  (10345, 10345, 5345, 'MEDIUM', FALSE, 110.12, 92.74, 73.05, 72.38, 105.03, 90.66, 11, 0, 'Baseline', 9, 'Low', 1, 'Low', 'Moderate', 'Low', 13),
  (10346, 10346, 5346, 'LOW', FALSE, 95.79, 105.11, 101.8, 109.25, 114.58, 105.3, 11, 0, 'Baseline', 0, 'Low', 0, 'Low', 'Low', 'Low', 8),
  (10347, 10347, 5347, 'LOW', FALSE, 78.32, 90.42, 96.19, 109.2, 83.42, 91.51, 11, 0, 'Baseline', 0, 'Low', 0, 'Low', 'Low', 'Low', 9),
  (10348, 10348, 5348, 'MEDIUM', FALSE, 99.0, 80.73, 100.62, 64.3, 124.69, 93.87, 11, 0, 'Baseline', 5, 'Low', 1, 'Low', 'Low', 'Low', 6),
  (10349, 10349, 5349, 'LOW', FALSE, 101.88, 119.72, 78.07, 87.88, 79.54, 93.42, 11, 0, 'Re-screen', 0, 'Low', 0, 'Low', 'Low', 'Low', 9),
  (10350, 10350, 5350, 'MEDIUM', FALSE, 116.74, 101.44, 67.07, 85.8, 91.79, 92.57, 11, 0, 'Follow-up', 13, 'Medium', 1, 'Moderate', 'Low', 'Low', 11),
  (10351, 10351, 5351, 'MEDIUM', FALSE, 128.27, 99.64, 108.26, 83.4, 91.04, 102.12, 11, 0, 'Follow-up', 5, 'Low', 1, 'Low', 'Low', 'Low', 4),
  (10352, 10352, 5352, 'LOW', FALSE, 84.39, 106.52, 102.35, 77.09, 80.07, 90.09, 11, 0, 'Baseline', 0, 'Low', 0, 'Low', 'Low', 'Low', 12),
  (10353, 10353, 5353, 'MEDIUM', FALSE, 77.07, 122.2, 105.06, 86.07, 96.17, 97.31, 11, 0, 'Baseline', 12, 'Medium', 1, 'Low', 'Low', 'High', 13),
  (10354, 10354, 5354, 'MEDIUM', FALSE, 84.53, 130.0, 73.22, 90.23, 118.04, 99.2, 11, 0, 'Baseline', 22, 'Medium', 0, 'High', 'Low', 'High', 2),
  (10355, 10355, 5355, 'MEDIUM', FALSE, 94.15, 102.2, 120.39, 103.87, 82.07, 100.54, 11, 0, 'Baseline', 9, 'Low', 1, 'Low', 'Moderate', 'Low', 1),
  (10356, 10356, 5356, 'MEDIUM', FALSE, 119.56, 107.35, 96.63, 76.28, 106.49, 101.26, 11, 0, 'Follow-up', 9, 'Low', 1, 'Low', 'Moderate', 'Low', 7),
  (10357, 10357, 5357, 'LOW', FALSE, 109.66, 116.66, 90.53, 91.32, 94.54, 100.54, 11, 0, 'Baseline', 4, 'Low', 0, 'Low', 'Moderate', 'Low', 6),
  (10358, 10358, 5358, 'LOW', FALSE, 84.44, 84.53, 119.02, 117.71, 102.2, 101.58, 11, 0, 'Baseline', 0, 'Low', 0, 'Low', 'Low', 'Low', 8),
  (10359, 10359, 5359, 'MEDIUM', FALSE, 76.5, 109.43, 68.61, 91.38, 113.53, 91.89, 11, 0, 'Baseline', 13, 'Medium', 1, 'Moderate', 'Low', 'Low', 7),
  (10360, 10360, 5360, 'MEDIUM', FALSE, 57.53, 72.72, 89.54, 93.82, 84.44, 79.61, 11, 0, 'Re-screen', 15, 'Medium', 0, 'Moderate', 'Low', 'High', 7),
  (10361, 10361, 5361, 'LOW', FALSE, 94.76, 101.51, 104.75, 121.81, 108.04, 106.17, 11, 0, 'Re-screen', 0, 'Low', 0, 'Low', 'Low', 'Low', 10),
  (10362, 10362, 5362, 'MEDIUM', FALSE, 108.26, 115.64, 85.03, 78.34, 92.48, 95.95, 11, 0, 'Baseline', 14, 'Medium', 2, 'Low', 'Moderate', 'Low', 8),
  (10363, 10363, 5363, 'MEDIUM', FALSE, 103.54, 95.75, 88.11, 89.67, 97.34, 94.88, 11, 0, 'Baseline', 20, 'Medium', 1, 'High', 'Low', 'Low', 3),
  (10364, 10364, 5364, 'MEDIUM', FALSE, 71.81, 113.3, 90.8, 101.19, 59.44, 87.31, 11, 0, 'Baseline', 5, 'Low', 1, 'Low', 'Low', 'Low', 4),
  (10365, 10365, 5365, 'MEDIUM', FALSE, 106.98, 93.49, 120.52, 104.6, 95.46, 104.21, 11, 0, 'Baseline', 10, 'Low', 2, 'Low', 'Low', 'Low', 2),
  (10366, 10366, 5366, 'MEDIUM', FALSE, 113.03, 101.95, 82.65, 94.44, 72.56, 92.92, 11, 0, 'Baseline', 5, 'Low', 1, 'Low', 'Low', 'Low', 8),
  (10367, 10367, 5367, 'LOW', FALSE, 110.87, 89.02, 65.93, 70.7, 99.69, 87.24, 11, 0, 'Follow-up', 0, 'Low', 0, 'Low', 'Low', 'Low', 8),
  (10368, 10368, 5368, 'LOW', FALSE, 54.28, 112.41, 128.21, 115.04, 67.81, 95.55, 11, 0, 'Follow-up', 4, 'Low', 0, 'Low', 'Moderate', 'Low', 2),
  (10369, 10369, 5369, 'MEDIUM', FALSE, 89.83, 94.31, 83.55, 109.1, 104.53, 96.26, 11, 0, 'Follow-up', 5, 'Low', 1, 'Low', 'Low', 'Low', 4),
  (10370, 10370, 5370, 'MEDIUM', FALSE, 101.19, 100.93, 92.91, 75.96, 88.92, 91.98, 11, 0, 'Follow-up', 5, 'Low', 1, 'Low', 'Low', 'Low', 4),
  (10371, 10371, 5371, 'MEDIUM', FALSE, 94.93, 75.64, 91.39, 107.54, 92.0, 92.3, 11, 0, 'Re-screen', 12, 'Medium', 0, 'Moderate', 'Moderate', 'Low', 12),
  (10372, 10372, 5372, 'LOW', FALSE, 83.77, 103.38, 121.74, 95.59, 92.41, 99.38, 11, 0, 'Follow-up', 4, 'Low', 0, 'Low', 'Moderate', 'Low', 0),
  (10373, 10373, 5373, 'LOW', FALSE, 93.9, 90.14, 75.01, 96.33, 100.76, 91.23, 11, 0, 'Follow-up', 0, 'Low', 0, 'Low', 'Low', 'Low', 2),
  (10374, 10374, 5374, 'MEDIUM', FALSE, 83.21, 105.89, 97.62, 101.86, 88.27, 95.37, 11, 0, 'Follow-up', 12, 'Medium', 1, 'Low', 'Low', 'High', 4),
  (10375, 10375, 5375, 'MEDIUM', FALSE, 109.21, 75.62, 101.2, 90.59, 78.06, 90.94, 11, 0, 'Baseline', 10, 'Low', 2, 'Low', 'Low', 'Low', 8),
  (10376, 10376, 5376, 'MEDIUM', FALSE, 102.7, 75.93, 95.7, 93.87, 117.82, 97.2, 11, 0, 'Follow-up', 10, 'Low', 2, 'Low', 'Low', 'Low', 13),
  (10377, 10377, 5377, 'LOW', FALSE, 88.39, 50.0, 96.55, 83.81, 73.24, 78.4, 11, 0, 'Follow-up', 0, 'Low', 0, 'Low', 'Low', 'Low', 8),
  (10378, 10378, 5378, 'LOW', FALSE, 116.43, 130.0, 110.92, 82.52, 83.24, 104.62, 11, 0, 'Follow-up', 4, 'Low', 0, 'Low', 'Moderate', 'Low', 3),
  (10379, 10379, 5379, 'LOW', FALSE, 101.79, 96.53, 67.39, 97.18, 98.4, 92.26, 11, 0, 'Baseline', 0, 'Low', 0, 'Low', 'Low', 'Low', 3),
  (10380, 10380, 5380, 'LOW', FALSE, 85.6, 68.66, 96.89, 98.58, 94.62, 88.87, 11, 0, 'Baseline', 4, 'Low', 0, 'Low', 'Moderate', 'Low', 8),
  (10381, 10381, 5381, 'MEDIUM', FALSE, 91.5, 89.62, 73.45, 108.18, 106.41, 93.83, 11, 0, 'Follow-up', 10, 'Low', 2, 'Low', 'Low', 'Low', 7),
  (10382, 10382, 5382, 'HIGH', TRUE, 118.41, 89.91, 90.05, 89.94, 105.5, 98.76, 11, 0, 'Follow-up', 19, 'Medium', 3, 'Low', 'Moderate', 'Low', 1),
  (10383, 10383, 5383, 'MEDIUM', FALSE, 78.18, 112.56, 89.07, 87.18, 119.23, 97.24, 11, 0, 'Baseline', 5, 'Low', 1, 'Low', 'Low', 'Low', 0),
  (10384, 10384, 5384, 'MEDIUM', FALSE, 87.52, 101.53, 105.34, 97.49, 88.45, 96.07, 11, 0, 'Re-screen', 5, 'Low', 1, 'Low', 'Low', 'Low', 13),
  (10385, 10385, 5385, 'MEDIUM', FALSE, 115.39, 104.72, 76.52, 94.34, 76.2, 93.43, 11, 0, 'Baseline', 11, 'Medium', 0, 'Low', 'Moderate', 'High', 12),
  (10386, 10386, 5386, 'MEDIUM', FALSE, 62.94, 97.01, 85.75, 121.49, 86.86, 90.81, 11, 0, 'Follow-up', 18, 'Medium', 2, 'Moderate', 'Low', 'Low', 3),
  (10387, 10387, 5387, 'LOW', FALSE, 91.2, 123.26, 93.1, 99.22, 74.88, 96.33, 11, 0, 'Baseline', 4, 'Low', 0, 'Low', 'Moderate', 'Low', 13),
  (10388, 10388, 5388, 'LOW', FALSE, 90.07, 82.17, 96.57, 93.07, 90.66, 90.51, 11, 0, 'Baseline', 4, 'Low', 0, 'Low', 'Moderate', 'Low', 5),
  (10389, 10389, 5389, 'MEDIUM', FALSE, 88.99, 70.07, 120.82, 83.98, 128.85, 98.54, 11, 0, 'Follow-up', 11, 'Medium', 0, 'Low', 'Moderate', 'High', 10),
  (10390, 10390, 5390, 'LOW', FALSE, 114.74, 128.84, 74.96, 84.85, 109.13, 102.5, 11, 0, 'Re-screen', 7, 'Low', 0, 'Low', 'Low', 'High', 7),
  (10391, 10391, 5391, 'MEDIUM', FALSE, 91.02, 101.24, 109.01, 99.0, 100.72, 100.2, 11, 0, 'Follow-up', 10, 'Low', 2, 'Low', 'Low', 'Low', 11),
  (10392, 10392, 5392, 'LOW', FALSE, 91.7, 89.76, 90.28, 108.04, 76.88, 91.33, 11, 0, 'Baseline', 0, 'Low', 0, 'Low', 'Low', 'Low', 4),
  (10393, 10393, 5393, 'MEDIUM', FALSE, 100.22, 112.16, 71.84, 77.4, 85.43, 89.41, 11, 0, 'Follow-up', 10, 'Low', 2, 'Low', 'Low', 'Low', 10),
  (10394, 10394, 5394, 'LOW', FALSE, 90.76, 98.76, 90.81, 98.82, 96.99, 95.23, 11, 0, 'Baseline', 4, 'Low', 0, 'Low', 'Moderate', 'Low', 1),
  (10395, 10395, 5395, 'MEDIUM', FALSE, 90.36, 90.85, 95.71, 95.34, 69.56, 88.37, 11, 0, 'Follow-up', 5, 'Low', 1, 'Low', 'Low', 'Low', 7),
  (10396, 10396, 5396, 'LOW', FALSE, 91.9, 107.41, 103.05, 90.23, 114.94, 101.5, 11, 0, 'Follow-up', 0, 'Low', 0, 'Low', 'Low', 'Low', 9),
  (10397, 10397, 5397, 'MEDIUM', FALSE, 79.27, 81.65, 84.35, 102.71, 70.73, 83.74, 11, 0, 'Follow-up', 12, 'Medium', 1, 'Low', 'Low', 'High', 6),
  (10398, 10398, 5398, 'MEDIUM', FALSE, 109.68, 84.67, 100.42, 89.71, 106.53, 98.2, 11, 0, 'Baseline', 12, 'Medium', 1, 'Low', 'Low', 'High', 10),
  (10399, 10399, 5399, 'MEDIUM', FALSE, 103.15, 85.36, 100.16, 98.05, 87.21, 94.79, 11, 0, 'Baseline', 17, 'Medium', 1, 'Moderate', 'Moderate', 'Low', 0)
ON CONFLICT (id) DO NOTHING;

INSERT INTO screening_sessions (id, child_id, assessment_date, child_age_months, status) VALUES
  (10400, 5400, '2024-09-27', 62, 'completed'),
  (10401, 5401, '2022-07-02', 63, 'completed'),
  (10402, 5402, '2024-04-06', 52, 'completed'),
  (10403, 5403, '2022-11-21', 3, 'completed'),
  (10404, 5404, '2021-11-14', 20, 'completed'),
  (10405, 5405, '2024-01-29', 8, 'completed'),
  (10406, 5406, '2020-08-26', 67, 'completed'),
  (10407, 5407, '2021-03-26', 57, 'completed'),
  (10408, 5408, '2024-04-14', 1, 'completed'),
  (10409, 5409, '2023-06-11', 58, 'completed'),
  (10410, 5410, '2022-12-15', 32, 'completed'),
  (10411, 5411, '2023-07-22', 38, 'completed'),
  (10412, 5412, '2025-01-19', 65, 'completed'),
  (10413, 5413, '2021-07-06', 52, 'completed'),
  (10414, 5414, '2022-10-02', 13, 'completed'),
  (10415, 5415, '2021-04-01', 60, 'completed'),
  (10416, 5416, '2023-11-07', 26, 'completed'),
  (10417, 5417, '2023-11-25', 40, 'completed'),
  (10418, 5418, '2021-10-11', 34, 'completed'),
  (10419, 5419, '2021-04-19', 25, 'completed'),
  (10420, 5420, '2024-08-28', 8, 'completed'),
  (10421, 5421, '2025-06-16', 69, 'completed'),
  (10422, 5422, '2021-03-10', 70, 'completed'),
  (10423, 5423, '2022-10-27', 70, 'completed'),
  (10424, 5424, '2021-09-09', 21, 'completed'),
  (10425, 5425, '2024-12-05', 2, 'completed'),
  (10426, 5426, '2022-08-31', 71, 'completed'),
  (10427, 5427, '2022-05-27', 49, 'completed'),
  (10428, 5428, '2023-09-30', 56, 'completed'),
  (10429, 5429, '2024-08-06', 52, 'completed'),
  (10430, 5430, '2020-05-17', 40, 'completed'),
  (10431, 5431, '2023-08-06', 1, 'completed'),
  (10432, 5432, '2022-06-14', 31, 'completed'),
  (10433, 5433, '2020-06-05', 43, 'completed'),
  (10434, 5434, '2021-03-03', 5, 'completed'),
  (10435, 5435, '2024-04-03', 63, 'completed'),
  (10436, 5436, '2024-12-22', 26, 'completed'),
  (10437, 5437, '2020-10-14', 18, 'completed'),
  (10438, 5438, '2022-04-04', 51, 'completed'),
  (10439, 5439, '2020-07-15', 64, 'completed'),
  (10440, 5440, '2025-06-11', 18, 'completed'),
  (10441, 5441, '2025-03-16', 2, 'completed'),
  (10442, 5442, '2023-10-05', 23, 'completed'),
  (10443, 5443, '2023-09-25', 34, 'completed'),
  (10444, 5444, '2024-11-03', 28, 'completed'),
  (10445, 5445, '2020-01-22', 30, 'completed'),
  (10446, 5446, '2022-07-20', 3, 'completed'),
  (10447, 5447, '2023-08-20', 63, 'completed'),
  (10448, 5448, '2021-01-02', 56, 'completed'),
  (10449, 5449, '2021-02-03', 11, 'completed'),
  (10450, 5450, '2023-01-17', 54, 'completed'),
  (10451, 5451, '2020-03-04', 55, 'completed'),
  (10452, 5452, '2021-06-08', 10, 'completed'),
  (10453, 5453, '2020-05-17', 50, 'completed'),
  (10454, 5454, '2020-05-19', 17, 'completed'),
  (10455, 5455, '2021-11-24', 67, 'completed'),
  (10456, 5456, '2022-12-05', 30, 'completed'),
  (10457, 5457, '2024-03-09', 61, 'completed'),
  (10458, 5458, '2022-08-14', 2, 'completed'),
  (10459, 5459, '2020-05-07', 22, 'completed'),
  (10460, 5460, '2022-04-06', 26, 'completed'),
  (10461, 5461, '2020-04-02', 61, 'completed'),
  (10462, 5462, '2020-05-17', 27, 'completed'),
  (10463, 5463, '2024-06-06', 15, 'completed'),
  (10464, 5464, '2025-03-20', 69, 'completed'),
  (10465, 5465, '2023-04-06', 32, 'completed'),
  (10466, 5466, '2020-07-07', 17, 'completed'),
  (10467, 5467, '2021-06-12', 51, 'completed'),
  (10468, 5468, '2024-07-30', 71, 'completed'),
  (10469, 5469, '2021-01-27', 17, 'completed'),
  (10470, 5470, '2024-12-09', 68, 'completed'),
  (10471, 5471, '2022-07-31', 51, 'completed'),
  (10472, 5472, '2020-08-22', 54, 'completed'),
  (10473, 5473, '2020-05-15', 62, 'completed'),
  (10474, 5474, '2023-10-23', 71, 'completed'),
  (10475, 5475, '2023-02-20', 50, 'completed'),
  (10476, 5476, '2024-07-02', 70, 'completed'),
  (10477, 5477, '2020-12-17', 21, 'completed'),
  (10478, 5478, '2021-09-23', 7, 'completed'),
  (10479, 5479, '2020-05-10', 22, 'completed'),
  (10480, 5480, '2024-01-04', 39, 'completed'),
  (10481, 5481, '2024-06-08', 14, 'completed'),
  (10482, 5482, '2023-09-06', 16, 'completed'),
  (10483, 5483, '2022-12-23', 64, 'completed'),
  (10484, 5484, '2023-05-10', 47, 'completed'),
  (10485, 5485, '2023-10-29', 20, 'completed'),
  (10486, 5486, '2022-02-23', 19, 'completed'),
  (10487, 5487, '2022-01-29', 62, 'completed'),
  (10488, 5488, '2024-10-29', 23, 'completed'),
  (10489, 5489, '2025-01-03', 47, 'completed'),
  (10490, 5490, '2023-08-13', 61, 'completed'),
  (10491, 5491, '2024-06-08', 16, 'completed'),
  (10492, 5492, '2020-01-29', 34, 'completed'),
  (10493, 5493, '2023-08-23', 19, 'completed'),
  (10494, 5494, '2022-09-17', 13, 'completed'),
  (10495, 5495, '2025-05-01', 41, 'completed'),
  (10496, 5496, '2025-03-08', 63, 'completed'),
  (10497, 5497, '2023-12-09', 37, 'completed'),
  (10498, 5498, '2023-03-21', 8, 'completed'),
  (10499, 5499, '2020-11-19', 59, 'completed')
ON CONFLICT (id) DO NOTHING;

INSERT INTO screening_results (id, session_id, child_id, overall_risk, referral_needed, gm_dq, fm_dq, lc_dq, cog_dq, se_dq, composite_dq, tools_completed, tools_skipped, assessment_cycle, baseline_score, baseline_category, num_delays, autism_risk, adhd_risk, behavior_risk, behavior_score) VALUES
  (10400, 10400, 5400, 'MEDIUM', FALSE, 100.22, 130.0, 106.93, 111.2, 95.28, 108.72, 11, 0, 'Follow-up', 5, 'Low', 1, 'Low', 'Low', 'Low', 2),
  (10401, 10401, 5401, 'LOW', FALSE, 98.23, 74.69, 73.69, 91.28, 92.09, 86.0, 11, 0, 'Baseline', 0, 'Low', 0, 'Low', 'Low', 'Low', 8),
  (10402, 10402, 5402, 'MEDIUM', FALSE, 76.66, 100.47, 108.3, 93.91, 104.3, 96.73, 11, 0, 'Baseline', 10, 'Low', 2, 'Low', 'Low', 'Low', 4),
  (10403, 10403, 5403, 'LOW', FALSE, 79.94, 64.2, 92.12, 121.8, 81.57, 87.92, 11, 0, 'Follow-up', 8, 'Low', 0, 'Moderate', 'Low', 'Low', 1),
  (10404, 10404, 5404, 'LOW', FALSE, 96.16, 85.59, 106.51, 123.47, 113.93, 105.13, 11, 0, 'Baseline', 0, 'Low', 0, 'Low', 'Low', 'Low', 7),
  (10405, 10405, 5405, 'LOW', FALSE, 89.28, 87.46, 112.38, 86.4, 130.0, 101.1, 11, 0, 'Re-screen', 8, 'Low', 0, 'Moderate', 'Low', 'Low', 3),
  (10406, 10406, 5406, 'LOW', FALSE, 74.51, 100.92, 101.52, 99.09, 116.72, 98.55, 11, 0, 'Baseline', 0, 'Low', 0, 'Low', 'Low', 'Low', 13),
  (10407, 10407, 5407, 'MEDIUM', FALSE, 119.42, 90.31, 95.91, 128.46, 95.24, 105.87, 11, 0, 'Baseline', 12, 'Medium', 1, 'Low', 'Low', 'High', 6),
  (10408, 10408, 5408, 'LOW', FALSE, 122.97, 123.71, 104.2, 112.5, 81.88, 109.05, 11, 0, 'Follow-up', 0, 'Low', 0, 'Low', 'Low', 'Low', 11),
  (10409, 10409, 5409, 'LOW', FALSE, 80.37, 85.36, 87.59, 106.4, 88.59, 89.66, 11, 0, 'Baseline', 4, 'Low', 0, 'Low', 'Moderate', 'Low', 4),
  (10410, 10410, 5410, 'MEDIUM', FALSE, 87.48, 108.54, 97.15, 90.16, 122.04, 101.07, 11, 0, 'Baseline', 25, 'Medium', 2, 'High', 'Low', 'Low', 3),
  (10411, 10411, 5411, 'MEDIUM', FALSE, 113.6, 75.55, 103.41, 99.72, 88.21, 96.1, 11, 0, 'Baseline', 12, 'Medium', 1, 'Low', 'Low', 'High', 9),
  (10412, 10412, 5412, 'LOW', FALSE, 94.61, 92.4, 101.45, 99.69, 92.76, 96.18, 11, 0, 'Baseline', 7, 'Low', 0, 'Low', 'Low', 'High', 10),
  (10413, 10413, 5413, 'MEDIUM', FALSE, 62.33, 87.06, 101.08, 74.23, 111.84, 87.31, 11, 0, 'Baseline', 15, 'Medium', 0, 'High', 'Low', 'Low', 12),
  (10414, 10414, 5414, 'MEDIUM', FALSE, 91.33, 84.93, 115.72, 98.42, 118.14, 101.71, 11, 0, 'Baseline', 11, 'Medium', 0, 'Low', 'Moderate', 'High', 11),
  (10415, 10415, 5415, 'MEDIUM', FALSE, 108.01, 83.02, 130.0, 105.88, 95.12, 104.4, 11, 0, 'Baseline', 24, 'Medium', 1, 'High', 'Moderate', 'Low', 11),
  (10416, 10416, 5416, 'LOW', FALSE, 118.11, 88.08, 77.87, 90.56, 86.66, 92.25, 11, 0, 'Baseline', 0, 'Low', 0, 'Low', 'Low', 'Low', 7),
  (10417, 10417, 5417, 'LOW', FALSE, 102.29, 104.57, 112.78, 82.14, 102.6, 100.88, 11, 0, 'Baseline', 0, 'Low', 0, 'Low', 'Low', 'Low', 2),
  (10418, 10418, 5418, 'LOW', FALSE, 77.88, 59.94, 70.41, 84.68, 74.87, 73.56, 11, 0, 'Baseline', 4, 'Low', 0, 'Low', 'Moderate', 'Low', 4),
  (10419, 10419, 5419, 'MEDIUM', FALSE, 103.75, 110.46, 84.92, 89.9, 71.99, 92.2, 11, 0, 'Follow-up', 10, 'Low', 2, 'Low', 'Low', 'Low', 4),
  (10420, 10420, 5420, 'LOW', FALSE, 74.61, 107.4, 95.92, 97.42, 70.15, 89.1, 11, 0, 'Baseline', 0, 'Low', 0, 'Low', 'Low', 'Low', 5),
  (10421, 10421, 5421, 'LOW', FALSE, 115.85, 105.6, 102.71, 101.36, 92.69, 103.64, 11, 0, 'Follow-up', 0, 'Low', 0, 'Low', 'Low', 'Low', 0),
  (10422, 10422, 5422, 'MEDIUM', FALSE, 93.6, 123.09, 114.65, 74.12, 77.86, 96.66, 11, 0, 'Baseline', 5, 'Low', 1, 'Low', 'Low', 'Low', 7),
  (10423, 10423, 5423, 'MEDIUM', FALSE, 84.92, 99.1, 95.48, 114.14, 118.28, 102.38, 11, 0, 'Baseline', 18, 'Medium', 2, 'Low', 'High', 'Low', 0),
  (10424, 10424, 5424, 'LOW', FALSE, 90.66, 87.52, 100.12, 76.9, 106.99, 92.44, 11, 0, 'Baseline', 0, 'Low', 0, 'Low', 'Low', 'Low', 12),
  (10425, 10425, 5425, 'MEDIUM', FALSE, 79.64, 100.69, 101.1, 102.65, 102.43, 97.3, 11, 0, 'Re-screen', 5, 'Low', 1, 'Low', 'Low', 'Low', 3),
  (10426, 10426, 5426, 'MEDIUM', FALSE, 104.1, 81.97, 102.78, 85.51, 96.4, 94.15, 11, 0, 'Re-screen', 13, 'Medium', 1, 'Moderate', 'Low', 'Low', 1),
  (10427, 10427, 5427, 'LOW', FALSE, 90.16, 86.9, 76.38, 76.28, 73.12, 80.57, 11, 0, 'Baseline', 7, 'Low', 0, 'Low', 'Low', 'High', 12),
  (10428, 10428, 5428, 'MEDIUM', FALSE, 84.81, 90.09, 115.12, 79.99, 88.16, 91.63, 11, 0, 'Follow-up', 5, 'Low', 1, 'Low', 'Low', 'Low', 11),
  (10429, 10429, 5429, 'LOW', FALSE, 108.88, 87.12, 130.0, 90.0, 89.04, 101.01, 11, 0, 'Follow-up', 4, 'Low', 0, 'Low', 'Moderate', 'Low', 1),
  (10430, 10430, 5430, 'LOW', FALSE, 106.23, 74.35, 115.01, 114.14, 65.27, 95.0, 11, 0, 'Re-screen', 0, 'Low', 0, 'Low', 'Low', 'Low', 5),
  (10431, 10431, 5431, 'MEDIUM', FALSE, 77.0, 116.11, 86.9, 76.59, 84.92, 88.3, 11, 0, 'Baseline', 14, 'Medium', 2, 'Low', 'Moderate', 'Low', 3),
  (10432, 10432, 5432, 'LOW', FALSE, 117.21, 113.99, 101.13, 125.08, 80.31, 107.55, 11, 0, 'Re-screen', 8, 'Low', 0, 'Moderate', 'Low', 'Low', 7),
  (10433, 10433, 5433, 'LOW', FALSE, 110.56, 88.94, 71.26, 80.09, 86.43, 87.45, 11, 0, 'Baseline', 0, 'Low', 0, 'Low', 'Low', 'Low', 1),
  (10434, 10434, 5434, 'LOW', FALSE, 66.41, 104.23, 98.69, 107.69, 85.11, 92.43, 11, 0, 'Baseline', 4, 'Low', 0, 'Low', 'Moderate', 'Low', 7),
  (10435, 10435, 5435, 'LOW', FALSE, 78.74, 112.64, 126.84, 104.72, 98.16, 104.22, 11, 0, 'Baseline', 8, 'Low', 0, 'Moderate', 'Low', 'Low', 11),
  (10436, 10436, 5436, 'MEDIUM', FALSE, 103.75, 98.36, 97.8, 107.27, 75.56, 96.55, 11, 0, 'Baseline', 14, 'Medium', 2, 'Low', 'Moderate', 'Low', 6),
  (10437, 10437, 5437, 'MEDIUM', FALSE, 120.03, 97.85, 116.48, 104.79, 73.23, 102.47, 11, 0, 'Baseline', 9, 'Low', 1, 'Low', 'Moderate', 'Low', 7),
  (10438, 10438, 5438, 'MEDIUM', FALSE, 86.66, 70.46, 99.46, 117.27, 106.16, 96.0, 11, 0, 'Baseline', 5, 'Low', 1, 'Low', 'Low', 'Low', 2),
  (10439, 10439, 5439, 'MEDIUM', FALSE, 103.5, 118.72, 82.18, 88.75, 92.54, 97.14, 11, 0, 'Baseline', 5, 'Low', 1, 'Low', 'Low', 'Low', 12),
  (10440, 10440, 5440, 'MEDIUM', FALSE, 79.4, 84.05, 83.12, 110.83, 116.59, 94.8, 11, 0, 'Baseline', 5, 'Low', 1, 'Low', 'Low', 'Low', 13),
  (10441, 10441, 5441, 'MEDIUM', FALSE, 78.51, 99.0, 107.0, 77.83, 94.96, 91.46, 11, 0, 'Baseline', 12, 'Medium', 1, 'Low', 'Low', 'High', 7),
  (10442, 10442, 5442, 'LOW', FALSE, 128.68, 86.95, 103.47, 110.84, 101.67, 106.32, 11, 0, 'Follow-up', 0, 'Low', 0, 'Low', 'Low', 'Low', 6),
  (10443, 10443, 5443, 'MEDIUM', FALSE, 110.56, 99.22, 85.28, 96.67, 107.23, 99.79, 11, 0, 'Baseline', 13, 'Medium', 1, 'Moderate', 'Low', 'Low', 9),
  (10444, 10444, 5444, 'LOW', FALSE, 75.3, 98.72, 92.88, 76.08, 91.31, 86.86, 11, 0, 'Follow-up', 0, 'Low', 0, 'Low', 'Low', 'Low', 0),
  (10445, 10445, 5445, 'LOW', FALSE, 97.55, 99.26, 96.37, 100.58, 86.64, 96.08, 11, 0, 'Follow-up', 0, 'Low', 0, 'Low', 'Low', 'Low', 0),
  (10446, 10446, 5446, 'LOW', FALSE, 82.79, 109.74, 104.81, 102.59, 111.46, 102.28, 11, 0, 'Follow-up', 0, 'Low', 0, 'Low', 'Low', 'Low', 4),
  (10447, 10447, 5447, 'MEDIUM', FALSE, 93.26, 106.88, 89.09, 97.97, 97.81, 97.0, 11, 0, 'Follow-up', 5, 'Low', 1, 'Low', 'Low', 'Low', 5),
  (10448, 10448, 5448, 'LOW', FALSE, 84.92, 79.06, 103.56, 101.8, 104.53, 94.77, 11, 0, 'Follow-up', 4, 'Low', 0, 'Low', 'Moderate', 'Low', 9),
  (10449, 10449, 5449, 'MEDIUM', FALSE, 92.6, 120.5, 99.1, 77.07, 89.99, 95.85, 11, 0, 'Re-screen', 18, 'Medium', 2, 'Moderate', 'Low', 'Low', 0),
  (10450, 10450, 5450, 'MEDIUM', FALSE, 88.37, 109.36, 102.72, 102.02, 90.99, 98.69, 11, 0, 'Baseline', 10, 'Low', 2, 'Low', 'Low', 'Low', 10),
  (10451, 10451, 5451, 'MEDIUM', FALSE, 97.16, 87.2, 99.45, 103.03, 90.49, 95.47, 11, 0, 'Baseline', 10, 'Low', 2, 'Low', 'Low', 'Low', 11),
  (10452, 10452, 5452, 'MEDIUM', FALSE, 74.0, 85.85, 87.1, 88.09, 86.44, 84.3, 11, 0, 'Baseline', 15, 'Medium', 0, 'Moderate', 'Low', 'High', 6),
  (10453, 10453, 5453, 'LOW', FALSE, 94.87, 71.81, 105.0, 70.06, 71.44, 82.64, 11, 0, 'Follow-up', 7, 'Low', 0, 'Low', 'Low', 'High', 11),
  (10454, 10454, 5454, 'MEDIUM', FALSE, 76.5, 110.92, 85.54, 65.15, 112.97, 90.22, 11, 0, 'Follow-up', 9, 'Low', 1, 'Low', 'Moderate', 'Low', 8),
  (10455, 10455, 5455, 'MEDIUM', FALSE, 91.34, 63.76, 113.55, 95.05, 94.83, 91.71, 11, 0, 'Baseline', 5, 'Low', 1, 'Low', 'Low', 'Low', 3),
  (10456, 10456, 5456, 'MEDIUM', FALSE, 69.38, 110.61, 103.53, 116.81, 97.39, 99.55, 11, 0, 'Follow-up', 5, 'Low', 1, 'Low', 'Low', 'Low', 9),
  (10457, 10457, 5457, 'LOW', FALSE, 96.71, 100.62, 54.66, 98.15, 93.5, 88.73, 11, 0, 'Baseline', 8, 'Low', 0, 'Moderate', 'Low', 'Low', 10),
  (10458, 10458, 5458, 'MEDIUM', FALSE, 91.61, 99.18, 60.82, 93.36, 96.08, 88.21, 11, 0, 'Follow-up', 13, 'Medium', 1, 'Moderate', 'Low', 'Low', 0),
  (10459, 10459, 5459, 'MEDIUM', FALSE, 104.87, 106.32, 56.99, 110.49, 108.9, 97.51, 11, 0, 'Baseline', 18, 'Medium', 2, 'Moderate', 'Low', 'Low', 9),
  (10460, 10460, 5460, 'MEDIUM', FALSE, 88.86, 112.13, 98.27, 82.8, 67.72, 89.96, 11, 0, 'Follow-up', 10, 'Low', 2, 'Low', 'Low', 'Low', 12),
  (10461, 10461, 5461, 'MEDIUM', FALSE, 97.37, 102.1, 100.66, 95.76, 85.5, 96.28, 11, 0, 'Follow-up', 5, 'Low', 1, 'Low', 'Low', 'Low', 7),
  (10462, 10462, 5462, 'LOW', FALSE, 85.55, 99.93, 96.46, 59.85, 88.19, 86.0, 11, 0, 'Baseline', 0, 'Low', 0, 'Low', 'Low', 'Low', 6),
  (10463, 10463, 5463, 'MEDIUM', FALSE, 111.06, 83.7, 122.1, 94.43, 95.24, 101.31, 11, 0, 'Baseline', 5, 'Low', 1, 'Low', 'Low', 'Low', 1),
  (10464, 10464, 5464, 'LOW', FALSE, 96.98, 111.61, 96.7, 86.68, 87.62, 95.92, 11, 0, 'Baseline', 0, 'Low', 0, 'Low', 'Low', 'Low', 14),
  (10465, 10465, 5465, 'MEDIUM', FALSE, 94.37, 96.62, 107.12, 120.77, 89.97, 101.77, 11, 0, 'Re-screen', 10, 'Low', 2, 'Low', 'Low', 'Low', 8),
  (10466, 10466, 5466, 'LOW', FALSE, 77.95, 90.39, 115.54, 108.39, 78.87, 94.23, 11, 0, 'Baseline', 0, 'Low', 0, 'Low', 'Low', 'Low', 9),
  (10467, 10467, 5467, 'LOW', FALSE, 102.43, 108.73, 88.71, 101.09, 89.7, 98.13, 11, 0, 'Follow-up', 8, 'Low', 0, 'Moderate', 'Low', 'Low', 2),
  (10468, 10468, 5468, 'LOW', FALSE, 81.07, 130.0, 71.81, 101.99, 91.55, 95.29, 11, 0, 'Baseline', 0, 'Low', 0, 'Low', 'Low', 'Low', 0),
  (10469, 10469, 5469, 'MEDIUM', FALSE, 106.43, 93.2, 74.32, 86.01, 111.5, 94.29, 11, 0, 'Baseline', 5, 'Low', 1, 'Low', 'Low', 'Low', 14),
  (10470, 10470, 5470, 'MEDIUM', FALSE, 75.09, 115.89, 102.21, 87.25, 87.28, 93.55, 11, 0, 'Follow-up', 17, 'Medium', 2, 'Low', 'Low', 'High', 8),
  (10471, 10471, 5471, 'MEDIUM', FALSE, 74.13, 94.04, 102.68, 127.02, 85.06, 96.59, 11, 0, 'Follow-up', 5, 'Low', 1, 'Low', 'Low', 'Low', 2),
  (10472, 10472, 5472, 'LOW', FALSE, 86.9, 114.01, 91.26, 93.8, 68.95, 90.98, 11, 0, 'Re-screen', 0, 'Low', 0, 'Low', 'Low', 'Low', 2),
  (10473, 10473, 5473, 'MEDIUM', FALSE, 103.39, 96.74, 102.43, 87.68, 104.1, 98.87, 11, 0, 'Follow-up', 12, 'Medium', 1, 'Low', 'Low', 'High', 8),
  (10474, 10474, 5474, 'LOW', FALSE, 110.75, 108.5, 89.95, 124.43, 74.37, 101.6, 11, 0, 'Baseline', 0, 'Low', 0, 'Low', 'Low', 'Low', 14),
  (10475, 10475, 5475, 'MEDIUM', FALSE, 95.38, 78.8, 70.8, 82.86, 85.18, 82.6, 11, 0, 'Re-screen', 13, 'Medium', 1, 'Moderate', 'Low', 'Low', 13),
  (10476, 10476, 5476, 'MEDIUM', FALSE, 83.72, 94.81, 79.51, 90.94, 108.31, 91.46, 11, 0, 'Baseline', 20, 'Medium', 1, 'Moderate', 'Low', 'High', 10),
  (10477, 10477, 5477, 'MEDIUM', FALSE, 92.1, 94.55, 117.83, 78.92, 108.09, 98.3, 11, 0, 'Follow-up', 5, 'Low', 1, 'Low', 'Low', 'Low', 3),
  (10478, 10478, 5478, 'MEDIUM', FALSE, 98.12, 104.73, 100.07, 86.71, 66.93, 91.31, 11, 0, 'Follow-up', 25, 'Medium', 2, 'High', 'Low', 'Low', 10),
  (10479, 10479, 5479, 'MEDIUM', FALSE, 95.86, 91.29, 84.39, 101.48, 100.2, 94.64, 11, 0, 'Follow-up', 5, 'Low', 1, 'Low', 'Low', 'Low', 10),
  (10480, 10480, 5480, 'LOW', FALSE, 106.72, 97.77, 89.9, 97.87, 86.12, 95.68, 11, 0, 'Baseline', 0, 'Low', 0, 'Low', 'Low', 'Low', 12),
  (10481, 10481, 5481, 'MEDIUM', FALSE, 102.53, 98.45, 130.0, 66.03, 85.51, 96.5, 11, 0, 'Follow-up', 10, 'Low', 2, 'Low', 'Low', 'Low', 10),
  (10482, 10482, 5482, 'MEDIUM', FALSE, 80.75, 100.66, 71.99, 110.6, 83.28, 89.46, 11, 0, 'Follow-up', 15, 'Medium', 0, 'Moderate', 'Low', 'High', 14),
  (10483, 10483, 5483, 'LOW', FALSE, 101.89, 95.23, 69.64, 82.75, 102.38, 90.38, 11, 0, 'Baseline', 8, 'Low', 0, 'Moderate', 'Low', 'Low', 4),
  (10484, 10484, 5484, 'MEDIUM', FALSE, 67.84, 92.54, 108.85, 105.73, 78.48, 90.69, 11, 0, 'Baseline', 5, 'Low', 1, 'Low', 'Low', 'Low', 5),
  (10485, 10485, 5485, 'MEDIUM', FALSE, 84.34, 118.18, 92.62, 100.04, 86.33, 96.3, 11, 0, 'Re-screen', 5, 'Low', 1, 'Low', 'Low', 'Low', 8),
  (10486, 10486, 5486, 'LOW', FALSE, 118.96, 107.28, 56.87, 79.57, 98.35, 92.2, 11, 0, 'Follow-up', 0, 'Low', 0, 'Low', 'Low', 'Low', 9),
  (10487, 10487, 5487, 'MEDIUM', FALSE, 98.61, 122.03, 91.51, 95.18, 100.31, 101.53, 11, 0, 'Re-screen', 9, 'Low', 1, 'Low', 'Moderate', 'Low', 12),
  (10488, 10488, 5488, 'MEDIUM', FALSE, 107.91, 105.93, 118.73, 95.37, 86.1, 102.81, 11, 0, 'Re-screen', 5, 'Low', 1, 'Low', 'Low', 'Low', 7),
  (10489, 10489, 5489, 'MEDIUM', FALSE, 81.26, 107.75, 92.38, 81.33, 93.34, 91.21, 11, 0, 'Follow-up', 13, 'Medium', 1, 'Moderate', 'Low', 'Low', 1),
  (10490, 10490, 5490, 'LOW', FALSE, 91.12, 76.9, 104.07, 77.39, 112.69, 92.43, 11, 0, 'Re-screen', 0, 'Low', 0, 'Low', 'Low', 'Low', 13),
  (10491, 10491, 5491, 'LOW', FALSE, 93.38, 96.95, 96.07, 80.24, 113.22, 95.97, 11, 0, 'Baseline', 0, 'Low', 0, 'Low', 'Low', 'Low', 11),
  (10492, 10492, 5492, 'MEDIUM', FALSE, 98.43, 87.19, 91.76, 119.74, 129.9, 105.4, 11, 0, 'Baseline', 5, 'Low', 1, 'Low', 'Low', 'Low', 9),
  (10493, 10493, 5493, 'MEDIUM', FALSE, 109.62, 76.88, 104.72, 105.55, 56.86, 90.73, 11, 0, 'Follow-up', 5, 'Low', 1, 'Low', 'Low', 'Low', 2),
  (10494, 10494, 5494, 'LOW', FALSE, 82.96, 80.35, 99.55, 112.07, 127.38, 100.46, 11, 0, 'Follow-up', 8, 'Low', 0, 'Moderate', 'Low', 'Low', 0),
  (10495, 10495, 5495, 'MEDIUM', FALSE, 85.84, 101.72, 84.55, 85.27, 88.54, 89.18, 11, 0, 'Baseline', 13, 'Medium', 1, 'Moderate', 'Low', 'Low', 10),
  (10496, 10496, 5496, 'LOW', FALSE, 97.08, 98.99, 113.29, 97.6, 94.95, 100.38, 11, 0, 'Baseline', 4, 'Low', 0, 'Low', 'Moderate', 'Low', 4),
  (10497, 10497, 5497, 'MEDIUM', FALSE, 129.22, 115.86, 74.86, 52.64, 103.09, 95.14, 11, 0, 'Baseline', 5, 'Low', 1, 'Low', 'Low', 'Low', 1),
  (10498, 10498, 5498, 'MEDIUM', FALSE, 96.83, 92.86, 77.62, 119.48, 101.61, 97.68, 11, 0, 'Baseline', 18, 'Medium', 2, 'Low', 'High', 'Low', 10),
  (10499, 10499, 5499, 'MEDIUM', FALSE, 76.84, 95.72, 101.48, 100.15, 90.9, 93.02, 11, 0, 'Baseline', 15, 'Medium', 0, 'Moderate', 'Low', 'High', 2)
ON CONFLICT (id) DO NOTHING;

INSERT INTO screening_sessions (id, child_id, assessment_date, child_age_months, status) VALUES
  (10500, 5500, '2024-08-31', 59, 'completed'),
  (10501, 5501, '2024-06-13', 36, 'completed'),
  (10502, 5502, '2022-02-01', 11, 'completed'),
  (10503, 5503, '2023-09-28', 61, 'completed'),
  (10504, 5504, '2025-04-11', 31, 'completed'),
  (10505, 5505, '2023-07-28', 29, 'completed'),
  (10506, 5506, '2020-01-25', 43, 'completed'),
  (10507, 5507, '2024-01-08', 43, 'completed'),
  (10508, 5508, '2022-09-29', 46, 'completed'),
  (10509, 5509, '2024-05-06', 49, 'completed'),
  (10510, 5510, '2022-08-07', 36, 'completed'),
  (10511, 5511, '2021-05-13', 26, 'completed'),
  (10512, 5512, '2021-10-28', 21, 'completed'),
  (10513, 5513, '2021-09-22', 39, 'completed'),
  (10514, 5514, '2022-11-04', 57, 'completed'),
  (10515, 5515, '2020-05-10', 6, 'completed'),
  (10516, 5516, '2024-08-12', 65, 'completed'),
  (10517, 5517, '2023-10-08', 10, 'completed'),
  (10518, 5518, '2020-01-19', 53, 'completed'),
  (10519, 5519, '2020-03-13', 47, 'completed'),
  (10520, 5520, '2020-02-07', 16, 'completed'),
  (10521, 5521, '2024-09-12', 17, 'completed'),
  (10522, 5522, '2020-07-27', 4, 'completed'),
  (10523, 5523, '2021-01-02', 22, 'completed'),
  (10524, 5524, '2023-10-28', 68, 'completed'),
  (10525, 5525, '2023-02-08', 67, 'completed'),
  (10526, 5526, '2022-11-15', 37, 'completed'),
  (10527, 5527, '2024-04-23', 5, 'completed'),
  (10528, 5528, '2020-03-12', 34, 'completed'),
  (10529, 5529, '2023-12-28', 55, 'completed'),
  (10530, 5530, '2021-07-22', 28, 'completed'),
  (10531, 5531, '2020-03-19', 48, 'completed'),
  (10532, 5532, '2020-08-03', 9, 'completed'),
  (10533, 5533, '2024-02-05', 27, 'completed'),
  (10534, 5534, '2021-05-18', 17, 'completed'),
  (10535, 5535, '2020-06-29', 23, 'completed'),
  (10536, 5536, '2021-06-29', 69, 'completed'),
  (10537, 5537, '2023-02-15', 68, 'completed'),
  (10538, 5538, '2024-03-29', 37, 'completed'),
  (10539, 5539, '2021-02-05', 17, 'completed'),
  (10540, 5540, '2025-01-08', 2, 'completed'),
  (10541, 5541, '2024-06-26', 42, 'completed'),
  (10542, 5542, '2022-09-30', 32, 'completed'),
  (10543, 5543, '2020-05-04', 4, 'completed'),
  (10544, 5544, '2021-12-17', 53, 'completed'),
  (10545, 5545, '2020-03-21', 7, 'completed'),
  (10546, 5546, '2021-09-19', 63, 'completed'),
  (10547, 5547, '2021-09-07', 30, 'completed'),
  (10548, 5548, '2021-07-02', 31, 'completed'),
  (10549, 5549, '2024-02-12', 30, 'completed'),
  (10550, 5550, '2025-06-22', 43, 'completed'),
  (10551, 5551, '2023-06-11', 52, 'completed'),
  (10552, 5552, '2025-05-01', 55, 'completed'),
  (10553, 5553, '2023-11-29', 8, 'completed'),
  (10554, 5554, '2020-07-16', 47, 'completed'),
  (10555, 5555, '2022-02-11', 7, 'completed'),
  (10556, 5556, '2024-10-07', 41, 'completed'),
  (10557, 5557, '2022-10-02', 8, 'completed'),
  (10558, 5558, '2023-10-05', 26, 'completed'),
  (10559, 5559, '2021-09-10', 37, 'completed'),
  (10560, 5560, '2023-10-22', 33, 'completed'),
  (10561, 5561, '2022-10-20', 45, 'completed'),
  (10562, 5562, '2020-11-08', 37, 'completed'),
  (10563, 5563, '2024-04-17', 46, 'completed'),
  (10564, 5564, '2025-04-18', 9, 'completed'),
  (10565, 5565, '2022-07-11', 17, 'completed'),
  (10566, 5566, '2020-05-08', 12, 'completed'),
  (10567, 5567, '2024-08-26', 55, 'completed'),
  (10568, 5568, '2021-07-10', 70, 'completed'),
  (10569, 5569, '2023-10-14', 65, 'completed'),
  (10570, 5570, '2022-08-30', 63, 'completed'),
  (10571, 5571, '2023-04-05', 20, 'completed'),
  (10572, 5572, '2025-01-20', 45, 'completed'),
  (10573, 5573, '2020-03-29', 19, 'completed'),
  (10574, 5574, '2024-03-02', 51, 'completed'),
  (10575, 5575, '2025-05-09', 59, 'completed'),
  (10576, 5576, '2024-11-01', 36, 'completed'),
  (10577, 5577, '2023-12-09', 15, 'completed'),
  (10578, 5578, '2021-12-19', 19, 'completed'),
  (10579, 5579, '2024-01-11', 16, 'completed'),
  (10580, 5580, '2020-03-28', 30, 'completed'),
  (10581, 5581, '2023-09-27', 64, 'completed'),
  (10582, 5582, '2022-03-10', 15, 'completed'),
  (10583, 5583, '2020-09-04', 64, 'completed'),
  (10584, 5584, '2022-06-28', 28, 'completed'),
  (10585, 5585, '2023-02-28', 14, 'completed'),
  (10586, 5586, '2021-12-12', 28, 'completed'),
  (10587, 5587, '2021-05-18', 37, 'completed'),
  (10588, 5588, '2022-11-26', 7, 'completed'),
  (10589, 5589, '2024-09-20', 1, 'completed'),
  (10590, 5590, '2023-07-09', 28, 'completed'),
  (10591, 5591, '2024-03-16', 68, 'completed'),
  (10592, 5592, '2021-12-29', 24, 'completed'),
  (10593, 5593, '2023-10-20', 18, 'completed'),
  (10594, 5594, '2024-07-25', 38, 'completed'),
  (10595, 5595, '2024-10-13', 54, 'completed'),
  (10596, 5596, '2024-08-18', 1, 'completed'),
  (10597, 5597, '2024-09-03', 44, 'completed'),
  (10598, 5598, '2022-05-12', 57, 'completed'),
  (10599, 5599, '2021-11-03', 28, 'completed')
ON CONFLICT (id) DO NOTHING;

INSERT INTO screening_results (id, session_id, child_id, overall_risk, referral_needed, gm_dq, fm_dq, lc_dq, cog_dq, se_dq, composite_dq, tools_completed, tools_skipped, assessment_cycle, baseline_score, baseline_category, num_delays, autism_risk, adhd_risk, behavior_risk, behavior_score) VALUES
  (10500, 10500, 5500, 'MEDIUM', FALSE, 86.34, 117.02, 117.87, 121.59, 85.4, 105.64, 11, 0, 'Baseline', 13, 'Medium', 1, 'Moderate', 'Low', 'Low', 8),
  (10501, 10501, 5501, 'MEDIUM', FALSE, 85.61, 110.74, 79.66, 97.28, 97.26, 94.11, 11, 0, 'Baseline', 5, 'Low', 1, 'Low', 'Low', 'Low', 7),
  (10502, 10502, 5502, 'MEDIUM', FALSE, 102.67, 97.96, 96.96, 97.12, 75.25, 94.0, 11, 0, 'Follow-up', 5, 'Low', 1, 'Low', 'Low', 'Low', 11),
  (10503, 10503, 5503, 'LOW', FALSE, 75.67, 106.2, 96.34, 69.02, 80.19, 85.48, 11, 0, 'Re-screen', 0, 'Low', 0, 'Low', 'Low', 'Low', 2),
  (10504, 10504, 5504, 'LOW', FALSE, 96.14, 51.79, 91.09, 108.77, 81.19, 85.8, 11, 0, 'Baseline', 7, 'Low', 0, 'Low', 'Low', 'High', 11),
  (10505, 10505, 5505, 'MEDIUM', FALSE, 95.87, 68.42, 79.22, 100.16, 100.07, 88.75, 11, 0, 'Baseline', 16, 'Medium', 1, 'Low', 'Moderate', 'High', 10),
  (10506, 10506, 5506, 'MEDIUM', FALSE, 86.72, 111.28, 104.51, 101.22, 94.02, 99.55, 11, 0, 'Follow-up', 5, 'Low', 1, 'Low', 'Low', 'Low', 10),
  (10507, 10507, 5507, 'LOW', FALSE, 81.21, 107.88, 72.68, 94.2, 101.8, 91.55, 11, 0, 'Follow-up', 0, 'Low', 0, 'Low', 'Low', 'Low', 4),
  (10508, 10508, 5508, 'LOW', FALSE, 87.97, 91.41, 86.62, 107.11, 107.93, 96.21, 11, 0, 'Follow-up', 0, 'Low', 0, 'Low', 'Low', 'Low', 10),
  (10509, 10509, 5509, 'LOW', FALSE, 85.77, 71.22, 80.9, 78.9, 82.73, 79.9, 11, 0, 'Follow-up', 0, 'Low', 0, 'Low', 'Low', 'Low', 14),
  (10510, 10510, 5510, 'MEDIUM', FALSE, 104.03, 94.51, 101.09, 89.91, 89.71, 95.85, 11, 0, 'Baseline', 20, 'Medium', 1, 'Moderate', 'Low', 'High', 1),
  (10511, 10511, 5511, 'MEDIUM', FALSE, 87.87, 89.09, 91.97, 87.41, 70.7, 85.41, 11, 0, 'Re-screen', 5, 'Low', 1, 'Low', 'Low', 'Low', 6),
  (10512, 10512, 5512, 'MEDIUM', FALSE, 79.34, 104.95, 81.38, 72.49, 103.03, 88.24, 11, 0, 'Baseline', 24, 'Medium', 1, 'High', 'Moderate', 'Low', 2),
  (10513, 10513, 5513, 'LOW', FALSE, 90.06, 106.82, 83.65, 115.4, 107.04, 100.59, 11, 0, 'Baseline', 0, 'Low', 0, 'Low', 'Low', 'Low', 7),
  (10514, 10514, 5514, 'LOW', FALSE, 103.17, 99.19, 91.09, 74.75, 93.43, 92.33, 11, 0, 'Follow-up', 0, 'Low', 0, 'Low', 'Low', 'Low', 12),
  (10515, 10515, 5515, 'LOW', FALSE, 89.64, 75.12, 83.98, 73.36, 93.26, 83.07, 11, 0, 'Baseline', 0, 'Low', 0, 'Low', 'Low', 'Low', 5),
  (10516, 10516, 5516, 'MEDIUM', FALSE, 95.14, 98.19, 94.79, 93.06, 67.83, 89.8, 11, 0, 'Baseline', 10, 'Low', 2, 'Low', 'Low', 'Low', 10),
  (10517, 10517, 5517, 'MEDIUM', FALSE, 86.54, 83.67, 58.14, 101.79, 95.35, 85.1, 11, 0, 'Baseline', 9, 'Low', 1, 'Low', 'Moderate', 'Low', 11),
  (10518, 10518, 5518, 'MEDIUM', FALSE, 101.07, 91.7, 80.16, 99.24, 107.31, 95.89, 11, 0, 'Follow-up', 13, 'Medium', 1, 'Low', 'High', 'Low', 9),
  (10519, 10519, 5519, 'MEDIUM', FALSE, 81.6, 107.86, 73.03, 96.23, 60.68, 83.88, 11, 0, 'Baseline', 5, 'Low', 1, 'Low', 'Low', 'Low', 0),
  (10520, 10520, 5520, 'MEDIUM', FALSE, 108.05, 95.46, 69.66, 72.72, 87.13, 86.6, 11, 0, 'Baseline', 13, 'Medium', 1, 'Moderate', 'Low', 'Low', 10),
  (10521, 10521, 5521, 'MEDIUM', FALSE, 103.94, 96.92, 104.48, 79.2, 86.02, 94.11, 11, 0, 'Baseline', 5, 'Low', 1, 'Low', 'Low', 'Low', 5),
  (10522, 10522, 5522, 'LOW', FALSE, 82.39, 92.38, 97.37, 61.57, 100.46, 86.83, 11, 0, 'Follow-up', 8, 'Low', 0, 'Moderate', 'Low', 'Low', 8),
  (10523, 10523, 5523, 'MEDIUM', FALSE, 109.58, 103.95, 94.57, 88.33, 91.2, 97.53, 11, 0, 'Baseline', 17, 'Medium', 2, 'Low', 'Low', 'High', 14),
  (10524, 10524, 5524, 'MEDIUM', FALSE, 106.52, 99.06, 98.54, 81.94, 73.74, 91.96, 11, 0, 'Baseline', 13, 'Medium', 1, 'Moderate', 'Low', 'Low', 0),
  (10525, 10525, 5525, 'LOW', FALSE, 77.61, 106.62, 86.07, 81.5, 93.05, 88.97, 11, 0, 'Baseline', 0, 'Low', 0, 'Low', 'Low', 'Low', 1),
  (10526, 10526, 5526, 'MEDIUM', FALSE, 98.69, 108.75, 99.13, 75.44, 86.3, 93.66, 11, 0, 'Follow-up', 12, 'Medium', 1, 'Low', 'Low', 'High', 5),
  (10527, 10527, 5527, 'LOW', FALSE, 123.61, 86.57, 82.63, 99.58, 97.45, 97.97, 11, 0, 'Follow-up', 8, 'Low', 0, 'Moderate', 'Low', 'Low', 11),
  (10528, 10528, 5528, 'LOW', FALSE, 91.29, 76.12, 86.72, 72.35, 85.84, 82.46, 11, 0, 'Follow-up', 0, 'Low', 0, 'Low', 'Low', 'Low', 2),
  (10529, 10529, 5529, 'MEDIUM', FALSE, 83.31, 91.17, 108.73, 110.48, 103.56, 99.45, 11, 0, 'Follow-up', 12, 'Medium', 1, 'Low', 'Low', 'High', 0),
  (10530, 10530, 5530, 'LOW', FALSE, 68.94, 89.85, 83.26, 70.54, 128.37, 88.19, 11, 0, 'Baseline', 0, 'Low', 0, 'Low', 'Low', 'Low', 2),
  (10531, 10531, 5531, 'MEDIUM', FALSE, 88.28, 115.39, 96.92, 79.87, 90.35, 94.16, 11, 0, 'Baseline', 15, 'Medium', 0, 'High', 'Low', 'Low', 2),
  (10532, 10532, 5532, 'LOW', FALSE, 93.2, 111.91, 89.49, 125.22, 75.57, 99.08, 11, 0, 'Follow-up', 8, 'Low', 0, 'Moderate', 'Low', 'Low', 2),
  (10533, 10533, 5533, 'LOW', FALSE, 97.58, 66.51, 81.67, 102.97, 92.86, 88.32, 11, 0, 'Follow-up', 7, 'Low', 0, 'Low', 'Low', 'High', 12),
  (10534, 10534, 5534, 'LOW', FALSE, 80.65, 103.57, 73.33, 106.86, 90.13, 90.91, 11, 0, 'Follow-up', 0, 'Low', 0, 'Low', 'Low', 'Low', 14),
  (10535, 10535, 5535, 'LOW', FALSE, 100.95, 84.21, 92.36, 85.44, 98.42, 92.28, 11, 0, 'Baseline', 0, 'Low', 0, 'Low', 'Low', 'Low', 8),
  (10536, 10536, 5536, 'LOW', FALSE, 100.16, 99.29, 93.93, 96.55, 89.81, 95.95, 11, 0, 'Baseline', 8, 'Low', 0, 'Moderate', 'Low', 'Low', 0),
  (10537, 10537, 5537, 'LOW', FALSE, 63.85, 109.87, 94.62, 114.24, 94.42, 95.4, 11, 0, 'Baseline', 8, 'Low', 0, 'Moderate', 'Low', 'Low', 3),
  (10538, 10538, 5538, 'LOW', FALSE, 96.22, 98.6, 107.37, 81.86, 103.22, 97.45, 11, 0, 'Baseline', 8, 'Low', 0, 'Moderate', 'Low', 'Low', 0),
  (10539, 10539, 5539, 'LOW', FALSE, 81.56, 103.01, 90.72, 76.32, 71.11, 84.54, 11, 0, 'Follow-up', 8, 'Low', 0, 'Moderate', 'Low', 'Low', 5),
  (10540, 10540, 5540, 'MEDIUM', FALSE, 87.47, 97.6, 107.4, 93.95, 96.73, 96.63, 11, 0, 'Baseline', 15, 'Medium', 0, 'High', 'Low', 'Low', 11),
  (10541, 10541, 5541, 'MEDIUM', FALSE, 55.2, 112.08, 114.03, 97.51, 82.28, 92.22, 11, 0, 'Baseline', 17, 'Medium', 1, 'Moderate', 'Moderate', 'Low', 1),
  (10542, 10542, 5542, 'LOW', FALSE, 74.96, 99.09, 69.28, 100.27, 99.43, 88.6, 11, 0, 'Baseline', 0, 'Low', 0, 'Low', 'Low', 'Low', 8),
  (10543, 10543, 5543, 'LOW', FALSE, 94.28, 86.87, 92.85, 107.01, 101.53, 96.51, 11, 0, 'Follow-up', 0, 'Low', 0, 'Low', 'Low', 'Low', 3),
  (10544, 10544, 5544, 'LOW', FALSE, 117.89, 73.39, 91.76, 85.69, 82.03, 90.15, 11, 0, 'Baseline', 8, 'Low', 0, 'Moderate', 'Low', 'Low', 2),
  (10545, 10545, 5545, 'LOW', FALSE, 72.67, 95.58, 102.54, 75.6, 80.04, 85.29, 11, 0, 'Baseline', 0, 'Low', 0, 'Low', 'Low', 'Low', 1),
  (10546, 10546, 5546, 'MEDIUM', FALSE, 98.04, 63.43, 64.98, 124.28, 117.69, 93.68, 11, 0, 'Baseline', 10, 'Low', 2, 'Low', 'Low', 'Low', 14),
  (10547, 10547, 5547, 'LOW', FALSE, 92.77, 80.16, 85.48, 99.45, 96.92, 90.96, 11, 0, 'Re-screen', 4, 'Low', 0, 'Low', 'Moderate', 'Low', 7),
  (10548, 10548, 5548, 'LOW', FALSE, 97.7, 100.61, 88.85, 75.06, 97.22, 91.89, 11, 0, 'Baseline', 8, 'Low', 0, 'Moderate', 'Low', 'Low', 6),
  (10549, 10549, 5549, 'MEDIUM', FALSE, 94.65, 78.06, 86.75, 121.75, 84.15, 93.07, 11, 0, 'Baseline', 11, 'Medium', 0, 'Low', 'Moderate', 'High', 13),
  (10550, 10550, 5550, 'MEDIUM', FALSE, 79.3, 93.08, 97.49, 87.43, 78.88, 87.23, 11, 0, 'Baseline', 25, 'Medium', 2, 'Moderate', 'Low', 'High', 9),
  (10551, 10551, 5551, 'MEDIUM', FALSE, 99.88, 77.13, 89.89, 79.01, 107.4, 90.66, 11, 0, 'Follow-up', 5, 'Low', 1, 'Low', 'Low', 'Low', 11),
  (10552, 10552, 5552, 'MEDIUM', FALSE, 103.85, 85.36, 82.44, 105.59, 92.72, 93.99, 11, 0, 'Follow-up', 5, 'Low', 1, 'Low', 'Low', 'Low', 14),
  (10553, 10553, 5553, 'MEDIUM', FALSE, 102.01, 112.55, 102.97, 78.95, 101.51, 99.6, 11, 0, 'Baseline', 5, 'Low', 1, 'Low', 'Low', 'Low', 14),
  (10554, 10554, 5554, 'MEDIUM', FALSE, 97.69, 99.17, 99.05, 63.67, 71.99, 86.31, 11, 0, 'Follow-up', 12, 'Medium', 0, 'Moderate', 'Moderate', 'Low', 5),
  (10555, 10555, 5555, 'MEDIUM', FALSE, 101.28, 81.45, 96.3, 91.43, 104.47, 94.99, 11, 0, 'Follow-up', 13, 'Medium', 1, 'Moderate', 'Low', 'Low', 12),
  (10556, 10556, 5556, 'MEDIUM', FALSE, 100.98, 78.72, 81.65, 113.36, 90.79, 93.1, 11, 0, 'Re-screen', 16, 'Medium', 1, 'Low', 'Moderate', 'High', 7),
  (10557, 10557, 5557, 'MEDIUM', FALSE, 78.32, 124.95, 86.77, 77.94, 128.56, 99.31, 11, 0, 'Baseline', 5, 'Low', 1, 'Low', 'Low', 'Low', 0),
  (10558, 10558, 5558, 'MEDIUM', FALSE, 113.2, 105.11, 113.37, 91.62, 115.18, 107.7, 11, 0, 'Baseline', 24, 'Medium', 1, 'High', 'Moderate', 'Low', 1),
  (10559, 10559, 5559, 'LOW', FALSE, 97.62, 92.2, 92.98, 101.39, 94.57, 95.75, 11, 0, 'Baseline', 0, 'Low', 0, 'Low', 'Low', 'Low', 8),
  (10560, 10560, 5560, 'MEDIUM', FALSE, 107.5, 77.01, 91.98, 100.98, 60.37, 87.57, 11, 0, 'Baseline', 25, 'Medium', 2, 'Moderate', 'Low', 'High', 2),
  (10561, 10561, 5561, 'LOW', FALSE, 101.05, 109.83, 91.45, 89.72, 114.19, 101.25, 11, 0, 'Follow-up', 0, 'Low', 0, 'Low', 'Low', 'Low', 7),
  (10562, 10562, 5562, 'MEDIUM', FALSE, 92.63, 90.92, 112.2, 89.72, 108.04, 98.7, 11, 0, 'Baseline', 5, 'Low', 1, 'Low', 'Low', 'Low', 2),
  (10563, 10563, 5563, 'LOW', FALSE, 81.68, 93.05, 89.74, 76.26, 102.46, 88.64, 11, 0, 'Baseline', 8, 'Low', 0, 'Moderate', 'Low', 'Low', 8),
  (10564, 10564, 5564, 'LOW', FALSE, 66.12, 88.25, 98.37, 95.25, 95.21, 88.64, 11, 0, 'Baseline', 0, 'Low', 0, 'Low', 'Low', 'Low', 10),
  (10565, 10565, 5565, 'LOW', FALSE, 91.55, 94.19, 97.26, 95.55, 112.36, 98.18, 11, 0, 'Baseline', 4, 'Low', 0, 'Low', 'Moderate', 'Low', 9),
  (10566, 10566, 5566, 'MEDIUM', FALSE, 87.14, 97.77, 109.27, 102.34, 77.13, 94.73, 11, 0, 'Follow-up', 10, 'Low', 2, 'Low', 'Low', 'Low', 6),
  (10567, 10567, 5567, 'LOW', FALSE, 83.79, 70.88, 95.09, 73.83, 96.23, 83.97, 11, 0, 'Follow-up', 0, 'Low', 0, 'Low', 'Low', 'Low', 0),
  (10568, 10568, 5568, 'LOW', FALSE, 91.85, 98.99, 94.29, 111.52, 101.52, 99.64, 11, 0, 'Baseline', 4, 'Low', 0, 'Low', 'Moderate', 'Low', 13),
  (10569, 10569, 5569, 'LOW', FALSE, 107.45, 113.24, 105.42, 108.47, 78.6, 102.64, 11, 0, 'Baseline', 7, 'Low', 0, 'Low', 'Low', 'High', 2),
  (10570, 10570, 5570, 'MEDIUM', FALSE, 96.39, 108.55, 91.73, 76.14, 83.92, 91.34, 11, 0, 'Baseline', 15, 'Medium', 0, 'High', 'Low', 'Low', 14),
  (10571, 10571, 5571, 'LOW', FALSE, 87.12, 86.47, 108.83, 93.12, 56.65, 86.44, 11, 0, 'Follow-up', 8, 'Low', 0, 'Moderate', 'Low', 'Low', 0),
  (10572, 10572, 5572, 'LOW', FALSE, 107.8, 76.0, 80.75, 110.48, 102.21, 95.45, 11, 0, 'Baseline', 0, 'Low', 0, 'Low', 'Low', 'Low', 12),
  (10573, 10573, 5573, 'MEDIUM', FALSE, 71.18, 95.99, 114.08, 94.22, 56.2, 86.33, 11, 0, 'Baseline', 20, 'Medium', 1, 'Moderate', 'Low', 'High', 1),
  (10574, 10574, 5574, 'LOW', FALSE, 104.91, 121.7, 111.13, 80.01, 94.1, 102.37, 11, 0, 'Follow-up', 7, 'Low', 0, 'Low', 'Low', 'High', 13),
  (10575, 10575, 5575, 'LOW', FALSE, 97.76, 92.58, 113.55, 111.39, 89.22, 100.9, 11, 0, 'Follow-up', 0, 'Low', 0, 'Low', 'Low', 'Low', 14),
  (10576, 10576, 5576, 'MEDIUM', FALSE, 103.67, 84.67, 111.01, 72.0, 89.57, 92.18, 11, 0, 'Re-screen', 14, 'Medium', 2, 'Low', 'Moderate', 'Low', 4),
  (10577, 10577, 5577, 'LOW', FALSE, 81.68, 101.82, 115.48, 67.12, 111.39, 95.5, 11, 0, 'Follow-up', 0, 'Low', 0, 'Low', 'Low', 'Low', 8),
  (10578, 10578, 5578, 'MEDIUM', FALSE, 71.76, 94.23, 120.2, 93.54, 100.46, 96.04, 11, 0, 'Follow-up', 9, 'Low', 1, 'Low', 'Moderate', 'Low', 11),
  (10579, 10579, 5579, 'LOW', FALSE, 79.95, 102.87, 55.96, 107.97, 103.85, 90.12, 11, 0, 'Follow-up', 0, 'Low', 0, 'Low', 'Low', 'Low', 7),
  (10580, 10580, 5580, 'MEDIUM', FALSE, 116.62, 124.19, 120.39, 101.92, 70.21, 106.66, 11, 0, 'Follow-up', 5, 'Low', 1, 'Low', 'Low', 'Low', 9),
  (10581, 10581, 5581, 'MEDIUM', FALSE, 76.68, 87.62, 92.8, 98.01, 78.62, 86.75, 11, 0, 'Baseline', 14, 'Medium', 2, 'Low', 'Moderate', 'Low', 9),
  (10582, 10582, 5582, 'MEDIUM', FALSE, 101.21, 100.04, 89.12, 100.41, 102.07, 98.57, 11, 0, 'Follow-up', 5, 'Low', 1, 'Low', 'Low', 'Low', 12),
  (10583, 10583, 5583, 'MEDIUM', FALSE, 113.07, 113.6, 75.9, 78.68, 92.08, 94.67, 11, 0, 'Re-screen', 17, 'Medium', 1, 'Moderate', 'Moderate', 'Low', 13),
  (10584, 10584, 5584, 'MEDIUM', FALSE, 107.91, 54.0, 80.5, 106.02, 74.06, 84.5, 11, 0, 'Baseline', 10, 'Low', 2, 'Low', 'Low', 'Low', 2),
  (10585, 10585, 5585, 'MEDIUM', FALSE, 99.43, 84.63, 65.09, 87.24, 87.14, 84.71, 11, 0, 'Follow-up', 17, 'Medium', 1, 'Moderate', 'Moderate', 'Low', 12),
  (10586, 10586, 5586, 'MEDIUM', FALSE, 96.67, 105.68, 79.17, 69.72, 99.37, 90.12, 11, 0, 'Baseline', 20, 'Medium', 1, 'Moderate', 'Low', 'High', 2),
  (10587, 10587, 5587, 'LOW', FALSE, 97.67, 93.92, 85.67, 101.03, 84.73, 92.6, 11, 0, 'Baseline', 0, 'Low', 0, 'Low', 'Low', 'Low', 4),
  (10588, 10588, 5588, 'LOW', FALSE, 100.17, 87.38, 97.84, 69.45, 78.52, 86.68, 11, 0, 'Baseline', 0, 'Low', 0, 'Low', 'Low', 'Low', 13),
  (10589, 10589, 5589, 'LOW', FALSE, 96.79, 81.65, 92.08, 93.71, 97.5, 92.35, 11, 0, 'Baseline', 8, 'Low', 0, 'Low', 'High', 'Low', 6),
  (10590, 10590, 5590, 'LOW', FALSE, 110.45, 97.9, 112.25, 67.34, 96.61, 96.91, 11, 0, 'Follow-up', 8, 'Low', 0, 'Low', 'High', 'Low', 6),
  (10591, 10591, 5591, 'LOW', FALSE, 81.76, 115.52, 81.75, 94.41, 78.15, 90.32, 11, 0, 'Baseline', 0, 'Low', 0, 'Low', 'Low', 'Low', 1),
  (10592, 10592, 5592, 'LOW', FALSE, 103.07, 109.1, 119.76, 110.02, 95.61, 107.51, 11, 0, 'Follow-up', 0, 'Low', 0, 'Low', 'Low', 'Low', 12),
  (10593, 10593, 5593, 'LOW', FALSE, 102.02, 99.33, 108.21, 80.7, 86.31, 95.32, 11, 0, 'Baseline', 8, 'Low', 0, 'Moderate', 'Low', 'Low', 13),
  (10594, 10594, 5594, 'MEDIUM', FALSE, 101.69, 97.37, 84.49, 68.96, 94.75, 89.45, 11, 0, 'Baseline', 12, 'Medium', 1, 'Low', 'Low', 'High', 13),
  (10595, 10595, 5595, 'LOW', FALSE, 102.64, 109.17, 101.27, 72.48, 91.91, 95.49, 11, 0, 'Baseline', 0, 'Low', 0, 'Low', 'Low', 'Low', 8),
  (10596, 10596, 5596, 'LOW', FALSE, 104.58, 85.85, 95.83, 81.94, 81.7, 89.98, 11, 0, 'Baseline', 8, 'Low', 0, 'Moderate', 'Low', 'Low', 12),
  (10597, 10597, 5597, 'LOW', FALSE, 105.71, 74.51, 126.37, 88.18, 124.55, 103.87, 11, 0, 'Re-screen', 7, 'Low', 0, 'Low', 'Low', 'High', 4),
  (10598, 10598, 5598, 'LOW', FALSE, 100.17, 97.99, 130.0, 122.08, 86.87, 107.42, 11, 0, 'Baseline', 7, 'Low', 0, 'Low', 'Low', 'High', 1),
  (10599, 10599, 5599, 'LOW', FALSE, 96.1, 69.02, 113.42, 96.91, 69.01, 88.89, 11, 0, 'Baseline', 0, 'Low', 0, 'Low', 'Low', 'Low', 5)
ON CONFLICT (id) DO NOTHING;

INSERT INTO screening_sessions (id, child_id, assessment_date, child_age_months, status) VALUES
  (10600, 5600, '2021-01-31', 26, 'completed'),
  (10601, 5601, '2023-07-24', 35, 'completed'),
  (10602, 5602, '2023-06-20', 69, 'completed'),
  (10603, 5603, '2022-11-01', 43, 'completed'),
  (10604, 5604, '2025-05-28', 8, 'completed'),
  (10605, 5605, '2021-10-21', 64, 'completed'),
  (10606, 5606, '2025-01-28', 5, 'completed'),
  (10607, 5607, '2020-04-08', 59, 'completed'),
  (10608, 5608, '2022-09-15', 64, 'completed'),
  (10609, 5609, '2020-03-13', 41, 'completed'),
  (10610, 5610, '2022-06-18', 38, 'completed'),
  (10611, 5611, '2024-05-24', 20, 'completed'),
  (10612, 5612, '2022-11-19', 42, 'completed'),
  (10613, 5613, '2023-12-28', 26, 'completed'),
  (10614, 5614, '2020-01-09', 19, 'completed'),
  (10615, 5615, '2025-03-15', 20, 'completed'),
  (10616, 5616, '2022-02-28', 43, 'completed'),
  (10617, 5617, '2023-10-10', 30, 'completed'),
  (10618, 5618, '2020-09-15', 19, 'completed'),
  (10619, 5619, '2023-12-23', 1, 'completed'),
  (10620, 5620, '2020-04-24', 41, 'completed'),
  (10621, 5621, '2024-01-19', 26, 'completed'),
  (10622, 5622, '2024-09-19', 18, 'completed'),
  (10623, 5623, '2025-02-04', 32, 'completed'),
  (10624, 5624, '2022-10-28', 54, 'completed'),
  (10625, 5625, '2022-11-08', 36, 'completed'),
  (10626, 5626, '2022-04-17', 11, 'completed'),
  (10627, 5627, '2024-01-03', 8, 'completed'),
  (10628, 5628, '2023-12-14', 44, 'completed'),
  (10629, 5629, '2024-08-14', 2, 'completed'),
  (10630, 5630, '2020-07-11', 7, 'completed'),
  (10631, 5631, '2024-02-21', 17, 'completed'),
  (10632, 5632, '2023-12-12', 45, 'completed'),
  (10633, 5633, '2023-09-20', 40, 'completed'),
  (10634, 5634, '2023-01-24', 68, 'completed'),
  (10635, 5635, '2020-08-31', 42, 'completed'),
  (10636, 5636, '2020-03-18', 48, 'completed'),
  (10637, 5637, '2021-08-18', 58, 'completed'),
  (10638, 5638, '2022-05-21', 37, 'completed'),
  (10639, 5639, '2024-08-08', 31, 'completed'),
  (10640, 5640, '2023-02-21', 59, 'completed'),
  (10641, 5641, '2025-01-31', 38, 'completed'),
  (10642, 5642, '2025-02-27', 67, 'completed'),
  (10643, 5643, '2025-02-05', 68, 'completed'),
  (10644, 5644, '2024-11-13', 49, 'completed'),
  (10645, 5645, '2022-12-12', 68, 'completed'),
  (10646, 5646, '2024-01-05', 49, 'completed'),
  (10647, 5647, '2020-07-16', 63, 'completed'),
  (10648, 5648, '2020-09-28', 70, 'completed'),
  (10649, 5649, '2025-03-30', 6, 'completed'),
  (10650, 5650, '2020-01-18', 24, 'completed'),
  (10651, 5651, '2022-11-24', 49, 'completed'),
  (10652, 5652, '2021-05-03', 47, 'completed'),
  (10653, 5653, '2022-11-07', 52, 'completed'),
  (10654, 5654, '2023-10-17', 55, 'completed'),
  (10655, 5655, '2021-09-16', 25, 'completed'),
  (10656, 5656, '2021-02-20', 53, 'completed'),
  (10657, 5657, '2022-03-09', 31, 'completed'),
  (10658, 5658, '2025-05-30', 51, 'completed'),
  (10659, 5659, '2025-01-19', 38, 'completed'),
  (10660, 5660, '2025-04-05', 42, 'completed'),
  (10661, 5661, '2022-02-03', 54, 'completed'),
  (10662, 5662, '2022-09-04', 33, 'completed'),
  (10663, 5663, '2020-08-24', 43, 'completed'),
  (10664, 5664, '2020-03-07', 17, 'completed'),
  (10665, 5665, '2021-07-12', 54, 'completed'),
  (10666, 5666, '2022-07-21', 7, 'completed'),
  (10667, 5667, '2022-06-05', 27, 'completed'),
  (10668, 5668, '2020-03-11', 8, 'completed'),
  (10669, 5669, '2022-12-24', 59, 'completed'),
  (10670, 5670, '2021-04-15', 19, 'completed'),
  (10671, 5671, '2020-10-16', 60, 'completed'),
  (10672, 5672, '2020-10-31', 5, 'completed'),
  (10673, 5673, '2021-06-10', 25, 'completed'),
  (10674, 5674, '2023-03-17', 25, 'completed'),
  (10675, 5675, '2024-09-25', 37, 'completed'),
  (10676, 5676, '2025-04-23', 56, 'completed'),
  (10677, 5677, '2023-05-16', 49, 'completed'),
  (10678, 5678, '2024-12-24', 36, 'completed'),
  (10679, 5679, '2022-09-21', 68, 'completed'),
  (10680, 5680, '2021-02-06', 62, 'completed'),
  (10681, 5681, '2024-01-29', 66, 'completed'),
  (10682, 5682, '2023-10-20', 51, 'completed'),
  (10683, 5683, '2023-03-11', 6, 'completed'),
  (10684, 5684, '2025-01-03', 19, 'completed'),
  (10685, 5685, '2021-08-27', 32, 'completed'),
  (10686, 5686, '2020-07-03', 46, 'completed'),
  (10687, 5687, '2021-09-02', 26, 'completed'),
  (10688, 5688, '2023-02-01', 32, 'completed'),
  (10689, 5689, '2020-12-12', 30, 'completed'),
  (10690, 5690, '2024-05-12', 42, 'completed'),
  (10691, 5691, '2021-10-01', 47, 'completed'),
  (10692, 5692, '2022-07-15', 33, 'completed'),
  (10693, 5693, '2023-01-25', 66, 'completed'),
  (10694, 5694, '2020-02-18', 7, 'completed'),
  (10695, 5695, '2023-12-20', 70, 'completed'),
  (10696, 5696, '2021-12-02', 8, 'completed'),
  (10697, 5697, '2021-09-11', 32, 'completed'),
  (10698, 5698, '2024-06-20', 71, 'completed'),
  (10699, 5699, '2022-02-22', 18, 'completed')
ON CONFLICT (id) DO NOTHING;

INSERT INTO screening_results (id, session_id, child_id, overall_risk, referral_needed, gm_dq, fm_dq, lc_dq, cog_dq, se_dq, composite_dq, tools_completed, tools_skipped, assessment_cycle, baseline_score, baseline_category, num_delays, autism_risk, adhd_risk, behavior_risk, behavior_score) VALUES
  (10600, 10600, 5600, 'MEDIUM', FALSE, 103.81, 86.21, 92.0, 82.82, 103.02, 93.57, 11, 0, 'Baseline', 5, 'Low', 1, 'Low', 'Low', 'Low', 11),
  (10601, 10601, 5601, 'LOW', FALSE, 104.05, 79.49, 86.98, 91.38, 100.38, 92.46, 11, 0, 'Baseline', 8, 'Low', 0, 'Moderate', 'Low', 'Low', 13),
  (10602, 10602, 5602, 'LOW', FALSE, 101.82, 95.9, 91.01, 88.83, 103.93, 96.3, 11, 0, 'Follow-up', 7, 'Low', 0, 'Low', 'Low', 'High', 4),
  (10603, 10603, 5603, 'MEDIUM', FALSE, 106.59, 104.35, 83.43, 89.58, 79.41, 92.67, 11, 0, 'Follow-up', 5, 'Low', 1, 'Low', 'Low', 'Low', 3),
  (10604, 10604, 5604, 'MEDIUM', FALSE, 69.21, 117.33, 88.48, 79.53, 99.75, 90.86, 11, 0, 'Baseline', 13, 'Medium', 1, 'Moderate', 'Low', 'Low', 8),
  (10605, 10605, 5605, 'LOW', FALSE, 118.58, 79.41, 93.2, 111.26, 89.21, 98.33, 11, 0, 'Follow-up', 0, 'Low', 0, 'Low', 'Low', 'Low', 11),
  (10606, 10606, 5606, 'LOW', FALSE, 116.14, 92.56, 87.91, 92.25, 115.78, 100.93, 11, 0, 'Baseline', 7, 'Low', 0, 'Low', 'Low', 'High', 11),
  (10607, 10607, 5607, 'MEDIUM', FALSE, 72.92, 84.64, 113.15, 68.78, 123.25, 92.55, 11, 0, 'Re-screen', 13, 'Medium', 1, 'Moderate', 'Low', 'Low', 7),
  (10608, 10608, 5608, 'LOW', FALSE, 118.98, 88.06, 73.14, 87.78, 104.88, 94.57, 11, 0, 'Baseline', 0, 'Low', 0, 'Low', 'Low', 'Low', 13),
  (10609, 10609, 5609, 'LOW', FALSE, 104.65, 90.5, 94.57, 111.33, 95.82, 99.37, 11, 0, 'Baseline', 0, 'Low', 0, 'Low', 'Low', 'Low', 10),
  (10610, 10610, 5610, 'MEDIUM', FALSE, 71.75, 86.04, 98.9, 110.81, 93.95, 92.29, 11, 0, 'Baseline', 5, 'Low', 1, 'Low', 'Low', 'Low', 7),
  (10611, 10611, 5611, 'MEDIUM', FALSE, 99.94, 103.44, 130.0, 104.47, 74.74, 102.52, 11, 0, 'Re-screen', 13, 'Medium', 1, 'Moderate', 'Low', 'Low', 1),
  (10612, 10612, 5612, 'MEDIUM', FALSE, 93.39, 84.97, 100.21, 89.54, 99.52, 93.52, 11, 0, 'Follow-up', 5, 'Low', 1, 'Low', 'Low', 'Low', 0),
  (10613, 10613, 5613, 'LOW', FALSE, 91.32, 74.21, 111.79, 88.78, 102.11, 93.64, 11, 0, 'Baseline', 0, 'Low', 0, 'Low', 'Low', 'Low', 10),
  (10614, 10614, 5614, 'MEDIUM', FALSE, 108.49, 99.78, 100.35, 104.78, 86.37, 99.95, 11, 0, 'Baseline', 5, 'Low', 1, 'Low', 'Low', 'Low', 1),
  (10615, 10615, 5615, 'MEDIUM', FALSE, 117.21, 72.4, 107.19, 93.89, 79.26, 93.99, 11, 0, 'Baseline', 5, 'Low', 1, 'Low', 'Low', 'Low', 0),
  (10616, 10616, 5616, 'MEDIUM', FALSE, 81.88, 94.68, 87.21, 91.53, 103.0, 91.66, 11, 0, 'Baseline', 13, 'Medium', 1, 'Moderate', 'Low', 'Low', 5),
  (10617, 10617, 5617, 'LOW', FALSE, 80.21, 103.82, 122.59, 111.24, 89.02, 101.38, 11, 0, 'Follow-up', 7, 'Low', 0, 'Low', 'Low', 'High', 7),
  (10618, 10618, 5618, 'LOW', FALSE, 94.77, 84.82, 85.25, 93.59, 103.34, 92.35, 11, 0, 'Baseline', 8, 'Low', 0, 'Moderate', 'Low', 'Low', 9),
  (10619, 10619, 5619, 'MEDIUM', FALSE, 93.02, 90.1, 112.29, 90.08, 88.78, 94.85, 11, 0, 'Baseline', 5, 'Low', 1, 'Low', 'Low', 'Low', 7),
  (10620, 10620, 5620, 'MEDIUM', FALSE, 120.11, 85.67, 91.0, 92.66, 93.54, 96.6, 11, 0, 'Follow-up', 5, 'Low', 1, 'Low', 'Low', 'Low', 13),
  (10621, 10621, 5621, 'MEDIUM', FALSE, 85.74, 130.0, 89.18, 92.85, 106.52, 100.86, 11, 0, 'Follow-up', 5, 'Low', 1, 'Low', 'Low', 'Low', 6),
  (10622, 10622, 5622, 'LOW', FALSE, 86.04, 68.53, 98.9, 62.16, 114.84, 86.09, 11, 0, 'Follow-up', 0, 'Low', 0, 'Low', 'Low', 'Low', 1),
  (10623, 10623, 5623, 'MEDIUM', FALSE, 91.59, 93.33, 104.52, 84.56, 78.63, 90.53, 11, 0, 'Baseline', 10, 'Low', 2, 'Low', 'Low', 'Low', 13),
  (10624, 10624, 5624, 'MEDIUM', FALSE, 99.15, 78.63, 104.18, 75.91, 96.49, 90.87, 11, 0, 'Baseline', 13, 'Medium', 1, 'Moderate', 'Low', 'Low', 11),
  (10625, 10625, 5625, 'MEDIUM', FALSE, 97.61, 100.51, 102.85, 114.35, 77.86, 98.64, 11, 0, 'Baseline', 13, 'Medium', 1, 'Moderate', 'Low', 'Low', 13),
  (10626, 10626, 5626, 'HIGH', TRUE, 75.83, 101.78, 96.98, 83.98, 72.9, 86.29, 11, 0, 'Baseline', 28, 'High', 1, 'Moderate', 'High', 'High', 4),
  (10627, 10627, 5627, 'MEDIUM', FALSE, 91.01, 130.0, 92.4, 117.78, 85.42, 103.32, 11, 0, 'Baseline', 5, 'Low', 1, 'Low', 'Low', 'Low', 2),
  (10628, 10628, 5628, 'LOW', FALSE, 101.27, 89.31, 99.65, 90.46, 83.37, 92.81, 11, 0, 'Baseline', 4, 'Low', 0, 'Low', 'Moderate', 'Low', 12),
  (10629, 10629, 5629, 'MEDIUM', FALSE, 95.02, 89.52, 84.04, 76.93, 75.77, 84.26, 11, 0, 'Follow-up', 15, 'Medium', 0, 'Moderate', 'Low', 'High', 5),
  (10630, 10630, 5630, 'LOW', FALSE, 55.98, 93.66, 114.3, 100.65, 103.36, 93.59, 11, 0, 'Follow-up', 8, 'Low', 0, 'Moderate', 'Low', 'Low', 0),
  (10631, 10631, 5631, 'LOW', FALSE, 88.57, 91.17, 71.66, 93.41, 84.82, 85.93, 11, 0, 'Follow-up', 8, 'Low', 0, 'Moderate', 'Low', 'Low', 5),
  (10632, 10632, 5632, 'MEDIUM', FALSE, 89.71, 97.65, 110.67, 81.9, 96.47, 95.28, 11, 0, 'Baseline', 10, 'Low', 2, 'Low', 'Low', 'Low', 9),
  (10633, 10633, 5633, 'LOW', FALSE, 93.65, 94.8, 102.08, 98.11, 118.51, 101.43, 11, 0, 'Follow-up', 7, 'Low', 0, 'Low', 'Low', 'High', 5),
  (10634, 10634, 5634, 'MEDIUM', FALSE, 91.86, 91.14, 78.7, 93.24, 80.09, 87.01, 11, 0, 'Baseline', 12, 'Medium', 1, 'Low', 'Low', 'High', 7),
  (10635, 10635, 5635, 'MEDIUM', FALSE, 71.62, 104.16, 72.12, 125.12, 86.3, 91.86, 11, 0, 'Baseline', 5, 'Low', 1, 'Low', 'Low', 'Low', 5),
  (10636, 10636, 5636, 'MEDIUM', FALSE, 106.0, 118.87, 96.17, 107.09, 90.18, 103.66, 11, 0, 'Baseline', 5, 'Low', 1, 'Low', 'Low', 'Low', 3),
  (10637, 10637, 5637, 'MEDIUM', FALSE, 97.91, 119.61, 94.75, 114.37, 89.46, 103.22, 11, 0, 'Baseline', 5, 'Low', 1, 'Low', 'Low', 'Low', 13),
  (10638, 10638, 5638, 'MEDIUM', FALSE, 114.95, 84.62, 102.66, 80.99, 97.41, 96.13, 11, 0, 'Baseline', 19, 'Medium', 0, 'Moderate', 'Moderate', 'High', 13),
  (10639, 10639, 5639, 'MEDIUM', FALSE, 95.93, 100.51, 99.24, 109.78, 69.56, 95.0, 11, 0, 'Baseline', 10, 'Low', 2, 'Low', 'Low', 'Low', 2),
  (10640, 10640, 5640, 'MEDIUM', FALSE, 100.69, 82.45, 76.78, 103.8, 83.04, 89.35, 11, 0, 'Follow-up', 5, 'Low', 1, 'Low', 'Low', 'Low', 0),
  (10641, 10641, 5641, 'LOW', FALSE, 105.16, 104.49, 72.07, 87.05, 73.91, 88.53, 11, 0, 'Baseline', 8, 'Low', 0, 'Moderate', 'Low', 'Low', 9),
  (10642, 10642, 5642, 'LOW', FALSE, 104.61, 73.87, 105.66, 91.5, 102.38, 95.6, 11, 0, 'Follow-up', 0, 'Low', 0, 'Low', 'Low', 'Low', 12),
  (10643, 10643, 5643, 'LOW', FALSE, 95.76, 114.69, 100.5, 77.1, 97.36, 97.08, 11, 0, 'Baseline', 4, 'Low', 0, 'Low', 'Moderate', 'Low', 10),
  (10644, 10644, 5644, 'HIGH', TRUE, 103.14, 107.63, 91.77, 90.22, 85.32, 95.62, 11, 0, 'Baseline', 32, 'High', 2, 'High', 'Low', 'High', 10),
  (10645, 10645, 5645, 'MEDIUM', FALSE, 95.76, 93.49, 75.23, 106.09, 99.9, 94.09, 11, 0, 'Baseline', 24, 'Medium', 1, 'High', 'Moderate', 'Low', 1),
  (10646, 10646, 5646, 'MEDIUM', FALSE, 86.42, 97.05, 114.6, 98.37, 82.42, 95.77, 11, 0, 'Baseline', 5, 'Low', 1, 'Low', 'Low', 'Low', 3),
  (10647, 10647, 5647, 'MEDIUM', FALSE, 94.55, 82.72, 86.76, 125.56, 87.73, 95.46, 11, 0, 'Baseline', 10, 'Low', 2, 'Low', 'Low', 'Low', 6),
  (10648, 10648, 5648, 'MEDIUM', FALSE, 79.53, 105.63, 93.08, 77.33, 106.35, 92.38, 11, 0, 'Re-screen', 12, 'Medium', 1, 'Low', 'Low', 'High', 1),
  (10649, 10649, 5649, 'MEDIUM', FALSE, 104.56, 87.23, 109.32, 125.02, 104.31, 106.09, 11, 0, 'Follow-up', 15, 'Medium', 0, 'High', 'Low', 'Low', 8),
  (10650, 10650, 5650, 'LOW', FALSE, 130.0, 91.62, 113.16, 118.58, 105.64, 111.8, 11, 0, 'Follow-up', 0, 'Low', 0, 'Low', 'Low', 'Low', 12),
  (10651, 10651, 5651, 'HIGH', TRUE, 91.99, 113.38, 117.38, 92.08, 106.8, 104.33, 11, 0, 'Follow-up', 23, 'Medium', 3, 'Moderate', 'Low', 'Low', 3),
  (10652, 10652, 5652, 'MEDIUM', FALSE, 115.24, 104.2, 114.04, 78.11, 87.78, 99.87, 11, 0, 'Follow-up', 15, 'Medium', 0, 'Moderate', 'Low', 'High', 4),
  (10653, 10653, 5653, 'MEDIUM', FALSE, 112.59, 76.84, 107.34, 90.61, 101.47, 97.77, 11, 0, 'Baseline', 22, 'Medium', 0, 'High', 'Low', 'High', 3),
  (10654, 10654, 5654, 'LOW', FALSE, 78.21, 107.76, 120.5, 89.96, 115.98, 102.48, 11, 0, 'Baseline', 8, 'Low', 0, 'Moderate', 'Low', 'Low', 8),
  (10655, 10655, 5655, 'MEDIUM', FALSE, 101.39, 92.63, 89.3, 76.37, 75.28, 86.99, 11, 0, 'Follow-up', 9, 'Low', 1, 'Low', 'Moderate', 'Low', 14),
  (10656, 10656, 5656, 'LOW', FALSE, 102.87, 106.7, 108.69, 85.45, 92.22, 99.19, 11, 0, 'Baseline', 0, 'Low', 0, 'Low', 'Low', 'Low', 9),
  (10657, 10657, 5657, 'MEDIUM', FALSE, 105.58, 71.31, 86.03, 91.27, 100.15, 90.87, 11, 0, 'Baseline', 9, 'Low', 1, 'Low', 'Moderate', 'Low', 12),
  (10658, 10658, 5658, 'LOW', FALSE, 101.17, 105.81, 91.43, 95.58, 89.15, 96.63, 11, 0, 'Baseline', 8, 'Low', 0, 'Moderate', 'Low', 'Low', 12),
  (10659, 10659, 5659, 'MEDIUM', FALSE, 82.86, 84.56, 67.17, 110.18, 95.38, 88.03, 11, 0, 'Baseline', 13, 'Medium', 1, 'Low', 'High', 'Low', 5),
  (10660, 10660, 5660, 'LOW', FALSE, 99.84, 102.08, 100.49, 106.64, 78.35, 97.48, 11, 0, 'Re-screen', 8, 'Low', 0, 'Low', 'High', 'Low', 7),
  (10661, 10661, 5661, 'LOW', FALSE, 96.95, 86.22, 105.33, 105.41, 99.07, 98.6, 11, 0, 'Baseline', 0, 'Low', 0, 'Low', 'Low', 'Low', 2),
  (10662, 10662, 5662, 'LOW', FALSE, 92.89, 75.46, 90.4, 100.6, 106.11, 93.09, 11, 0, 'Follow-up', 0, 'Low', 0, 'Low', 'Low', 'Low', 7),
  (10663, 10663, 5663, 'LOW', FALSE, 130.0, 76.94, 99.67, 108.63, 74.34, 97.92, 11, 0, 'Baseline', 0, 'Low', 0, 'Low', 'Low', 'Low', 10),
  (10664, 10664, 5664, 'MEDIUM', FALSE, 130.0, 97.09, 96.39, 64.04, 97.21, 96.94, 11, 0, 'Follow-up', 5, 'Low', 1, 'Low', 'Low', 'Low', 2),
  (10665, 10665, 5665, 'LOW', FALSE, 92.64, 93.75, 76.48, 62.93, 92.1, 83.58, 11, 0, 'Baseline', 0, 'Low', 0, 'Low', 'Low', 'Low', 11),
  (10666, 10666, 5666, 'LOW', FALSE, 115.43, 108.14, 103.06, 110.1, 86.89, 104.73, 11, 0, 'Baseline', 8, 'Low', 0, 'Moderate', 'Low', 'Low', 8),
  (10667, 10667, 5667, 'MEDIUM', FALSE, 101.23, 77.35, 107.29, 80.49, 104.78, 94.23, 11, 0, 'Baseline', 10, 'Low', 2, 'Low', 'Low', 'Low', 9),
  (10668, 10668, 5668, 'MEDIUM', FALSE, 88.21, 82.96, 90.71, 92.38, 119.3, 94.71, 11, 0, 'Follow-up', 18, 'Medium', 2, 'Moderate', 'Low', 'Low', 12),
  (10669, 10669, 5669, 'HIGH', TRUE, 75.95, 64.61, 117.38, 90.85, 97.06, 89.17, 11, 0, 'Follow-up', 26, 'High', 3, 'Low', 'Moderate', 'High', 5),
  (10670, 10670, 5670, 'MEDIUM', FALSE, 76.4, 80.65, 109.52, 123.87, 83.76, 94.84, 11, 0, 'Baseline', 9, 'Low', 1, 'Low', 'Moderate', 'Low', 2),
  (10671, 10671, 5671, 'LOW', FALSE, 107.09, 94.09, 85.14, 84.72, 85.68, 91.34, 11, 0, 'Baseline', 0, 'Low', 0, 'Low', 'Low', 'Low', 7),
  (10672, 10672, 5672, 'MEDIUM', FALSE, 115.83, 97.02, 115.46, 66.36, 56.28, 90.19, 11, 0, 'Baseline', 10, 'Low', 2, 'Low', 'Low', 'Low', 8),
  (10673, 10673, 5673, 'MEDIUM', FALSE, 102.26, 89.17, 98.8, 77.58, 95.57, 92.68, 11, 0, 'Re-screen', 11, 'Medium', 0, 'Low', 'Moderate', 'High', 7),
  (10674, 10674, 5674, 'MEDIUM', FALSE, 102.92, 98.37, 97.98, 87.69, 119.17, 101.23, 11, 0, 'Baseline', 17, 'Medium', 1, 'Moderate', 'Moderate', 'Low', 12),
  (10675, 10675, 5675, 'MEDIUM', FALSE, 98.74, 111.35, 108.65, 83.22, 108.46, 102.08, 11, 0, 'Follow-up', 17, 'Medium', 2, 'Low', 'Low', 'High', 4),
  (10676, 10676, 5676, 'LOW', FALSE, 107.72, 102.12, 92.88, 98.97, 109.34, 102.21, 11, 0, 'Baseline', 8, 'Low', 0, 'Low', 'High', 'Low', 14),
  (10677, 10677, 5677, 'MEDIUM', FALSE, 105.88, 97.18, 69.57, 81.53, 86.7, 88.17, 11, 0, 'Baseline', 22, 'Medium', 0, 'High', 'Low', 'High', 9),
  (10678, 10678, 5678, 'MEDIUM', FALSE, 89.17, 92.33, 74.97, 105.47, 92.95, 90.98, 11, 0, 'Re-screen', 15, 'Medium', 0, 'Low', 'High', 'High', 7),
  (10679, 10679, 5679, 'MEDIUM', FALSE, 116.14, 83.01, 83.25, 96.06, 94.58, 94.61, 11, 0, 'Baseline', 17, 'Medium', 1, 'Moderate', 'Moderate', 'Low', 1),
  (10680, 10680, 5680, 'LOW', FALSE, 121.81, 100.03, 105.36, 102.6, 90.41, 104.04, 11, 0, 'Baseline', 8, 'Low', 0, 'Moderate', 'Low', 'Low', 2),
  (10681, 10681, 5681, 'MEDIUM', FALSE, 93.03, 113.93, 115.47, 83.42, 106.39, 102.45, 11, 0, 'Re-screen', 10, 'Low', 2, 'Low', 'Low', 'Low', 0),
  (10682, 10682, 5682, 'LOW', FALSE, 84.07, 121.82, 110.03, 113.24, 50.0, 95.83, 11, 0, 'Follow-up', 7, 'Low', 0, 'Low', 'Low', 'High', 10),
  (10683, 10683, 5683, 'MEDIUM', FALSE, 83.03, 65.39, 110.91, 94.54, 105.77, 91.93, 11, 0, 'Re-screen', 12, 'Medium', 1, 'Low', 'Low', 'High', 7),
  (10684, 10684, 5684, 'LOW', FALSE, 100.3, 104.88, 72.08, 114.82, 127.58, 103.93, 11, 0, 'Baseline', 7, 'Low', 0, 'Low', 'Low', 'High', 0),
  (10685, 10685, 5685, 'MEDIUM', FALSE, 105.97, 104.92, 99.61, 111.76, 118.8, 108.21, 11, 0, 'Baseline', 5, 'Low', 1, 'Low', 'Low', 'Low', 12),
  (10686, 10686, 5686, 'MEDIUM', FALSE, 100.09, 107.66, 105.53, 98.35, 86.41, 99.61, 11, 0, 'Baseline', 5, 'Low', 1, 'Low', 'Low', 'Low', 4),
  (10687, 10687, 5687, 'MEDIUM', FALSE, 86.25, 84.45, 116.07, 91.52, 109.16, 97.49, 11, 0, 'Baseline', 5, 'Low', 1, 'Low', 'Low', 'Low', 10),
  (10688, 10688, 5688, 'MEDIUM', FALSE, 82.67, 92.81, 85.43, 123.3, 80.4, 92.92, 11, 0, 'Re-screen', 20, 'Medium', 1, 'Moderate', 'Low', 'High', 12),
  (10689, 10689, 5689, 'MEDIUM', FALSE, 110.72, 130.0, 91.82, 106.77, 112.23, 110.31, 11, 0, 'Re-screen', 13, 'Medium', 1, 'Moderate', 'Low', 'Low', 12),
  (10690, 10690, 5690, 'LOW', FALSE, 108.36, 115.5, 84.07, 108.35, 86.24, 100.5, 11, 0, 'Re-screen', 0, 'Low', 0, 'Low', 'Low', 'Low', 6),
  (10691, 10691, 5691, 'MEDIUM', FALSE, 101.7, 91.55, 91.71, 77.25, 95.87, 91.62, 11, 0, 'Baseline', 9, 'Low', 1, 'Low', 'Moderate', 'Low', 0),
  (10692, 10692, 5692, 'MEDIUM', FALSE, 93.78, 96.24, 115.62, 93.28, 94.53, 98.69, 11, 0, 'Baseline', 5, 'Low', 1, 'Low', 'Low', 'Low', 9),
  (10693, 10693, 5693, 'LOW', FALSE, 102.21, 75.87, 69.09, 97.29, 100.05, 88.9, 11, 0, 'Follow-up', 7, 'Low', 0, 'Low', 'Low', 'High', 3),
  (10694, 10694, 5694, 'MEDIUM', FALSE, 94.82, 80.72, 88.95, 113.71, 65.03, 88.65, 11, 0, 'Re-screen', 10, 'Low', 2, 'Low', 'Low', 'Low', 3),
  (10695, 10695, 5695, 'MEDIUM', FALSE, 96.01, 81.07, 91.11, 95.69, 103.95, 93.57, 11, 0, 'Follow-up', 10, 'Low', 2, 'Low', 'Low', 'Low', 10),
  (10696, 10696, 5696, 'MEDIUM', FALSE, 87.42, 68.8, 54.4, 85.77, 106.32, 80.54, 11, 0, 'Follow-up', 20, 'Medium', 1, 'High', 'Low', 'Low', 13),
  (10697, 10697, 5697, 'LOW', FALSE, 120.8, 105.43, 110.41, 75.42, 118.85, 106.18, 11, 0, 'Follow-up', 0, 'Low', 0, 'Low', 'Low', 'Low', 0),
  (10698, 10698, 5698, 'MEDIUM', FALSE, 75.6, 98.74, 95.93, 92.39, 108.01, 94.14, 11, 0, 'Baseline', 10, 'Low', 2, 'Low', 'Low', 'Low', 5),
  (10699, 10699, 5699, 'LOW', FALSE, 100.83, 95.0, 78.55, 88.15, 83.62, 89.23, 11, 0, 'Follow-up', 0, 'Low', 0, 'Low', 'Low', 'Low', 11)
ON CONFLICT (id) DO NOTHING;

INSERT INTO screening_sessions (id, child_id, assessment_date, child_age_months, status) VALUES
  (10700, 5700, '2023-01-09', 13, 'completed'),
  (10701, 5701, '2024-08-07', 63, 'completed'),
  (10702, 5702, '2023-03-01', 15, 'completed'),
  (10703, 5703, '2021-04-14', 32, 'completed'),
  (10704, 5704, '2025-01-09', 9, 'completed'),
  (10705, 5705, '2022-04-26', 9, 'completed'),
  (10706, 5706, '2024-06-17', 40, 'completed'),
  (10707, 5707, '2024-04-16', 47, 'completed'),
  (10708, 5708, '2021-05-04', 11, 'completed'),
  (10709, 5709, '2024-10-03', 8, 'completed'),
  (10710, 5710, '2020-09-17', 29, 'completed'),
  (10711, 5711, '2023-02-24', 11, 'completed'),
  (10712, 5712, '2025-01-04', 54, 'completed'),
  (10713, 5713, '2025-04-25', 7, 'completed'),
  (10714, 5714, '2023-02-14', 59, 'completed'),
  (10715, 5715, '2023-11-29', 65, 'completed'),
  (10716, 5716, '2022-11-17', 64, 'completed'),
  (10717, 5717, '2020-04-03', 32, 'completed'),
  (10718, 5718, '2021-05-20', 8, 'completed'),
  (10719, 5719, '2021-02-14', 49, 'completed'),
  (10720, 5720, '2020-11-28', 46, 'completed'),
  (10721, 5721, '2025-05-10', 51, 'completed'),
  (10722, 5722, '2025-04-16', 1, 'completed'),
  (10723, 5723, '2022-02-11', 41, 'completed'),
  (10724, 5724, '2025-01-29', 17, 'completed'),
  (10725, 5725, '2023-12-03', 13, 'completed'),
  (10726, 5726, '2024-06-20', 62, 'completed'),
  (10727, 5727, '2022-05-17', 46, 'completed'),
  (10728, 5728, '2022-02-21', 24, 'completed'),
  (10729, 5729, '2025-02-23', 52, 'completed'),
  (10730, 5730, '2020-11-20', 21, 'completed'),
  (10731, 5731, '2023-07-27', 67, 'completed'),
  (10732, 5732, '2023-06-13', 9, 'completed'),
  (10733, 5733, '2025-04-03', 71, 'completed'),
  (10734, 5734, '2024-04-18', 25, 'completed'),
  (10735, 5735, '2022-01-29', 9, 'completed'),
  (10736, 5736, '2024-06-05', 14, 'completed'),
  (10737, 5737, '2022-11-11', 66, 'completed'),
  (10738, 5738, '2025-01-21', 17, 'completed'),
  (10739, 5739, '2022-04-06', 11, 'completed'),
  (10740, 5740, '2022-11-03', 30, 'completed'),
  (10741, 5741, '2023-02-23', 14, 'completed'),
  (10742, 5742, '2021-01-17', 31, 'completed'),
  (10743, 5743, '2020-08-03', 53, 'completed'),
  (10744, 5744, '2020-04-27', 64, 'completed'),
  (10745, 5745, '2020-10-02', 16, 'completed'),
  (10746, 5746, '2022-11-04', 68, 'completed'),
  (10747, 5747, '2023-02-17', 23, 'completed'),
  (10748, 5748, '2023-12-30', 43, 'completed'),
  (10749, 5749, '2020-12-10', 10, 'completed'),
  (10750, 5750, '2022-08-01', 59, 'completed'),
  (10751, 5751, '2023-09-26', 25, 'completed'),
  (10752, 5752, '2022-04-21', 18, 'completed'),
  (10753, 5753, '2022-07-22', 42, 'completed'),
  (10754, 5754, '2022-04-24', 9, 'completed'),
  (10755, 5755, '2021-03-18', 21, 'completed'),
  (10756, 5756, '2023-09-22', 18, 'completed'),
  (10757, 5757, '2024-06-17', 51, 'completed'),
  (10758, 5758, '2021-03-14', 38, 'completed'),
  (10759, 5759, '2022-10-18', 5, 'completed'),
  (10760, 5760, '2023-08-11', 19, 'completed'),
  (10761, 5761, '2020-11-20', 31, 'completed'),
  (10762, 5762, '2023-01-20', 23, 'completed'),
  (10763, 5763, '2020-10-23', 44, 'completed'),
  (10764, 5764, '2023-07-15', 69, 'completed'),
  (10765, 5765, '2021-01-05', 28, 'completed'),
  (10766, 5766, '2024-02-16', 26, 'completed'),
  (10767, 5767, '2022-03-18', 70, 'completed'),
  (10768, 5768, '2023-09-08', 4, 'completed'),
  (10769, 5769, '2023-09-14', 9, 'completed'),
  (10770, 5770, '2023-01-07', 47, 'completed'),
  (10771, 5771, '2022-02-04', 56, 'completed'),
  (10772, 5772, '2024-07-07', 52, 'completed'),
  (10773, 5773, '2020-06-25', 45, 'completed'),
  (10774, 5774, '2024-05-21', 11, 'completed'),
  (10775, 5775, '2024-11-27', 46, 'completed'),
  (10776, 5776, '2020-03-03', 23, 'completed'),
  (10777, 5777, '2022-09-13', 31, 'completed'),
  (10778, 5778, '2021-07-03', 57, 'completed'),
  (10779, 5779, '2025-02-05', 47, 'completed'),
  (10780, 5780, '2024-09-17', 46, 'completed'),
  (10781, 5781, '2025-05-22', 34, 'completed'),
  (10782, 5782, '2021-05-31', 43, 'completed'),
  (10783, 5783, '2020-01-08', 39, 'completed'),
  (10784, 5784, '2024-04-07', 26, 'completed'),
  (10785, 5785, '2021-06-22', 35, 'completed'),
  (10786, 5786, '2025-03-20', 39, 'completed'),
  (10787, 5787, '2022-04-17', 5, 'completed'),
  (10788, 5788, '2021-10-19', 61, 'completed'),
  (10789, 5789, '2021-04-29', 53, 'completed'),
  (10790, 5790, '2022-03-22', 45, 'completed'),
  (10791, 5791, '2024-02-26', 48, 'completed'),
  (10792, 5792, '2025-02-10', 7, 'completed'),
  (10793, 5793, '2021-01-18', 58, 'completed'),
  (10794, 5794, '2022-03-28', 19, 'completed'),
  (10795, 5795, '2023-10-10', 14, 'completed'),
  (10796, 5796, '2022-04-08', 21, 'completed'),
  (10797, 5797, '2025-04-29', 31, 'completed'),
  (10798, 5798, '2023-11-20', 13, 'completed'),
  (10799, 5799, '2021-12-03', 34, 'completed')
ON CONFLICT (id) DO NOTHING;

INSERT INTO screening_results (id, session_id, child_id, overall_risk, referral_needed, gm_dq, fm_dq, lc_dq, cog_dq, se_dq, composite_dq, tools_completed, tools_skipped, assessment_cycle, baseline_score, baseline_category, num_delays, autism_risk, adhd_risk, behavior_risk, behavior_score) VALUES
  (10700, 10700, 5700, 'MEDIUM', FALSE, 107.59, 82.26, 105.33, 85.93, 99.95, 96.21, 11, 0, 'Baseline', 14, 'Medium', 2, 'Low', 'Moderate', 'Low', 14),
  (10701, 10701, 5701, 'MEDIUM', FALSE, 95.35, 75.06, 78.96, 108.12, 95.83, 90.67, 11, 0, 'Follow-up', 13, 'Medium', 1, 'Moderate', 'Low', 'Low', 0),
  (10702, 10702, 5702, 'MEDIUM', FALSE, 73.69, 99.29, 79.02, 122.09, 92.8, 93.38, 11, 0, 'Baseline', 9, 'Low', 1, 'Low', 'Moderate', 'Low', 7),
  (10703, 10703, 5703, 'LOW', FALSE, 105.41, 78.38, 57.27, 88.57, 82.22, 82.37, 11, 0, 'Baseline', 0, 'Low', 0, 'Low', 'Low', 'Low', 9),
  (10704, 10704, 5704, 'MEDIUM', FALSE, 98.68, 95.4, 104.79, 128.73, 81.0, 101.72, 11, 0, 'Baseline', 10, 'Low', 2, 'Low', 'Low', 'Low', 4),
  (10705, 10705, 5705, 'MEDIUM', FALSE, 101.07, 114.19, 86.58, 123.93, 97.57, 104.67, 11, 0, 'Baseline', 5, 'Low', 1, 'Low', 'Low', 'Low', 14),
  (10706, 10706, 5706, 'LOW', FALSE, 81.77, 90.78, 95.43, 62.04, 96.95, 85.39, 11, 0, 'Baseline', 0, 'Low', 0, 'Low', 'Low', 'Low', 9),
  (10707, 10707, 5707, 'MEDIUM', FALSE, 79.47, 90.14, 86.51, 67.44, 104.25, 85.56, 11, 0, 'Re-screen', 17, 'Medium', 2, 'Low', 'Low', 'High', 5),
  (10708, 10708, 5708, 'LOW', FALSE, 72.75, 95.03, 92.93, 115.71, 76.82, 90.65, 11, 0, 'Follow-up', 8, 'Low', 0, 'Moderate', 'Low', 'Low', 11),
  (10709, 10709, 5709, 'MEDIUM', FALSE, 76.93, 84.55, 84.94, 105.92, 52.92, 81.05, 11, 0, 'Follow-up', 12, 'Medium', 1, 'Low', 'Low', 'High', 9),
  (10710, 10710, 5710, 'MEDIUM', FALSE, 102.43, 94.68, 91.1, 88.44, 93.87, 94.1, 11, 0, 'Follow-up', 10, 'Low', 2, 'Low', 'Low', 'Low', 6),
  (10711, 10711, 5711, 'LOW', FALSE, 99.63, 52.1, 66.85, 119.67, 122.54, 92.16, 11, 0, 'Baseline', 8, 'Low', 0, 'Low', 'High', 'Low', 10),
  (10712, 10712, 5712, 'LOW', FALSE, 111.22, 85.78, 88.63, 67.22, 94.31, 89.43, 11, 0, 'Baseline', 8, 'Low', 0, 'Moderate', 'Low', 'Low', 8),
  (10713, 10713, 5713, 'MEDIUM', FALSE, 94.91, 121.08, 79.13, 104.09, 93.52, 98.55, 11, 0, 'Follow-up', 13, 'Medium', 1, 'Moderate', 'Low', 'Low', 14),
  (10714, 10714, 5714, 'MEDIUM', FALSE, 80.91, 78.33, 84.59, 74.25, 93.25, 82.27, 11, 0, 'Baseline', 14, 'Medium', 2, 'Low', 'Moderate', 'Low', 3),
  (10715, 10715, 5715, 'MEDIUM', FALSE, 111.57, 113.1, 90.0, 92.11, 104.07, 102.17, 11, 0, 'Baseline', 5, 'Low', 1, 'Low', 'Low', 'Low', 0),
  (10716, 10716, 5716, 'LOW', FALSE, 90.23, 103.46, 87.45, 117.63, 90.24, 97.8, 11, 0, 'Follow-up', 0, 'Low', 0, 'Low', 'Low', 'Low', 5),
  (10717, 10717, 5717, 'HIGH', TRUE, 72.22, 90.71, 116.61, 89.17, 98.26, 93.39, 11, 0, 'Baseline', 15, 'Medium', 3, 'Low', 'Low', 'Low', 9),
  (10718, 10718, 5718, 'MEDIUM', FALSE, 103.56, 107.94, 130.0, 68.59, 113.01, 104.62, 11, 0, 'Follow-up', 11, 'Medium', 0, 'Low', 'Moderate', 'High', 4),
  (10719, 10719, 5719, 'LOW', FALSE, 99.74, 89.69, 93.92, 77.63, 103.58, 92.91, 11, 0, 'Follow-up', 8, 'Low', 0, 'Moderate', 'Low', 'Low', 12),
  (10720, 10720, 5720, 'MEDIUM', FALSE, 122.98, 116.45, 108.09, 100.84, 79.89, 105.65, 11, 0, 'Follow-up', 5, 'Low', 1, 'Low', 'Low', 'Low', 13),
  (10721, 10721, 5721, 'MEDIUM', FALSE, 86.71, 86.96, 86.41, 95.0, 86.66, 88.35, 11, 0, 'Baseline', 15, 'Medium', 0, 'High', 'Low', 'Low', 6),
  (10722, 10722, 5722, 'MEDIUM', FALSE, 91.98, 92.66, 90.46, 53.12, 87.26, 83.09, 11, 0, 'Follow-up', 5, 'Low', 1, 'Low', 'Low', 'Low', 13),
  (10723, 10723, 5723, 'LOW', FALSE, 119.99, 69.84, 86.33, 82.02, 92.0, 90.03, 11, 0, 'Baseline', 0, 'Low', 0, 'Low', 'Low', 'Low', 13),
  (10724, 10724, 5724, 'LOW', FALSE, 103.84, 88.26, 107.17, 67.27, 113.02, 95.91, 11, 0, 'Baseline', 8, 'Low', 0, 'Moderate', 'Low', 'Low', 7),
  (10725, 10725, 5725, 'MEDIUM', FALSE, 66.77, 109.76, 100.87, 94.92, 107.79, 96.02, 11, 0, 'Baseline', 12, 'Medium', 0, 'Moderate', 'Moderate', 'Low', 8),
  (10726, 10726, 5726, 'LOW', FALSE, 67.35, 102.98, 95.2, 112.08, 112.77, 98.08, 11, 0, 'Baseline', 4, 'Low', 0, 'Low', 'Moderate', 'Low', 9),
  (10727, 10727, 5727, 'LOW', FALSE, 70.3, 83.61, 86.41, 107.6, 59.4, 81.46, 11, 0, 'Baseline', 0, 'Low', 0, 'Low', 'Low', 'Low', 11),
  (10728, 10728, 5728, 'LOW', FALSE, 108.31, 90.49, 80.5, 92.36, 97.43, 93.82, 11, 0, 'Follow-up', 0, 'Low', 0, 'Low', 'Low', 'Low', 6),
  (10729, 10729, 5729, 'MEDIUM', FALSE, 95.43, 96.59, 91.37, 100.54, 107.66, 98.32, 11, 0, 'Baseline', 20, 'Medium', 1, 'Moderate', 'Low', 'High', 12),
  (10730, 10730, 5730, 'LOW', FALSE, 83.36, 105.19, 73.99, 82.0, 94.74, 87.85, 11, 0, 'Baseline', 8, 'Low', 0, 'Low', 'High', 'Low', 11),
  (10731, 10731, 5731, 'MEDIUM', FALSE, 101.97, 91.91, 84.84, 98.87, 93.81, 94.28, 11, 0, 'Baseline', 5, 'Low', 1, 'Low', 'Low', 'Low', 1),
  (10732, 10732, 5732, 'LOW', FALSE, 102.19, 86.51, 83.04, 65.21, 91.9, 85.77, 11, 0, 'Baseline', 7, 'Low', 0, 'Low', 'Low', 'High', 4),
  (10733, 10733, 5733, 'MEDIUM', FALSE, 71.05, 100.77, 83.29, 113.0, 83.8, 90.38, 11, 0, 'Baseline', 12, 'Medium', 1, 'Low', 'Low', 'High', 9),
  (10734, 10734, 5734, 'LOW', FALSE, 85.38, 122.08, 81.79, 57.25, 99.95, 89.29, 11, 0, 'Baseline', 8, 'Low', 0, 'Moderate', 'Low', 'Low', 13),
  (10735, 10735, 5735, 'MEDIUM', FALSE, 80.74, 76.85, 96.43, 110.54, 107.06, 94.32, 11, 0, 'Follow-up', 5, 'Low', 1, 'Low', 'Low', 'Low', 12),
  (10736, 10736, 5736, 'LOW', FALSE, 105.09, 71.38, 62.83, 96.83, 96.98, 86.62, 11, 0, 'Baseline', 0, 'Low', 0, 'Low', 'Low', 'Low', 7),
  (10737, 10737, 5737, 'LOW', FALSE, 91.06, 95.46, 74.32, 82.78, 94.67, 87.66, 11, 0, 'Follow-up', 0, 'Low', 0, 'Low', 'Low', 'Low', 1),
  (10738, 10738, 5738, 'MEDIUM', FALSE, 86.96, 90.4, 105.6, 81.43, 106.95, 94.27, 11, 0, 'Follow-up', 13, 'Medium', 1, 'Moderate', 'Low', 'Low', 6),
  (10739, 10739, 5739, 'LOW', FALSE, 89.66, 100.03, 95.61, 102.24, 94.6, 96.43, 11, 0, 'Follow-up', 4, 'Low', 0, 'Low', 'Moderate', 'Low', 9),
  (10740, 10740, 5740, 'LOW', FALSE, 91.14, 109.63, 85.39, 107.61, 103.95, 99.55, 11, 0, 'Re-screen', 4, 'Low', 0, 'Low', 'Moderate', 'Low', 7),
  (10741, 10741, 5741, 'MEDIUM', FALSE, 101.53, 97.73, 94.8, 55.73, 104.2, 90.8, 11, 0, 'Baseline', 12, 'Medium', 1, 'Low', 'Low', 'High', 1),
  (10742, 10742, 5742, 'LOW', FALSE, 91.45, 82.02, 81.7, 100.03, 71.47, 85.34, 11, 0, 'Baseline', 8, 'Low', 0, 'Low', 'High', 'Low', 6),
  (10743, 10743, 5743, 'LOW', FALSE, 88.66, 83.94, 83.1, 109.33, 95.4, 92.08, 11, 0, 'Baseline', 4, 'Low', 0, 'Low', 'Moderate', 'Low', 4),
  (10744, 10744, 5744, 'MEDIUM', FALSE, 102.17, 92.22, 91.28, 113.84, 92.83, 98.47, 11, 0, 'Re-screen', 5, 'Low', 1, 'Low', 'Low', 'Low', 4),
  (10745, 10745, 5745, 'MEDIUM', FALSE, 93.63, 107.36, 87.45, 100.43, 77.97, 93.37, 11, 0, 'Follow-up', 13, 'Medium', 1, 'Moderate', 'Low', 'Low', 4),
  (10746, 10746, 5746, 'MEDIUM', FALSE, 110.88, 75.88, 108.18, 100.4, 106.41, 100.35, 11, 0, 'Baseline', 9, 'Low', 1, 'Low', 'Moderate', 'Low', 4),
  (10747, 10747, 5747, 'LOW', FALSE, 100.02, 84.35, 75.21, 70.57, 85.68, 83.16, 11, 0, 'Baseline', 0, 'Low', 0, 'Low', 'Low', 'Low', 7),
  (10748, 10748, 5748, 'MEDIUM', FALSE, 80.99, 98.37, 116.44, 117.83, 120.11, 106.75, 11, 0, 'Baseline', 9, 'Low', 1, 'Low', 'Moderate', 'Low', 8),
  (10749, 10749, 5749, 'MEDIUM', FALSE, 83.23, 96.45, 104.13, 98.78, 67.51, 90.02, 11, 0, 'Baseline', 10, 'Low', 2, 'Low', 'Low', 'Low', 10),
  (10750, 10750, 5750, 'MEDIUM', FALSE, 73.62, 97.84, 110.46, 105.78, 78.42, 93.22, 11, 0, 'Baseline', 13, 'Medium', 1, 'Moderate', 'Low', 'Low', 10),
  (10751, 10751, 5751, 'MEDIUM', FALSE, 91.39, 100.0, 56.4, 96.74, 89.02, 86.71, 11, 0, 'Baseline', 5, 'Low', 1, 'Low', 'Low', 'Low', 6),
  (10752, 10752, 5752, 'MEDIUM', FALSE, 109.9, 106.38, 82.48, 72.22, 73.72, 88.94, 11, 0, 'Baseline', 10, 'Low', 2, 'Low', 'Low', 'Low', 11),
  (10753, 10753, 5753, 'LOW', FALSE, 89.55, 76.66, 90.59, 100.91, 79.89, 87.52, 11, 0, 'Re-screen', 0, 'Low', 0, 'Low', 'Low', 'Low', 6),
  (10754, 10754, 5754, 'MEDIUM', FALSE, 88.82, 89.24, 84.11, 72.25, 102.32, 87.35, 11, 0, 'Follow-up', 5, 'Low', 1, 'Low', 'Low', 'Low', 12),
  (10755, 10755, 5755, 'LOW', FALSE, 92.02, 88.76, 115.22, 81.09, 103.13, 96.04, 11, 0, 'Follow-up', 0, 'Low', 0, 'Low', 'Low', 'Low', 4),
  (10756, 10756, 5756, 'MEDIUM', FALSE, 85.37, 102.52, 92.57, 66.4, 96.4, 88.65, 11, 0, 'Follow-up', 12, 'Medium', 1, 'Low', 'Low', 'High', 1),
  (10757, 10757, 5757, 'LOW', FALSE, 90.82, 111.61, 82.22, 81.76, 111.39, 95.56, 11, 0, 'Follow-up', 0, 'Low', 0, 'Low', 'Low', 'Low', 3),
  (10758, 10758, 5758, 'MEDIUM', FALSE, 77.29, 113.98, 111.48, 102.27, 102.31, 101.47, 11, 0, 'Baseline', 12, 'Medium', 1, 'Low', 'Low', 'High', 10),
  (10759, 10759, 5759, 'MEDIUM', FALSE, 106.27, 89.46, 100.58, 88.98, 88.17, 94.69, 11, 0, 'Follow-up', 5, 'Low', 1, 'Low', 'Low', 'Low', 11),
  (10760, 10760, 5760, 'MEDIUM', FALSE, 107.99, 106.41, 86.32, 79.32, 130.0, 102.01, 11, 0, 'Baseline', 13, 'Medium', 1, 'Moderate', 'Low', 'Low', 14),
  (10761, 10761, 5761, 'MEDIUM', FALSE, 80.18, 88.62, 102.69, 105.25, 92.99, 93.95, 11, 0, 'Follow-up', 9, 'Low', 1, 'Low', 'Moderate', 'Low', 7),
  (10762, 10762, 5762, 'MEDIUM', FALSE, 117.54, 88.47, 114.75, 104.43, 86.01, 102.24, 11, 0, 'Follow-up', 20, 'Medium', 1, 'High', 'Low', 'Low', 3),
  (10763, 10763, 5763, 'MEDIUM', FALSE, 83.69, 90.76, 106.83, 86.7, 69.97, 87.59, 11, 0, 'Baseline', 13, 'Medium', 1, 'Moderate', 'Low', 'Low', 3),
  (10764, 10764, 5764, 'LOW', FALSE, 98.27, 84.85, 109.21, 92.92, 105.32, 98.11, 11, 0, 'Baseline', 0, 'Low', 0, 'Low', 'Low', 'Low', 7),
  (10765, 10765, 5765, 'MEDIUM', FALSE, 84.8, 78.45, 112.1, 98.07, 102.29, 95.14, 11, 0, 'Baseline', 15, 'Medium', 0, 'Low', 'High', 'High', 0),
  (10766, 10766, 5766, 'LOW', FALSE, 81.31, 100.11, 84.35, 108.6, 88.72, 92.62, 11, 0, 'Baseline', 0, 'Low', 0, 'Low', 'Low', 'Low', 13),
  (10767, 10767, 5767, 'MEDIUM', FALSE, 75.31, 102.83, 63.21, 86.09, 98.52, 85.19, 11, 0, 'Baseline', 20, 'Medium', 1, 'High', 'Low', 'Low', 1),
  (10768, 10768, 5768, 'LOW', FALSE, 73.35, 87.11, 87.93, 77.38, 91.85, 83.52, 11, 0, 'Re-screen', 0, 'Low', 0, 'Low', 'Low', 'Low', 10),
  (10769, 10769, 5769, 'MEDIUM', FALSE, 83.4, 105.54, 95.25, 95.44, 89.91, 93.91, 11, 0, 'Baseline', 20, 'Medium', 1, 'High', 'Low', 'Low', 1),
  (10770, 10770, 5770, 'MEDIUM', FALSE, 78.64, 101.1, 84.68, 97.1, 79.41, 88.19, 11, 0, 'Baseline', 10, 'Low', 2, 'Low', 'Low', 'Low', 5),
  (10771, 10771, 5771, 'MEDIUM', FALSE, 120.62, 75.76, 81.97, 89.27, 123.82, 98.29, 11, 0, 'Baseline', 10, 'Low', 2, 'Low', 'Low', 'Low', 12),
  (10772, 10772, 5772, 'MEDIUM', FALSE, 106.58, 102.95, 58.55, 99.33, 75.83, 88.65, 11, 0, 'Baseline', 9, 'Low', 1, 'Low', 'Moderate', 'Low', 10),
  (10773, 10773, 5773, 'MEDIUM', FALSE, 76.24, 125.87, 63.54, 75.83, 90.85, 86.47, 11, 0, 'Follow-up', 10, 'Low', 2, 'Low', 'Low', 'Low', 10),
  (10774, 10774, 5774, 'MEDIUM', FALSE, 102.12, 72.39, 93.95, 87.02, 93.45, 89.79, 11, 0, 'Follow-up', 23, 'Medium', 0, 'Moderate', 'High', 'High', 8),
  (10775, 10775, 5775, 'LOW', FALSE, 75.33, 98.94, 75.93, 77.34, 98.92, 85.29, 11, 0, 'Follow-up', 0, 'Low', 0, 'Low', 'Low', 'Low', 8),
  (10776, 10776, 5776, 'LOW', FALSE, 71.73, 89.75, 103.55, 76.24, 95.79, 87.41, 11, 0, 'Baseline', 0, 'Low', 0, 'Low', 'Low', 'Low', 14),
  (10777, 10777, 5777, 'LOW', FALSE, 102.54, 113.65, 72.59, 84.01, 83.05, 91.17, 11, 0, 'Baseline', 4, 'Low', 0, 'Low', 'Moderate', 'Low', 7),
  (10778, 10778, 5778, 'LOW', FALSE, 109.43, 113.54, 93.57, 89.08, 77.03, 96.53, 11, 0, 'Re-screen', 0, 'Low', 0, 'Low', 'Low', 'Low', 9),
  (10779, 10779, 5779, 'HIGH', TRUE, 110.45, 84.06, 84.5, 84.7, 88.91, 90.52, 11, 0, 'Follow-up', 20, 'Medium', 4, 'Low', 'Low', 'Low', 1),
  (10780, 10780, 5780, 'MEDIUM', FALSE, 70.44, 99.24, 119.15, 87.59, 104.88, 96.26, 11, 0, 'Follow-up', 15, 'Medium', 0, 'Moderate', 'Low', 'High', 14),
  (10781, 10781, 5781, 'LOW', FALSE, 84.64, 111.4, 106.67, 100.44, 75.55, 95.74, 11, 0, 'Re-screen', 0, 'Low', 0, 'Low', 'Low', 'Low', 6),
  (10782, 10782, 5782, 'MEDIUM', FALSE, 114.46, 103.91, 86.75, 79.19, 121.24, 101.11, 11, 0, 'Baseline', 5, 'Low', 1, 'Low', 'Low', 'Low', 8),
  (10783, 10783, 5783, 'MEDIUM', FALSE, 93.49, 90.75, 81.35, 92.07, 88.72, 89.28, 11, 0, 'Baseline', 5, 'Low', 1, 'Low', 'Low', 'Low', 14),
  (10784, 10784, 5784, 'LOW', FALSE, 98.75, 109.55, 103.23, 77.03, 80.18, 93.75, 11, 0, 'Follow-up', 8, 'Low', 0, 'Moderate', 'Low', 'Low', 2),
  (10785, 10785, 5785, 'LOW', FALSE, 99.29, 107.2, 116.22, 105.73, 69.2, 99.53, 11, 0, 'Baseline', 0, 'Low', 0, 'Low', 'Low', 'Low', 14),
  (10786, 10786, 5786, 'LOW', FALSE, 105.56, 90.88, 53.41, 89.9, 118.73, 91.7, 11, 0, 'Baseline', 0, 'Low', 0, 'Low', 'Low', 'Low', 10),
  (10787, 10787, 5787, 'MEDIUM', FALSE, 96.43, 97.84, 88.68, 113.16, 109.89, 101.2, 11, 0, 'Follow-up', 20, 'Medium', 1, 'Moderate', 'Low', 'High', 9),
  (10788, 10788, 5788, 'MEDIUM', FALSE, 85.65, 101.91, 67.87, 105.16, 99.42, 92.0, 11, 0, 'Baseline', 15, 'Medium', 0, 'High', 'Low', 'Low', 13),
  (10789, 10789, 5789, 'LOW', FALSE, 85.13, 120.58, 92.85, 79.59, 92.01, 94.03, 11, 0, 'Follow-up', 8, 'Low', 0, 'Moderate', 'Low', 'Low', 4),
  (10790, 10790, 5790, 'LOW', FALSE, 77.33, 114.49, 69.81, 103.49, 81.48, 89.32, 11, 0, 'Baseline', 0, 'Low', 0, 'Low', 'Low', 'Low', 5),
  (10791, 10791, 5791, 'MEDIUM', FALSE, 68.06, 100.4, 73.01, 115.74, 104.36, 92.31, 11, 0, 'Baseline', 5, 'Low', 1, 'Low', 'Low', 'Low', 11),
  (10792, 10792, 5792, 'MEDIUM', FALSE, 130.0, 96.63, 123.49, 84.4, 61.56, 99.22, 11, 0, 'Baseline', 5, 'Low', 1, 'Low', 'Low', 'Low', 10),
  (10793, 10793, 5793, 'MEDIUM', FALSE, 75.15, 78.86, 88.26, 124.74, 81.79, 89.76, 11, 0, 'Baseline', 5, 'Low', 1, 'Low', 'Low', 'Low', 10),
  (10794, 10794, 5794, 'MEDIUM', FALSE, 94.24, 97.05, 50.0, 121.91, 91.63, 90.97, 11, 0, 'Baseline', 5, 'Low', 1, 'Low', 'Low', 'Low', 12),
  (10795, 10795, 5795, 'MEDIUM', FALSE, 97.12, 108.11, 80.86, 96.74, 97.41, 96.05, 11, 0, 'Re-screen', 5, 'Low', 1, 'Low', 'Low', 'Low', 4),
  (10796, 10796, 5796, 'MEDIUM', FALSE, 127.86, 104.12, 86.18, 81.49, 94.83, 98.9, 11, 0, 'Baseline', 10, 'Low', 2, 'Low', 'Low', 'Low', 14),
  (10797, 10797, 5797, 'MEDIUM', FALSE, 86.87, 98.6, 96.93, 73.38, 82.88, 87.73, 11, 0, 'Baseline', 10, 'Low', 2, 'Low', 'Low', 'Low', 11),
  (10798, 10798, 5798, 'MEDIUM', FALSE, 84.7, 76.14, 118.73, 80.34, 91.33, 90.25, 11, 0, 'Baseline', 10, 'Low', 2, 'Low', 'Low', 'Low', 12),
  (10799, 10799, 5799, 'LOW', FALSE, 112.41, 110.43, 111.13, 91.5, 76.1, 100.31, 11, 0, 'Follow-up', 4, 'Low', 0, 'Low', 'Moderate', 'Low', 5)
ON CONFLICT (id) DO NOTHING;

INSERT INTO screening_sessions (id, child_id, assessment_date, child_age_months, status) VALUES
  (10800, 5800, '2023-06-26', 61, 'completed'),
  (10801, 5801, '2025-05-03', 61, 'completed'),
  (10802, 5802, '2020-04-13', 20, 'completed'),
  (10803, 5803, '2022-06-26', 18, 'completed'),
  (10804, 5804, '2021-06-27', 70, 'completed'),
  (10805, 5805, '2023-08-05', 21, 'completed'),
  (10806, 5806, '2024-06-19', 23, 'completed'),
  (10807, 5807, '2022-05-21', 5, 'completed'),
  (10808, 5808, '2022-09-20', 50, 'completed'),
  (10809, 5809, '2024-05-04', 71, 'completed'),
  (10810, 5810, '2022-06-16', 66, 'completed'),
  (10811, 5811, '2020-11-08', 66, 'completed'),
  (10812, 5812, '2024-08-12', 66, 'completed'),
  (10813, 5813, '2025-06-06', 18, 'completed'),
  (10814, 5814, '2022-09-18', 71, 'completed'),
  (10815, 5815, '2024-04-03', 60, 'completed'),
  (10816, 5816, '2020-06-15', 16, 'completed'),
  (10817, 5817, '2022-12-29', 41, 'completed'),
  (10818, 5818, '2022-06-27', 34, 'completed'),
  (10819, 5819, '2022-08-16', 65, 'completed'),
  (10820, 5820, '2022-04-07', 45, 'completed'),
  (10821, 5821, '2020-09-14', 60, 'completed'),
  (10822, 5822, '2024-03-10', 34, 'completed'),
  (10823, 5823, '2021-02-15', 35, 'completed'),
  (10824, 5824, '2020-03-23', 32, 'completed'),
  (10825, 5825, '2020-11-29', 34, 'completed'),
  (10826, 5826, '2022-06-22', 25, 'completed'),
  (10827, 5827, '2020-12-30', 66, 'completed'),
  (10828, 5828, '2021-03-20', 15, 'completed'),
  (10829, 5829, '2021-10-26', 5, 'completed'),
  (10830, 5830, '2023-01-06', 36, 'completed'),
  (10831, 5831, '2020-11-28', 40, 'completed'),
  (10832, 5832, '2022-06-05', 17, 'completed'),
  (10833, 5833, '2025-06-01', 49, 'completed'),
  (10834, 5834, '2020-09-22', 43, 'completed'),
  (10835, 5835, '2024-03-31', 4, 'completed'),
  (10836, 5836, '2024-02-06', 66, 'completed'),
  (10837, 5837, '2024-06-13', 33, 'completed'),
  (10838, 5838, '2020-04-11', 4, 'completed'),
  (10839, 5839, '2024-05-04', 66, 'completed'),
  (10840, 5840, '2023-07-16', 24, 'completed'),
  (10841, 5841, '2021-05-01', 67, 'completed'),
  (10842, 5842, '2023-12-31', 49, 'completed'),
  (10843, 5843, '2025-05-14', 14, 'completed'),
  (10844, 5844, '2021-10-04', 40, 'completed'),
  (10845, 5845, '2022-02-15', 57, 'completed'),
  (10846, 5846, '2024-07-01', 8, 'completed'),
  (10847, 5847, '2020-09-27', 31, 'completed'),
  (10848, 5848, '2020-09-26', 67, 'completed'),
  (10849, 5849, '2020-04-22', 66, 'completed'),
  (10850, 5850, '2021-05-09', 70, 'completed'),
  (10851, 5851, '2024-06-26', 30, 'completed'),
  (10852, 5852, '2024-06-23', 18, 'completed'),
  (10853, 5853, '2023-09-21', 32, 'completed'),
  (10854, 5854, '2024-02-01', 69, 'completed'),
  (10855, 5855, '2020-10-19', 25, 'completed'),
  (10856, 5856, '2024-05-07', 57, 'completed'),
  (10857, 5857, '2021-03-17', 60, 'completed'),
  (10858, 5858, '2021-07-28', 61, 'completed'),
  (10859, 5859, '2025-03-12', 57, 'completed'),
  (10860, 5860, '2022-12-27', 23, 'completed'),
  (10861, 5861, '2024-07-29', 55, 'completed'),
  (10862, 5862, '2021-08-23', 48, 'completed'),
  (10863, 5863, '2020-01-08', 36, 'completed'),
  (10864, 5864, '2021-10-05', 43, 'completed'),
  (10865, 5865, '2025-01-29', 66, 'completed'),
  (10866, 5866, '2021-01-31', 54, 'completed'),
  (10867, 5867, '2023-02-21', 9, 'completed'),
  (10868, 5868, '2022-10-16', 42, 'completed'),
  (10869, 5869, '2025-02-01', 38, 'completed'),
  (10870, 5870, '2020-08-14', 70, 'completed'),
  (10871, 5871, '2023-10-31', 9, 'completed'),
  (10872, 5872, '2022-05-24', 6, 'completed'),
  (10873, 5873, '2022-02-02', 36, 'completed'),
  (10874, 5874, '2024-09-04', 62, 'completed'),
  (10875, 5875, '2023-11-13', 26, 'completed'),
  (10876, 5876, '2024-08-16', 20, 'completed'),
  (10877, 5877, '2024-02-14', 40, 'completed'),
  (10878, 5878, '2021-03-31', 26, 'completed'),
  (10879, 5879, '2022-12-29', 43, 'completed'),
  (10880, 5880, '2024-01-10', 5, 'completed'),
  (10881, 5881, '2025-03-06', 38, 'completed'),
  (10882, 5882, '2024-04-05', 3, 'completed'),
  (10883, 5883, '2022-12-19', 57, 'completed'),
  (10884, 5884, '2020-09-19', 22, 'completed'),
  (10885, 5885, '2023-01-03', 39, 'completed'),
  (10886, 5886, '2025-06-06', 1, 'completed'),
  (10887, 5887, '2020-11-26', 24, 'completed'),
  (10888, 5888, '2023-03-08', 43, 'completed'),
  (10889, 5889, '2025-01-07', 54, 'completed'),
  (10890, 5890, '2020-06-05', 29, 'completed'),
  (10891, 5891, '2020-08-06', 19, 'completed'),
  (10892, 5892, '2025-01-07', 17, 'completed'),
  (10893, 5893, '2024-08-10', 51, 'completed'),
  (10894, 5894, '2021-03-25', 60, 'completed'),
  (10895, 5895, '2021-03-26', 11, 'completed'),
  (10896, 5896, '2023-10-06', 2, 'completed'),
  (10897, 5897, '2022-11-24', 57, 'completed'),
  (10898, 5898, '2022-03-03', 71, 'completed'),
  (10899, 5899, '2021-02-19', 2, 'completed')
ON CONFLICT (id) DO NOTHING;

INSERT INTO screening_results (id, session_id, child_id, overall_risk, referral_needed, gm_dq, fm_dq, lc_dq, cog_dq, se_dq, composite_dq, tools_completed, tools_skipped, assessment_cycle, baseline_score, baseline_category, num_delays, autism_risk, adhd_risk, behavior_risk, behavior_score) VALUES
  (10800, 10800, 5800, 'LOW', FALSE, 126.15, 78.18, 96.45, 83.41, 113.67, 99.57, 11, 0, 'Baseline', 8, 'Low', 0, 'Moderate', 'Low', 'Low', 12),
  (10801, 10801, 5801, 'LOW', FALSE, 128.3, 97.67, 101.07, 99.47, 92.86, 103.87, 11, 0, 'Re-screen', 4, 'Low', 0, 'Low', 'Moderate', 'Low', 4),
  (10802, 10802, 5802, 'LOW', FALSE, 103.53, 122.65, 98.71, 108.81, 84.54, 103.65, 11, 0, 'Baseline', 4, 'Low', 0, 'Low', 'Moderate', 'Low', 8),
  (10803, 10803, 5803, 'LOW', FALSE, 74.45, 112.95, 109.66, 95.42, 130.0, 104.5, 11, 0, 'Baseline', 0, 'Low', 0, 'Low', 'Low', 'Low', 12),
  (10804, 10804, 5804, 'MEDIUM', FALSE, 119.38, 89.12, 90.12, 108.04, 73.76, 96.08, 11, 0, 'Follow-up', 5, 'Low', 1, 'Low', 'Low', 'Low', 10),
  (10805, 10805, 5805, 'LOW', FALSE, 125.12, 77.24, 102.72, 71.02, 91.28, 93.48, 11, 0, 'Baseline', 0, 'Low', 0, 'Low', 'Low', 'Low', 12),
  (10806, 10806, 5806, 'HIGH', TRUE, 102.34, 121.58, 116.61, 115.04, 102.28, 111.57, 11, 0, 'Baseline', 20, 'Medium', 4, 'Low', 'Low', 'Low', 11),
  (10807, 10807, 5807, 'LOW', FALSE, 80.0, 63.56, 83.15, 73.34, 89.45, 77.9, 11, 0, 'Re-screen', 0, 'Low', 0, 'Low', 'Low', 'Low', 1),
  (10808, 10808, 5808, 'LOW', FALSE, 104.96, 108.19, 78.93, 73.53, 98.63, 92.85, 11, 0, 'Baseline', 0, 'Low', 0, 'Low', 'Low', 'Low', 4),
  (10809, 10809, 5809, 'LOW', FALSE, 88.44, 93.58, 96.56, 89.42, 111.68, 95.94, 11, 0, 'Re-screen', 0, 'Low', 0, 'Low', 'Low', 'Low', 5),
  (10810, 10810, 5810, 'MEDIUM', FALSE, 83.89, 99.68, 80.63, 87.65, 61.98, 82.77, 11, 0, 'Follow-up', 5, 'Low', 1, 'Low', 'Low', 'Low', 0),
  (10811, 10811, 5811, 'MEDIUM', FALSE, 109.52, 109.03, 97.51, 100.61, 91.92, 101.72, 11, 0, 'Baseline', 19, 'Medium', 0, 'High', 'Moderate', 'Low', 0),
  (10812, 10812, 5812, 'MEDIUM', FALSE, 76.32, 94.26, 68.95, 67.64, 102.54, 81.94, 11, 0, 'Follow-up', 5, 'Low', 1, 'Low', 'Low', 'Low', 8),
  (10813, 10813, 5813, 'LOW', FALSE, 65.1, 67.57, 111.44, 67.51, 91.31, 80.59, 11, 0, 'Baseline', 0, 'Low', 0, 'Low', 'Low', 'Low', 12),
  (10814, 10814, 5814, 'HIGH', TRUE, 88.87, 72.36, 94.2, 99.32, 89.83, 88.91, 11, 0, 'Re-screen', 23, 'Medium', 3, 'Moderate', 'Low', 'Low', 7),
  (10815, 10815, 5815, 'LOW', FALSE, 68.84, 67.47, 115.8, 96.44, 116.08, 92.93, 11, 0, 'Baseline', 0, 'Low', 0, 'Low', 'Low', 'Low', 14),
  (10816, 10816, 5816, 'LOW', FALSE, 92.39, 72.1, 97.62, 92.51, 98.31, 90.59, 11, 0, 'Follow-up', 0, 'Low', 0, 'Low', 'Low', 'Low', 1),
  (10817, 10817, 5817, 'LOW', FALSE, 95.54, 80.77, 76.13, 112.62, 93.89, 91.79, 11, 0, 'Baseline', 0, 'Low', 0, 'Low', 'Low', 'Low', 9),
  (10818, 10818, 5818, 'LOW', FALSE, 94.19, 98.67, 83.51, 114.06, 86.86, 95.46, 11, 0, 'Re-screen', 7, 'Low', 0, 'Low', 'Low', 'High', 7),
  (10819, 10819, 5819, 'LOW', FALSE, 99.89, 97.18, 85.29, 73.9, 130.0, 97.25, 11, 0, 'Baseline', 7, 'Low', 0, 'Low', 'Low', 'High', 10),
  (10820, 10820, 5820, 'MEDIUM', FALSE, 99.33, 102.61, 96.94, 91.08, 86.91, 95.37, 11, 0, 'Baseline', 5, 'Low', 1, 'Low', 'Low', 'Low', 13),
  (10821, 10821, 5821, 'MEDIUM', FALSE, 99.52, 128.51, 76.65, 99.82, 92.47, 99.39, 11, 0, 'Baseline', 11, 'Medium', 0, 'Low', 'Moderate', 'High', 4),
  (10822, 10822, 5822, 'LOW', FALSE, 86.23, 102.09, 92.0, 113.37, 91.66, 97.07, 11, 0, 'Baseline', 0, 'Low', 0, 'Low', 'Low', 'Low', 8),
  (10823, 10823, 5823, 'MEDIUM', FALSE, 90.38, 95.82, 122.48, 93.84, 100.56, 100.62, 11, 0, 'Follow-up', 5, 'Low', 1, 'Low', 'Low', 'Low', 6),
  (10824, 10824, 5824, 'HIGH', TRUE, 108.35, 89.83, 101.36, 77.78, 101.71, 95.81, 11, 0, 'Baseline', 27, 'High', 1, 'High', 'Low', 'High', 0),
  (10825, 10825, 5825, 'MEDIUM', FALSE, 97.91, 99.71, 85.35, 71.49, 103.35, 91.56, 11, 0, 'Baseline', 5, 'Low', 1, 'Low', 'Low', 'Low', 1),
  (10826, 10826, 5826, 'LOW', FALSE, 93.22, 116.09, 98.91, 105.8, 111.72, 105.15, 11, 0, 'Baseline', 8, 'Low', 0, 'Moderate', 'Low', 'Low', 9),
  (10827, 10827, 5827, 'LOW', FALSE, 76.03, 78.42, 97.18, 106.61, 104.66, 92.58, 11, 0, 'Follow-up', 4, 'Low', 0, 'Low', 'Moderate', 'Low', 3),
  (10828, 10828, 5828, 'MEDIUM', FALSE, 85.95, 76.8, 78.64, 99.32, 85.22, 85.18, 11, 0, 'Baseline', 5, 'Low', 1, 'Low', 'Low', 'Low', 0),
  (10829, 10829, 5829, 'MEDIUM', FALSE, 115.74, 93.83, 82.19, 95.82, 100.67, 97.65, 11, 0, 'Re-screen', 14, 'Medium', 2, 'Low', 'Moderate', 'Low', 3),
  (10830, 10830, 5830, 'MEDIUM', FALSE, 80.76, 111.22, 126.41, 86.34, 95.36, 100.02, 11, 0, 'Follow-up', 25, 'Medium', 2, 'High', 'Low', 'Low', 13),
  (10831, 10831, 5831, 'MEDIUM', FALSE, 116.29, 104.93, 112.62, 99.08, 101.71, 106.93, 11, 0, 'Baseline', 18, 'Medium', 2, 'Moderate', 'Low', 'Low', 10),
  (10832, 10832, 5832, 'MEDIUM', FALSE, 107.85, 90.87, 103.04, 66.96, 107.99, 95.34, 11, 0, 'Re-screen', 5, 'Low', 1, 'Low', 'Low', 'Low', 8),
  (10833, 10833, 5833, 'MEDIUM', FALSE, 111.0, 106.55, 76.22, 89.37, 88.44, 94.32, 11, 0, 'Baseline', 13, 'Medium', 1, 'Moderate', 'Low', 'Low', 8),
  (10834, 10834, 5834, 'MEDIUM', FALSE, 98.94, 77.79, 80.8, 98.75, 114.28, 94.11, 11, 0, 'Baseline', 13, 'Medium', 1, 'Moderate', 'Low', 'Low', 8),
  (10835, 10835, 5835, 'LOW', FALSE, 110.46, 82.15, 92.36, 99.25, 83.29, 93.5, 11, 0, 'Re-screen', 0, 'Low', 0, 'Low', 'Low', 'Low', 1),
  (10836, 10836, 5836, 'MEDIUM', FALSE, 77.78, 86.07, 74.25, 97.07, 63.47, 79.73, 11, 0, 'Re-screen', 15, 'Medium', 0, 'Moderate', 'Low', 'High', 5),
  (10837, 10837, 5837, 'LOW', FALSE, 110.18, 97.31, 92.1, 92.99, 110.81, 100.68, 11, 0, 'Re-screen', 0, 'Low', 0, 'Low', 'Low', 'Low', 2),
  (10838, 10838, 5838, 'MEDIUM', FALSE, 82.68, 109.71, 110.3, 97.08, 92.63, 98.48, 11, 0, 'Baseline', 5, 'Low', 1, 'Low', 'Low', 'Low', 2),
  (10839, 10839, 5839, 'LOW', FALSE, 101.6, 75.78, 116.65, 65.81, 103.3, 92.62, 11, 0, 'Baseline', 8, 'Low', 0, 'Moderate', 'Low', 'Low', 1),
  (10840, 10840, 5840, 'LOW', FALSE, 112.07, 89.85, 80.07, 99.28, 121.41, 100.54, 11, 0, 'Baseline', 0, 'Low', 0, 'Low', 'Low', 'Low', 11),
  (10841, 10841, 5841, 'LOW', FALSE, 98.36, 84.69, 86.89, 95.49, 128.27, 98.74, 11, 0, 'Follow-up', 0, 'Low', 0, 'Low', 'Low', 'Low', 7),
  (10842, 10842, 5842, 'LOW', FALSE, 71.58, 86.22, 97.27, 99.41, 83.3, 87.56, 11, 0, 'Follow-up', 0, 'Low', 0, 'Low', 'Low', 'Low', 9),
  (10843, 10843, 5843, 'MEDIUM', FALSE, 86.81, 93.41, 78.91, 92.25, 77.76, 85.83, 11, 0, 'Baseline', 5, 'Low', 1, 'Low', 'Low', 'Low', 0),
  (10844, 10844, 5844, 'MEDIUM', FALSE, 73.72, 116.33, 85.86, 86.99, 100.31, 92.64, 11, 0, 'Baseline', 9, 'Low', 1, 'Low', 'Moderate', 'Low', 1),
  (10845, 10845, 5845, 'LOW', FALSE, 73.15, 107.08, 95.0, 128.56, 117.67, 104.29, 11, 0, 'Baseline', 8, 'Low', 0, 'Moderate', 'Low', 'Low', 8),
  (10846, 10846, 5846, 'MEDIUM', FALSE, 89.44, 73.52, 88.32, 94.95, 105.8, 90.41, 11, 0, 'Baseline', 5, 'Low', 1, 'Low', 'Low', 'Low', 1),
  (10847, 10847, 5847, 'MEDIUM', FALSE, 111.54, 109.28, 130.0, 84.84, 112.32, 109.6, 11, 0, 'Baseline', 5, 'Low', 1, 'Low', 'Low', 'Low', 8),
  (10848, 10848, 5848, 'MEDIUM', FALSE, 107.9, 71.92, 87.95, 101.31, 94.45, 92.71, 11, 0, 'Follow-up', 15, 'Medium', 0, 'High', 'Low', 'Low', 4),
  (10849, 10849, 5849, 'MEDIUM', FALSE, 113.47, 107.61, 55.31, 87.92, 97.23, 92.31, 11, 0, 'Baseline', 12, 'Medium', 1, 'Low', 'Low', 'High', 12),
  (10850, 10850, 5850, 'LOW', FALSE, 79.11, 95.05, 106.7, 82.87, 93.28, 91.4, 11, 0, 'Re-screen', 7, 'Low', 0, 'Low', 'Low', 'High', 13),
  (10851, 10851, 5851, 'LOW', FALSE, 96.53, 128.95, 91.22, 83.74, 102.39, 100.57, 11, 0, 'Baseline', 0, 'Low', 0, 'Low', 'Low', 'Low', 1),
  (10852, 10852, 5852, 'HIGH', TRUE, 102.29, 68.75, 120.99, 98.39, 87.15, 95.52, 11, 0, 'Follow-up', 26, 'High', 0, 'High', 'Moderate', 'High', 11),
  (10853, 10853, 5853, 'MEDIUM', FALSE, 90.89, 87.57, 91.51, 104.46, 94.23, 93.73, 11, 0, 'Follow-up', 22, 'Medium', 2, 'Moderate', 'Moderate', 'Low', 8),
  (10854, 10854, 5854, 'MEDIUM', FALSE, 102.84, 81.36, 119.19, 83.77, 119.21, 101.27, 11, 0, 'Follow-up', 5, 'Low', 1, 'Low', 'Low', 'Low', 6),
  (10855, 10855, 5855, 'LOW', FALSE, 81.41, 89.79, 99.12, 102.44, 60.05, 86.56, 11, 0, 'Follow-up', 0, 'Low', 0, 'Low', 'Low', 'Low', 2),
  (10856, 10856, 5856, 'MEDIUM', FALSE, 55.64, 69.29, 96.63, 81.15, 112.81, 83.1, 11, 0, 'Follow-up', 18, 'Medium', 2, 'Low', 'High', 'Low', 7),
  (10857, 10857, 5857, 'MEDIUM', FALSE, 103.29, 95.35, 99.71, 71.99, 85.12, 91.09, 11, 0, 'Re-screen', 10, 'Low', 2, 'Low', 'Low', 'Low', 1),
  (10858, 10858, 5858, 'MEDIUM', FALSE, 121.44, 107.67, 103.66, 130.0, 100.97, 112.75, 11, 0, 'Follow-up', 9, 'Low', 1, 'Low', 'Moderate', 'Low', 7),
  (10859, 10859, 5859, 'MEDIUM', FALSE, 85.04, 89.5, 96.69, 68.18, 100.58, 88.0, 11, 0, 'Baseline', 5, 'Low', 1, 'Low', 'Low', 'Low', 0),
  (10860, 10860, 5860, 'LOW', FALSE, 86.43, 87.9, 94.5, 97.95, 109.45, 95.25, 11, 0, 'Baseline', 0, 'Low', 0, 'Low', 'Low', 'Low', 0),
  (10861, 10861, 5861, 'MEDIUM', FALSE, 108.69, 75.1, 112.81, 86.35, 67.63, 90.12, 11, 0, 'Baseline', 13, 'Medium', 1, 'Moderate', 'Low', 'Low', 4),
  (10862, 10862, 5862, 'LOW', FALSE, 73.88, 93.05, 91.84, 90.15, 121.6, 94.11, 11, 0, 'Baseline', 0, 'Low', 0, 'Low', 'Low', 'Low', 14),
  (10863, 10863, 5863, 'MEDIUM', FALSE, 106.29, 96.47, 88.99, 83.14, 96.36, 94.25, 11, 0, 'Baseline', 10, 'Low', 2, 'Low', 'Low', 'Low', 9),
  (10864, 10864, 5864, 'MEDIUM', FALSE, 90.51, 99.23, 124.08, 114.02, 81.46, 101.86, 11, 0, 'Baseline', 5, 'Low', 1, 'Low', 'Low', 'Low', 10),
  (10865, 10865, 5865, 'LOW', FALSE, 116.99, 116.49, 70.66, 93.68, 76.5, 94.86, 11, 0, 'Baseline', 0, 'Low', 0, 'Low', 'Low', 'Low', 12),
  (10866, 10866, 5866, 'MEDIUM', FALSE, 92.46, 87.38, 94.46, 94.12, 99.33, 93.55, 11, 0, 'Baseline', 12, 'Medium', 1, 'Low', 'Low', 'High', 9),
  (10867, 10867, 5867, 'MEDIUM', FALSE, 130.0, 86.95, 86.71, 126.94, 125.36, 111.19, 11, 0, 'Baseline', 5, 'Low', 1, 'Low', 'Low', 'Low', 0),
  (10868, 10868, 5868, 'MEDIUM', FALSE, 85.43, 93.59, 91.86, 106.99, 115.3, 98.64, 11, 0, 'Follow-up', 22, 'Medium', 0, 'High', 'Low', 'High', 0),
  (10869, 10869, 5869, 'LOW', FALSE, 96.23, 85.79, 87.92, 97.45, 100.89, 93.65, 11, 0, 'Baseline', 0, 'Low', 0, 'Low', 'Low', 'Low', 11),
  (10870, 10870, 5870, 'LOW', FALSE, 87.89, 105.05, 82.94, 87.08, 88.66, 90.32, 11, 0, 'Baseline', 0, 'Low', 0, 'Low', 'Low', 'Low', 2),
  (10871, 10871, 5871, 'MEDIUM', FALSE, 90.28, 98.23, 83.79, 98.53, 95.05, 93.18, 11, 0, 'Baseline', 13, 'Medium', 1, 'Moderate', 'Low', 'Low', 11),
  (10872, 10872, 5872, 'MEDIUM', FALSE, 80.14, 106.83, 84.72, 95.25, 79.16, 89.22, 11, 0, 'Follow-up', 13, 'Medium', 1, 'Moderate', 'Low', 'Low', 6),
  (10873, 10873, 5873, 'LOW', FALSE, 81.61, 90.91, 98.63, 130.0, 106.93, 101.62, 11, 0, 'Baseline', 0, 'Low', 0, 'Low', 'Low', 'Low', 12),
  (10874, 10874, 5874, 'HIGH', TRUE, 91.95, 92.09, 79.5, 66.91, 104.86, 87.06, 11, 0, 'Follow-up', 23, 'Medium', 3, 'Moderate', 'Low', 'Low', 13),
  (10875, 10875, 5875, 'MEDIUM', FALSE, 112.21, 100.9, 107.1, 92.65, 91.68, 100.91, 11, 0, 'Baseline', 5, 'Low', 1, 'Low', 'Low', 'Low', 2),
  (10876, 10876, 5876, 'MEDIUM', FALSE, 88.09, 79.63, 126.57, 103.0, 102.84, 100.03, 11, 0, 'Follow-up', 5, 'Low', 1, 'Low', 'Low', 'Low', 11),
  (10877, 10877, 5877, 'LOW', FALSE, 106.86, 113.86, 84.92, 105.34, 84.09, 99.01, 11, 0, 'Follow-up', 8, 'Low', 0, 'Moderate', 'Low', 'Low', 10),
  (10878, 10878, 5878, 'MEDIUM', FALSE, 108.89, 112.9, 124.73, 87.02, 98.33, 106.37, 11, 0, 'Baseline', 5, 'Low', 1, 'Low', 'Low', 'Low', 5),
  (10879, 10879, 5879, 'MEDIUM', FALSE, 96.77, 81.88, 99.34, 56.92, 94.09, 85.8, 11, 0, 'Baseline', 9, 'Low', 1, 'Low', 'Moderate', 'Low', 3),
  (10880, 10880, 5880, 'MEDIUM', FALSE, 73.92, 96.19, 107.67, 97.71, 97.61, 94.62, 11, 0, 'Follow-up', 5, 'Low', 1, 'Low', 'Low', 'Low', 0),
  (10881, 10881, 5881, 'LOW', FALSE, 97.4, 129.85, 89.08, 116.44, 63.54, 99.26, 11, 0, 'Baseline', 7, 'Low', 0, 'Low', 'Low', 'High', 4),
  (10882, 10882, 5882, 'MEDIUM', FALSE, 94.25, 85.45, 65.18, 85.13, 94.3, 84.86, 11, 0, 'Baseline', 5, 'Low', 1, 'Low', 'Low', 'Low', 5),
  (10883, 10883, 5883, 'MEDIUM', FALSE, 94.74, 93.53, 106.21, 106.81, 74.09, 95.07, 11, 0, 'Baseline', 5, 'Low', 1, 'Low', 'Low', 'Low', 11),
  (10884, 10884, 5884, 'MEDIUM', FALSE, 76.0, 85.8, 74.58, 95.31, 109.14, 88.16, 11, 0, 'Follow-up', 20, 'Medium', 1, 'High', 'Low', 'Low', 10),
  (10885, 10885, 5885, 'MEDIUM', FALSE, 106.89, 94.56, 96.16, 90.07, 106.29, 98.79, 11, 0, 'Baseline', 12, 'Medium', 1, 'Low', 'Low', 'High', 9),
  (10886, 10886, 5886, 'MEDIUM', FALSE, 96.45, 108.44, 77.34, 63.33, 73.89, 83.89, 11, 0, 'Baseline', 13, 'Medium', 1, 'Moderate', 'Low', 'Low', 11),
  (10887, 10887, 5887, 'LOW', FALSE, 89.95, 95.21, 103.97, 91.6, 94.51, 95.05, 11, 0, 'Follow-up', 0, 'Low', 0, 'Low', 'Low', 'Low', 4),
  (10888, 10888, 5888, 'MEDIUM', FALSE, 119.86, 106.23, 86.42, 72.3, 94.73, 95.91, 11, 0, 'Re-screen', 15, 'Medium', 0, 'Low', 'High', 'High', 3),
  (10889, 10889, 5889, 'MEDIUM', FALSE, 109.58, 80.78, 83.04, 96.81, 100.77, 94.2, 11, 0, 'Follow-up', 16, 'Medium', 0, 'Moderate', 'High', 'Low', 4),
  (10890, 10890, 5890, 'LOW', FALSE, 84.57, 88.0, 76.4, 72.04, 89.25, 82.05, 11, 0, 'Baseline', 0, 'Low', 0, 'Low', 'Low', 'Low', 14),
  (10891, 10891, 5891, 'MEDIUM', FALSE, 111.18, 109.37, 89.24, 105.61, 57.21, 94.52, 11, 0, 'Baseline', 17, 'Medium', 1, 'Moderate', 'Moderate', 'Low', 12),
  (10892, 10892, 5892, 'MEDIUM', FALSE, 92.19, 88.75, 115.77, 87.5, 93.99, 95.64, 11, 0, 'Baseline', 5, 'Low', 1, 'Low', 'Low', 'Low', 11),
  (10893, 10893, 5893, 'MEDIUM', FALSE, 91.83, 113.26, 89.92, 88.61, 97.52, 96.23, 11, 0, 'Baseline', 5, 'Low', 1, 'Low', 'Low', 'Low', 3),
  (10894, 10894, 5894, 'MEDIUM', FALSE, 97.72, 99.08, 113.79, 79.8, 97.05, 97.49, 11, 0, 'Follow-up', 5, 'Low', 1, 'Low', 'Low', 'Low', 4),
  (10895, 10895, 5895, 'MEDIUM', FALSE, 106.45, 79.93, 96.1, 97.43, 98.87, 95.75, 11, 0, 'Baseline', 5, 'Low', 1, 'Low', 'Low', 'Low', 6),
  (10896, 10896, 5896, 'MEDIUM', FALSE, 95.13, 109.14, 76.54, 74.46, 100.01, 91.06, 11, 0, 'Baseline', 10, 'Low', 2, 'Low', 'Low', 'Low', 13),
  (10897, 10897, 5897, 'LOW', FALSE, 89.83, 89.79, 94.67, 84.18, 89.83, 89.66, 11, 0, 'Baseline', 0, 'Low', 0, 'Low', 'Low', 'Low', 9),
  (10898, 10898, 5898, 'MEDIUM', FALSE, 75.67, 116.42, 99.75, 97.3, 99.42, 97.71, 11, 0, 'Baseline', 12, 'Medium', 1, 'Low', 'Low', 'High', 4),
  (10899, 10899, 5899, 'MEDIUM', FALSE, 101.5, 107.97, 116.18, 81.45, 103.73, 102.17, 11, 0, 'Baseline', 5, 'Low', 1, 'Low', 'Low', 'Low', 8)
ON CONFLICT (id) DO NOTHING;

INSERT INTO screening_sessions (id, child_id, assessment_date, child_age_months, status) VALUES
  (10900, 5900, '2023-01-14', 38, 'completed'),
  (10901, 5901, '2021-02-14', 56, 'completed'),
  (10902, 5902, '2021-05-22', 7, 'completed'),
  (10903, 5903, '2023-06-25', 48, 'completed'),
  (10904, 5904, '2020-01-03', 52, 'completed'),
  (10905, 5905, '2021-09-23', 52, 'completed'),
  (10906, 5906, '2020-02-11', 36, 'completed'),
  (10907, 5907, '2024-11-27', 55, 'completed'),
  (10908, 5908, '2021-04-10', 66, 'completed'),
  (10909, 5909, '2021-02-06', 18, 'completed'),
  (10910, 5910, '2021-02-07', 11, 'completed'),
  (10911, 5911, '2021-07-21', 65, 'completed'),
  (10912, 5912, '2022-07-24', 1, 'completed'),
  (10913, 5913, '2025-04-04', 33, 'completed'),
  (10914, 5914, '2021-08-20', 2, 'completed'),
  (10915, 5915, '2021-01-06', 2, 'completed'),
  (10916, 5916, '2021-01-14', 43, 'completed'),
  (10917, 5917, '2024-02-27', 22, 'completed'),
  (10918, 5918, '2023-07-18', 37, 'completed'),
  (10919, 5919, '2025-06-11', 70, 'completed'),
  (10920, 5920, '2022-12-25', 68, 'completed'),
  (10921, 5921, '2024-05-19', 66, 'completed'),
  (10922, 5922, '2020-12-26', 61, 'completed'),
  (10923, 5923, '2023-05-25', 51, 'completed'),
  (10924, 5924, '2024-04-18', 34, 'completed'),
  (10925, 5925, '2024-07-04', 68, 'completed'),
  (10926, 5926, '2021-10-14', 8, 'completed'),
  (10927, 5927, '2022-10-19', 39, 'completed'),
  (10928, 5928, '2024-04-06', 71, 'completed'),
  (10929, 5929, '2024-02-03', 17, 'completed'),
  (10930, 5930, '2020-11-22', 54, 'completed'),
  (10931, 5931, '2022-03-24', 50, 'completed'),
  (10932, 5932, '2025-05-30', 8, 'completed'),
  (10933, 5933, '2022-06-20', 35, 'completed'),
  (10934, 5934, '2025-01-10', 38, 'completed'),
  (10935, 5935, '2024-07-10', 33, 'completed'),
  (10936, 5936, '2021-05-19', 30, 'completed'),
  (10937, 5937, '2025-04-12', 51, 'completed'),
  (10938, 5938, '2022-09-27', 15, 'completed'),
  (10939, 5939, '2022-12-24', 26, 'completed'),
  (10940, 5940, '2024-11-06', 43, 'completed'),
  (10941, 5941, '2022-06-24', 38, 'completed'),
  (10942, 5942, '2020-07-29', 32, 'completed'),
  (10943, 5943, '2024-10-14', 68, 'completed'),
  (10944, 5944, '2022-04-09', 59, 'completed'),
  (10945, 5945, '2020-12-06', 55, 'completed'),
  (10946, 5946, '2020-07-08', 59, 'completed'),
  (10947, 5947, '2024-05-29', 56, 'completed'),
  (10948, 5948, '2022-04-21', 52, 'completed'),
  (10949, 5949, '2023-09-01', 39, 'completed'),
  (10950, 5950, '2022-09-14', 12, 'completed'),
  (10951, 5951, '2022-11-18', 21, 'completed'),
  (10952, 5952, '2023-02-21', 22, 'completed'),
  (10953, 5953, '2024-08-16', 13, 'completed'),
  (10954, 5954, '2022-12-20', 26, 'completed'),
  (10955, 5955, '2024-06-28', 17, 'completed'),
  (10956, 5956, '2020-07-06', 13, 'completed'),
  (10957, 5957, '2022-10-18', 69, 'completed'),
  (10958, 5958, '2021-02-01', 51, 'completed'),
  (10959, 5959, '2024-11-22', 29, 'completed'),
  (10960, 5960, '2025-04-30', 7, 'completed'),
  (10961, 5961, '2022-02-01', 36, 'completed'),
  (10962, 5962, '2021-04-18', 36, 'completed'),
  (10963, 5963, '2025-03-22', 64, 'completed'),
  (10964, 5964, '2021-01-30', 43, 'completed'),
  (10965, 5965, '2021-05-16', 32, 'completed'),
  (10966, 5966, '2021-09-10', 20, 'completed'),
  (10967, 5967, '2021-05-21', 17, 'completed'),
  (10968, 5968, '2024-04-26', 47, 'completed'),
  (10969, 5969, '2020-12-21', 53, 'completed'),
  (10970, 5970, '2021-06-22', 26, 'completed'),
  (10971, 5971, '2021-05-28', 47, 'completed'),
  (10972, 5972, '2024-01-12', 21, 'completed'),
  (10973, 5973, '2024-12-02', 68, 'completed'),
  (10974, 5974, '2022-12-30', 9, 'completed'),
  (10975, 5975, '2021-08-01', 4, 'completed'),
  (10976, 5976, '2024-08-08', 58, 'completed'),
  (10977, 5977, '2022-02-13', 68, 'completed'),
  (10978, 5978, '2020-01-23', 23, 'completed'),
  (10979, 5979, '2020-02-09', 71, 'completed'),
  (10980, 5980, '2020-09-21', 18, 'completed'),
  (10981, 5981, '2023-06-24', 34, 'completed'),
  (10982, 5982, '2021-05-05', 29, 'completed'),
  (10983, 5983, '2023-04-06', 6, 'completed'),
  (10984, 5984, '2021-03-28', 42, 'completed'),
  (10985, 5985, '2021-10-16', 44, 'completed'),
  (10986, 5986, '2021-08-19', 34, 'completed'),
  (10987, 5987, '2020-10-16', 6, 'completed'),
  (10988, 5988, '2023-11-09', 44, 'completed'),
  (10989, 5989, '2021-10-24', 28, 'completed'),
  (10990, 5990, '2022-08-30', 31, 'completed'),
  (10991, 5991, '2023-05-07', 12, 'completed'),
  (10992, 5992, '2024-05-14', 50, 'completed'),
  (10993, 5993, '2023-05-22', 65, 'completed'),
  (10994, 5994, '2023-02-19', 15, 'completed'),
  (10995, 5995, '2024-09-29', 26, 'completed'),
  (10996, 5996, '2022-04-15', 50, 'completed'),
  (10997, 5997, '2020-03-01', 8, 'completed'),
  (10998, 5998, '2023-09-28', 24, 'completed'),
  (10999, 5999, '2022-06-01', 19, 'completed')
ON CONFLICT (id) DO NOTHING;

INSERT INTO screening_results (id, session_id, child_id, overall_risk, referral_needed, gm_dq, fm_dq, lc_dq, cog_dq, se_dq, composite_dq, tools_completed, tools_skipped, assessment_cycle, baseline_score, baseline_category, num_delays, autism_risk, adhd_risk, behavior_risk, behavior_score) VALUES
  (10900, 10900, 5900, 'LOW', FALSE, 84.93, 101.51, 88.52, 95.07, 80.35, 90.08, 11, 0, 'Baseline', 0, 'Low', 0, 'Low', 'Low', 'Low', 12),
  (10901, 10901, 5901, 'MEDIUM', FALSE, 112.0, 90.42, 55.13, 96.73, 98.46, 90.55, 11, 0, 'Baseline', 5, 'Low', 1, 'Low', 'Low', 'Low', 11),
  (10902, 10902, 5902, 'LOW', FALSE, 110.04, 109.55, 104.87, 90.13, 83.02, 99.52, 11, 0, 'Follow-up', 4, 'Low', 0, 'Low', 'Moderate', 'Low', 12),
  (10903, 10903, 5903, 'LOW', FALSE, 83.64, 105.59, 127.95, 98.52, 119.35, 107.01, 11, 0, 'Re-screen', 8, 'Low', 0, 'Moderate', 'Low', 'Low', 12),
  (10904, 10904, 5904, 'LOW', FALSE, 97.25, 84.27, 109.35, 120.11, 99.08, 102.01, 11, 0, 'Re-screen', 0, 'Low', 0, 'Low', 'Low', 'Low', 6),
  (10905, 10905, 5905, 'MEDIUM', FALSE, 95.71, 97.49, 103.23, 112.66, 114.82, 104.78, 11, 0, 'Follow-up', 15, 'Medium', 0, 'High', 'Low', 'Low', 8),
  (10906, 10906, 5906, 'MEDIUM', FALSE, 95.09, 100.04, 105.05, 67.23, 106.33, 94.75, 11, 0, 'Follow-up', 5, 'Low', 1, 'Low', 'Low', 'Low', 9),
  (10907, 10907, 5907, 'MEDIUM', FALSE, 102.95, 87.03, 96.96, 83.36, 103.17, 94.7, 11, 0, 'Follow-up', 13, 'Medium', 1, 'Moderate', 'Low', 'Low', 13),
  (10908, 10908, 5908, 'MEDIUM', FALSE, 114.99, 106.25, 109.68, 73.11, 111.13, 103.03, 11, 0, 'Follow-up', 5, 'Low', 1, 'Low', 'Low', 'Low', 12),
  (10909, 10909, 5909, 'MEDIUM', FALSE, 109.88, 82.01, 126.24, 50.0, 97.89, 93.2, 11, 0, 'Baseline', 13, 'Medium', 1, 'Moderate', 'Low', 'Low', 10),
  (10910, 10910, 5910, 'MEDIUM', FALSE, 119.47, 96.15, 87.32, 70.48, 111.97, 97.08, 11, 0, 'Baseline', 5, 'Low', 1, 'Low', 'Low', 'Low', 7),
  (10911, 10911, 5911, 'MEDIUM', FALSE, 89.87, 89.78, 85.26, 77.55, 75.89, 83.67, 11, 0, 'Baseline', 5, 'Low', 1, 'Low', 'Low', 'Low', 13),
  (10912, 10912, 5912, 'LOW', FALSE, 72.02, 106.78, 104.74, 106.93, 104.66, 99.03, 11, 0, 'Follow-up', 0, 'Low', 0, 'Low', 'Low', 'Low', 11),
  (10913, 10913, 5913, 'LOW', FALSE, 81.37, 101.01, 97.27, 109.56, 92.0, 96.24, 11, 0, 'Re-screen', 0, 'Low', 0, 'Low', 'Low', 'Low', 7),
  (10914, 10914, 5914, 'MEDIUM', FALSE, 102.47, 106.76, 86.12, 92.8, 79.53, 93.54, 11, 0, 'Baseline', 17, 'Medium', 2, 'Low', 'Low', 'High', 2),
  (10915, 10915, 5915, 'MEDIUM', FALSE, 84.62, 90.23, 124.88, 99.37, 107.6, 101.34, 11, 0, 'Baseline', 10, 'Low', 2, 'Low', 'Low', 'Low', 7),
  (10916, 10916, 5916, 'LOW', FALSE, 87.83, 99.86, 95.1, 97.72, 82.1, 92.52, 11, 0, 'Follow-up', 7, 'Low', 0, 'Low', 'Low', 'High', 7),
  (10917, 10917, 5917, 'MEDIUM', FALSE, 111.92, 91.01, 77.31, 116.36, 91.61, 97.64, 11, 0, 'Follow-up', 20, 'Medium', 1, 'Low', 'High', 'High', 14),
  (10918, 10918, 5918, 'LOW', FALSE, 91.42, 119.08, 96.13, 101.75, 122.28, 106.13, 11, 0, 'Baseline', 0, 'Low', 0, 'Low', 'Low', 'Low', 3),
  (10919, 10919, 5919, 'LOW', FALSE, 86.29, 76.83, 128.6, 88.6, 93.74, 94.81, 11, 0, 'Follow-up', 7, 'Low', 0, 'Low', 'Low', 'High', 7),
  (10920, 10920, 5920, 'LOW', FALSE, 86.09, 100.38, 74.53, 80.93, 79.5, 84.29, 11, 0, 'Re-screen', 8, 'Low', 0, 'Moderate', 'Low', 'Low', 6),
  (10921, 10921, 5921, 'MEDIUM', FALSE, 94.61, 119.24, 99.34, 130.0, 98.1, 108.26, 11, 0, 'Follow-up', 18, 'Medium', 2, 'Low', 'High', 'Low', 11),
  (10922, 10922, 5922, 'LOW', FALSE, 97.44, 89.39, 85.98, 109.01, 100.25, 96.41, 11, 0, 'Baseline', 0, 'Low', 0, 'Low', 'Low', 'Low', 5),
  (10923, 10923, 5923, 'LOW', FALSE, 106.6, 114.73, 114.18, 106.87, 77.59, 103.99, 11, 0, 'Baseline', 0, 'Low', 0, 'Low', 'Low', 'Low', 5),
  (10924, 10924, 5924, 'LOW', FALSE, 86.26, 91.63, 80.01, 99.58, 104.24, 92.34, 11, 0, 'Follow-up', 8, 'Low', 0, 'Moderate', 'Low', 'Low', 12),
  (10925, 10925, 5925, 'LOW', FALSE, 82.6, 111.27, 93.95, 102.16, 94.24, 96.84, 11, 0, 'Baseline', 0, 'Low', 0, 'Low', 'Low', 'Low', 1),
  (10926, 10926, 5926, 'MEDIUM', FALSE, 96.95, 99.09, 104.72, 116.69, 88.91, 101.27, 11, 0, 'Baseline', 15, 'Medium', 0, 'High', 'Low', 'Low', 5),
  (10927, 10927, 5927, 'MEDIUM', FALSE, 93.02, 114.07, 88.84, 118.41, 84.26, 99.72, 11, 0, 'Baseline', 11, 'Medium', 0, 'Low', 'Moderate', 'High', 5),
  (10928, 10928, 5928, 'LOW', FALSE, 93.96, 84.94, 100.51, 86.58, 95.09, 92.22, 11, 0, 'Baseline', 7, 'Low', 0, 'Low', 'Low', 'High', 12),
  (10929, 10929, 5929, 'LOW', FALSE, 77.64, 81.17, 88.44, 110.15, 96.87, 90.85, 11, 0, 'Baseline', 0, 'Low', 0, 'Low', 'Low', 'Low', 12),
  (10930, 10930, 5930, 'MEDIUM', FALSE, 65.92, 92.59, 71.15, 110.76, 75.57, 83.2, 11, 0, 'Follow-up', 5, 'Low', 1, 'Low', 'Low', 'Low', 0),
  (10931, 10931, 5931, 'MEDIUM', FALSE, 114.3, 94.24, 102.1, 97.8, 73.1, 96.31, 11, 0, 'Baseline', 5, 'Low', 1, 'Low', 'Low', 'Low', 2),
  (10932, 10932, 5932, 'MEDIUM', FALSE, 94.44, 59.87, 111.06, 70.72, 89.35, 85.09, 11, 0, 'Re-screen', 10, 'Low', 2, 'Low', 'Low', 'Low', 4),
  (10933, 10933, 5933, 'LOW', FALSE, 90.76, 75.97, 88.65, 72.63, 74.81, 80.56, 11, 0, 'Follow-up', 0, 'Low', 0, 'Low', 'Low', 'Low', 8),
  (10934, 10934, 5934, 'MEDIUM', FALSE, 92.57, 77.71, 127.54, 98.01, 74.37, 94.04, 11, 0, 'Follow-up', 10, 'Low', 2, 'Low', 'Low', 'Low', 3),
  (10935, 10935, 5935, 'LOW', FALSE, 107.32, 112.22, 128.25, 94.39, 82.6, 104.96, 11, 0, 'Follow-up', 8, 'Low', 0, 'Moderate', 'Low', 'Low', 6),
  (10936, 10936, 5936, 'LOW', FALSE, 107.98, 103.44, 122.02, 112.25, 94.36, 108.01, 11, 0, 'Baseline', 4, 'Low', 0, 'Low', 'Moderate', 'Low', 14),
  (10937, 10937, 5937, 'MEDIUM', FALSE, 99.04, 113.04, 80.91, 112.66, 90.99, 99.33, 11, 0, 'Baseline', 5, 'Low', 1, 'Low', 'Low', 'Low', 14),
  (10938, 10938, 5938, 'LOW', FALSE, 122.04, 96.21, 80.36, 94.51, 99.91, 98.61, 11, 0, 'Baseline', 0, 'Low', 0, 'Low', 'Low', 'Low', 8),
  (10939, 10939, 5939, 'LOW', FALSE, 73.27, 91.13, 82.54, 97.63, 85.59, 86.03, 11, 0, 'Follow-up', 0, 'Low', 0, 'Low', 'Low', 'Low', 8),
  (10940, 10940, 5940, 'MEDIUM', FALSE, 110.78, 88.9, 106.04, 71.34, 94.02, 94.22, 11, 0, 'Follow-up', 16, 'Medium', 1, 'Low', 'Moderate', 'High', 3),
  (10941, 10941, 5941, 'MEDIUM', FALSE, 95.4, 102.84, 97.17, 87.9, 114.21, 99.5, 11, 0, 'Follow-up', 12, 'Medium', 1, 'Low', 'Low', 'High', 6),
  (10942, 10942, 5942, 'LOW', FALSE, 87.86, 93.84, 99.78, 96.13, 105.37, 96.6, 11, 0, 'Baseline', 8, 'Low', 0, 'Moderate', 'Low', 'Low', 4),
  (10943, 10943, 5943, 'MEDIUM', FALSE, 109.24, 84.08, 86.03, 120.99, 89.61, 97.99, 11, 0, 'Follow-up', 5, 'Low', 1, 'Low', 'Low', 'Low', 5),
  (10944, 10944, 5944, 'MEDIUM', FALSE, 74.87, 103.46, 85.42, 92.65, 76.91, 86.66, 11, 0, 'Re-screen', 9, 'Low', 1, 'Low', 'Moderate', 'Low', 3),
  (10945, 10945, 5945, 'LOW', FALSE, 97.46, 76.52, 97.46, 101.71, 115.97, 97.82, 11, 0, 'Baseline', 4, 'Low', 0, 'Low', 'Moderate', 'Low', 0),
  (10946, 10946, 5946, 'MEDIUM', FALSE, 89.15, 91.84, 128.21, 107.23, 96.61, 102.61, 11, 0, 'Baseline', 12, 'Medium', 0, 'Moderate', 'Moderate', 'Low', 12),
  (10947, 10947, 5947, 'LOW', FALSE, 97.57, 74.09, 109.8, 99.07, 119.36, 99.98, 11, 0, 'Baseline', 0, 'Low', 0, 'Low', 'Low', 'Low', 7),
  (10948, 10948, 5948, 'MEDIUM', FALSE, 104.98, 79.32, 89.03, 124.6, 87.23, 97.03, 11, 0, 'Baseline', 15, 'Medium', 0, 'Moderate', 'Low', 'High', 7),
  (10949, 10949, 5949, 'MEDIUM', FALSE, 102.63, 112.93, 106.32, 107.8, 80.01, 101.94, 11, 0, 'Baseline', 12, 'Medium', 1, 'Low', 'Low', 'High', 5),
  (10950, 10950, 5950, 'MEDIUM', FALSE, 104.31, 86.97, 65.19, 86.26, 100.69, 88.68, 11, 0, 'Baseline', 9, 'Low', 1, 'Low', 'Moderate', 'Low', 9),
  (10951, 10951, 5951, 'MEDIUM', FALSE, 95.06, 104.91, 101.65, 120.55, 101.41, 104.71, 11, 0, 'Follow-up', 25, 'Medium', 2, 'High', 'Low', 'Low', 5),
  (10952, 10952, 5952, 'MEDIUM', FALSE, 89.94, 81.52, 92.3, 87.31, 90.67, 88.35, 11, 0, 'Baseline', 5, 'Low', 1, 'Low', 'Low', 'Low', 2),
  (10953, 10953, 5953, 'MEDIUM', FALSE, 90.1, 115.69, 80.91, 78.58, 71.52, 87.36, 11, 0, 'Follow-up', 10, 'Low', 2, 'Low', 'Low', 'Low', 1),
  (10954, 10954, 5954, 'LOW', FALSE, 90.74, 103.41, 90.31, 95.78, 97.28, 95.5, 11, 0, 'Baseline', 4, 'Low', 0, 'Low', 'Moderate', 'Low', 12),
  (10955, 10955, 5955, 'MEDIUM', FALSE, 100.76, 100.23, 113.27, 76.32, 105.45, 99.21, 11, 0, 'Follow-up', 11, 'Medium', 0, 'Low', 'Moderate', 'High', 7),
  (10956, 10956, 5956, 'MEDIUM', FALSE, 86.47, 78.26, 95.37, 115.22, 95.97, 94.26, 11, 0, 'Baseline', 13, 'Medium', 1, 'Moderate', 'Low', 'Low', 10),
  (10957, 10957, 5957, 'MEDIUM', FALSE, 101.32, 102.96, 88.45, 93.58, 96.6, 96.58, 11, 0, 'Follow-up', 5, 'Low', 1, 'Low', 'Low', 'Low', 5),
  (10958, 10958, 5958, 'LOW', FALSE, 102.7, 92.75, 112.5, 94.17, 104.44, 101.31, 11, 0, 'Baseline', 0, 'Low', 0, 'Low', 'Low', 'Low', 5),
  (10959, 10959, 5959, 'MEDIUM', FALSE, 99.99, 72.26, 106.56, 102.62, 108.38, 97.96, 11, 0, 'Follow-up', 12, 'Medium', 1, 'Low', 'Low', 'High', 3),
  (10960, 10960, 5960, 'MEDIUM', FALSE, 82.21, 87.66, 117.27, 112.84, 98.22, 99.64, 11, 0, 'Baseline', 13, 'Medium', 1, 'Moderate', 'Low', 'Low', 10),
  (10961, 10961, 5961, 'MEDIUM', FALSE, 92.14, 94.56, 80.1, 101.37, 113.44, 96.32, 11, 0, 'Baseline', 5, 'Low', 1, 'Low', 'Low', 'Low', 8),
  (10962, 10962, 5962, 'LOW', FALSE, 74.15, 92.66, 71.85, 86.12, 117.78, 88.51, 11, 0, 'Baseline', 0, 'Low', 0, 'Low', 'Low', 'Low', 6),
  (10963, 10963, 5963, 'LOW', FALSE, 94.06, 96.38, 111.19, 92.71, 83.07, 95.48, 11, 0, 'Baseline', 0, 'Low', 0, 'Low', 'Low', 'Low', 1),
  (10964, 10964, 5964, 'LOW', FALSE, 91.3, 102.1, 94.32, 116.38, 80.88, 97.0, 11, 0, 'Baseline', 7, 'Low', 0, 'Low', 'Low', 'High', 4),
  (10965, 10965, 5965, 'LOW', FALSE, 114.72, 96.76, 94.26, 89.99, 87.39, 96.62, 11, 0, 'Baseline', 8, 'Low', 0, 'Moderate', 'Low', 'Low', 13),
  (10966, 10966, 5966, 'LOW', FALSE, 79.73, 71.91, 77.15, 103.04, 116.38, 89.64, 11, 0, 'Follow-up', 4, 'Low', 0, 'Low', 'Moderate', 'Low', 14),
  (10967, 10967, 5967, 'MEDIUM', FALSE, 109.82, 81.82, 92.52, 105.16, 98.45, 97.55, 11, 0, 'Baseline', 20, 'Medium', 1, 'High', 'Low', 'Low', 14),
  (10968, 10968, 5968, 'LOW', FALSE, 98.65, 86.4, 88.49, 93.39, 64.11, 86.21, 11, 0, 'Follow-up', 0, 'Low', 0, 'Low', 'Low', 'Low', 14),
  (10969, 10969, 5969, 'MEDIUM', FALSE, 109.96, 110.18, 102.38, 63.31, 79.78, 93.12, 11, 0, 'Follow-up', 24, 'Medium', 1, 'High', 'Moderate', 'Low', 6),
  (10970, 10970, 5970, 'MEDIUM', FALSE, 96.15, 90.22, 92.84, 71.44, 104.35, 91.0, 11, 0, 'Follow-up', 5, 'Low', 1, 'Low', 'Low', 'Low', 12),
  (10971, 10971, 5971, 'MEDIUM', FALSE, 63.39, 96.34, 113.04, 107.52, 92.58, 94.57, 11, 0, 'Baseline', 10, 'Low', 2, 'Low', 'Low', 'Low', 7),
  (10972, 10972, 5972, 'MEDIUM', FALSE, 104.48, 77.58, 93.38, 96.55, 72.95, 88.99, 11, 0, 'Baseline', 13, 'Medium', 1, 'Moderate', 'Low', 'Low', 11),
  (10973, 10973, 5973, 'MEDIUM', FALSE, 101.47, 123.68, 92.9, 89.22, 118.76, 105.21, 11, 0, 'Follow-up', 5, 'Low', 1, 'Low', 'Low', 'Low', 0),
  (10974, 10974, 5974, 'MEDIUM', FALSE, 103.4, 114.35, 105.86, 65.78, 89.03, 95.69, 11, 0, 'Re-screen', 13, 'Medium', 1, 'Moderate', 'Low', 'Low', 4),
  (10975, 10975, 5975, 'LOW', FALSE, 110.98, 112.21, 97.61, 86.27, 94.36, 100.29, 11, 0, 'Follow-up', 0, 'Low', 0, 'Low', 'Low', 'Low', 1),
  (10976, 10976, 5976, 'LOW', FALSE, 96.18, 97.08, 99.85, 109.88, 89.89, 98.58, 11, 0, 'Baseline', 0, 'Low', 0, 'Low', 'Low', 'Low', 4),
  (10977, 10977, 5977, 'MEDIUM', FALSE, 57.14, 105.66, 116.19, 98.62, 103.24, 96.17, 11, 0, 'Follow-up', 13, 'Medium', 1, 'Moderate', 'Low', 'Low', 10),
  (10978, 10978, 5978, 'MEDIUM', FALSE, 91.35, 88.52, 100.87, 81.74, 78.66, 88.23, 11, 0, 'Re-screen', 10, 'Low', 2, 'Low', 'Low', 'Low', 1),
  (10979, 10979, 5979, 'MEDIUM', FALSE, 116.03, 108.41, 118.01, 94.15, 97.14, 106.75, 11, 0, 'Baseline', 10, 'Low', 2, 'Low', 'Low', 'Low', 6),
  (10980, 10980, 5980, 'LOW', FALSE, 111.43, 79.58, 99.61, 100.68, 96.79, 97.62, 11, 0, 'Follow-up', 0, 'Low', 0, 'Low', 'Low', 'Low', 9),
  (10981, 10981, 5981, 'MEDIUM', FALSE, 121.41, 84.85, 68.25, 100.79, 73.41, 89.74, 11, 0, 'Follow-up', 10, 'Low', 2, 'Low', 'Low', 'Low', 6),
  (10982, 10982, 5982, 'MEDIUM', FALSE, 105.26, 102.8, 111.83, 120.46, 98.95, 107.86, 11, 0, 'Follow-up', 5, 'Low', 1, 'Low', 'Low', 'Low', 4),
  (10983, 10983, 5983, 'MEDIUM', FALSE, 110.62, 120.51, 97.51, 87.65, 120.05, 107.27, 11, 0, 'Follow-up', 13, 'Medium', 1, 'Low', 'High', 'Low', 1),
  (10984, 10984, 5984, 'MEDIUM', FALSE, 113.53, 99.79, 130.0, 97.36, 122.55, 112.65, 11, 0, 'Baseline', 18, 'Medium', 2, 'Moderate', 'Low', 'Low', 9),
  (10985, 10985, 5985, 'MEDIUM', FALSE, 102.27, 85.61, 89.65, 120.57, 93.02, 98.22, 11, 0, 'Baseline', 12, 'Medium', 0, 'Moderate', 'Moderate', 'Low', 4),
  (10986, 10986, 5986, 'MEDIUM', FALSE, 101.87, 100.87, 96.52, 103.77, 79.25, 96.46, 11, 0, 'Baseline', 5, 'Low', 1, 'Low', 'Low', 'Low', 1),
  (10987, 10987, 5987, 'LOW', FALSE, 92.15, 80.92, 124.48, 72.38, 84.58, 90.9, 11, 0, 'Baseline', 4, 'Low', 0, 'Low', 'Moderate', 'Low', 3),
  (10988, 10988, 5988, 'MEDIUM', FALSE, 101.78, 86.31, 104.39, 82.29, 74.05, 89.76, 11, 0, 'Follow-up', 20, 'Medium', 1, 'Moderate', 'Low', 'High', 7),
  (10989, 10989, 5989, 'LOW', FALSE, 73.72, 97.27, 102.38, 97.52, 79.42, 90.06, 11, 0, 'Follow-up', 0, 'Low', 0, 'Low', 'Low', 'Low', 0),
  (10990, 10990, 5990, 'LOW', FALSE, 119.48, 72.36, 98.78, 75.67, 103.31, 93.92, 11, 0, 'Baseline', 0, 'Low', 0, 'Low', 'Low', 'Low', 8),
  (10991, 10991, 5991, 'MEDIUM', FALSE, 108.97, 112.85, 112.24, 106.21, 100.13, 108.08, 11, 0, 'Follow-up', 9, 'Low', 1, 'Low', 'Moderate', 'Low', 7),
  (10992, 10992, 5992, 'LOW', FALSE, 92.45, 81.66, 82.7, 96.19, 98.81, 90.36, 11, 0, 'Baseline', 0, 'Low', 0, 'Low', 'Low', 'Low', 14),
  (10993, 10993, 5993, 'MEDIUM', FALSE, 91.34, 88.73, 91.07, 93.25, 95.09, 91.9, 11, 0, 'Baseline', 10, 'Low', 2, 'Low', 'Low', 'Low', 14),
  (10994, 10994, 5994, 'MEDIUM', FALSE, 108.15, 93.22, 99.45, 104.13, 130.0, 106.99, 11, 0, 'Baseline', 9, 'Low', 1, 'Low', 'Moderate', 'Low', 10),
  (10995, 10995, 5995, 'LOW', FALSE, 88.44, 71.81, 83.29, 82.99, 87.79, 82.86, 11, 0, 'Follow-up', 0, 'Low', 0, 'Low', 'Low', 'Low', 13),
  (10996, 10996, 5996, 'LOW', FALSE, 106.53, 67.06, 125.67, 109.8, 100.92, 102.0, 11, 0, 'Baseline', 0, 'Low', 0, 'Low', 'Low', 'Low', 13),
  (10997, 10997, 5997, 'MEDIUM', FALSE, 120.59, 103.57, 93.18, 97.68, 108.16, 104.63, 11, 0, 'Baseline', 5, 'Low', 1, 'Low', 'Low', 'Low', 9),
  (10998, 10998, 5998, 'LOW', FALSE, 78.62, 130.0, 107.97, 120.3, 73.06, 101.99, 11, 0, 'Follow-up', 8, 'Low', 0, 'Moderate', 'Low', 'Low', 7),
  (10999, 10999, 5999, 'LOW', FALSE, 96.45, 89.69, 96.72, 82.9, 95.24, 92.2, 11, 0, 'Follow-up', 0, 'Low', 0, 'Low', 'Low', 'Low', 10)
ON CONFLICT (id) DO NOTHING;

-- 4. REFERRALS

INSERT INTO referrals (id, child_id, screening_result_id, session_id, referral_triggered, referral_type, referral_reason, referral_status) VALUES
  (10001, 5005, 10005, 10005, TRUE, 'NRC', 'BEHAVIOUR', 'Pending'),
  (10002, 5006, 10006, 10006, TRUE, 'AWW_INTERVENTION', 'GDD', 'Pending'),
  (10003, 5007, 10007, 10007, TRUE, 'NRC', 'ENVIRONMENT', 'Pending'),
  (10004, 5008, 10008, 10008, TRUE, 'PHC', 'BEHAVIOUR', 'Pending'),
  (10005, 5017, 10017, 10017, TRUE, 'NRC', 'DOMAIN_DELAY', 'Under_Treatment'),
  (10006, 5018, 10018, 10018, TRUE, 'PHC', 'DOMAIN_DELAY', 'Completed'),
  (10007, 5020, 10020, 10020, TRUE, 'NRC', 'DOMAIN_DELAY', 'Pending'),
  (10008, 5025, 10025, 10025, TRUE, 'RBSK', 'GDD', 'Completed'),
  (10009, 5031, 10031, 10031, TRUE, 'NRC', 'GDD', 'Pending'),
  (10010, 5034, 10034, 10034, TRUE, 'PARENT_INTERVENTION', 'DOMAIN_DELAY', 'Pending'),
  (10011, 5036, 10036, 10036, TRUE, 'DEIC', 'GDD', 'Pending'),
  (10012, 5037, 10037, 10037, TRUE, 'NRC', 'ENVIRONMENT', 'Completed'),
  (10013, 5039, 10039, 10039, TRUE, 'PHC', 'BEHAVIOUR', 'Completed'),
  (10014, 5054, 10054, 10054, TRUE, 'AWW_INTERVENTION', 'GDD', 'Completed'),
  (10015, 5057, 10057, 10057, TRUE, 'PHC', 'DOMAIN_DELAY', 'Pending'),
  (10016, 5058, 10058, 10058, TRUE, 'AWW_INTERVENTION', 'GDD', 'Pending'),
  (10017, 5061, 10061, 10061, TRUE, 'PARENT_INTERVENTION', 'ADHD', 'Pending'),
  (10018, 5064, 10064, 10064, TRUE, 'DEIC', 'ENVIRONMENT', 'Under_Treatment'),
  (10019, 5067, 10067, 10067, TRUE, 'PARENT_INTERVENTION', 'GDD', 'Completed'),
  (10020, 5068, 10068, 10068, TRUE, 'RBSK', 'DOMAIN_DELAY', 'Pending'),
  (10021, 5074, 10074, 10074, TRUE, 'PHC', 'BEHAVIOUR', 'Completed'),
  (10022, 5078, 10078, 10078, TRUE, 'NRC', 'GDD', 'Pending'),
  (10023, 5080, 10080, 10080, TRUE, 'DEIC', 'BEHAVIOUR', 'Under_Treatment'),
  (10024, 5082, 10082, 10082, TRUE, 'PHC', 'ADHD', 'Pending'),
  (10025, 5084, 10084, 10084, TRUE, 'RBSK', 'ENVIRONMENT', 'Completed'),
  (10026, 5089, 10089, 10089, TRUE, 'RBSK', 'ENVIRONMENT', 'Pending'),
  (10027, 5091, 10091, 10091, TRUE, 'AWW_INTERVENTION', 'BEHAVIOUR', 'Under_Treatment'),
  (10028, 5096, 10096, 10096, TRUE, 'PHC', 'BEHAVIOUR', 'Pending'),
  (10029, 5101, 10101, 10101, TRUE, 'RBSK', 'GDD', 'Pending'),
  (10030, 5104, 10104, 10104, TRUE, 'PHC', 'ADHD', 'Pending'),
  (10031, 5117, 10117, 10117, TRUE, 'RBSK', 'ENVIRONMENT', 'Completed'),
  (10032, 5119, 10119, 10119, TRUE, 'RBSK', 'ADHD', 'Pending'),
  (10033, 5121, 10121, 10121, TRUE, 'PARENT_INTERVENTION', 'DOMAIN_DELAY', 'Under_Treatment'),
  (10034, 5126, 10126, 10126, TRUE, 'RBSK', 'AUTISM', 'Under_Treatment'),
  (10035, 5133, 10133, 10133, TRUE, 'NRC', 'BEHAVIOUR', 'Pending'),
  (10036, 5137, 10137, 10137, TRUE, 'NRC', 'GDD', 'Pending'),
  (10037, 5139, 10139, 10139, TRUE, 'RBSK', 'ADHD', 'Under_Treatment'),
  (10038, 5141, 10141, 10141, TRUE, 'RBSK', 'BEHAVIOUR', 'Pending'),
  (10039, 5144, 10144, 10144, TRUE, 'RBSK', 'GDD', 'Completed'),
  (10040, 5158, 10158, 10158, TRUE, 'NRC', 'DOMAIN_DELAY', 'Completed'),
  (10041, 5159, 10159, 10159, TRUE, 'DEIC', 'ADHD', 'Pending'),
  (10042, 5160, 10160, 10160, TRUE, 'PHC', 'ENVIRONMENT', 'Under_Treatment'),
  (10043, 5161, 10161, 10161, TRUE, 'PHC', 'AUTISM', 'Pending'),
  (10044, 5164, 10164, 10164, TRUE, 'RBSK', 'ENVIRONMENT', 'Completed'),
  (10045, 5165, 10165, 10165, TRUE, 'AWW_INTERVENTION', 'BEHAVIOUR', 'Pending'),
  (10046, 5172, 10172, 10172, TRUE, 'RBSK', 'ADHD', 'Under_Treatment'),
  (10047, 5178, 10178, 10178, TRUE, 'PARENT_INTERVENTION', 'ADHD', 'Under_Treatment'),
  (10048, 5181, 10181, 10181, TRUE, 'DEIC', 'GDD', 'Pending'),
  (10049, 5185, 10185, 10185, TRUE, 'NRC', 'ENVIRONMENT', 'Under_Treatment'),
  (10050, 5191, 10191, 10191, TRUE, 'PHC', 'AUTISM', 'Completed'),
  (10051, 5192, 10192, 10192, TRUE, 'PHC', 'AUTISM', 'Completed'),
  (10052, 5197, 10197, 10197, TRUE, 'DEIC', 'GDD', 'Completed'),
  (10053, 5203, 10203, 10203, TRUE, 'AWW_INTERVENTION', 'DOMAIN_DELAY', 'Under_Treatment'),
  (10054, 5212, 10212, 10212, TRUE, 'AWW_INTERVENTION', 'GDD', 'Pending'),
  (10055, 5215, 10215, 10215, TRUE, 'DEIC', 'ADHD', 'Pending'),
  (10056, 5219, 10219, 10219, TRUE, 'DEIC', 'ADHD', 'Under_Treatment'),
  (10057, 5221, 10221, 10221, TRUE, 'PARENT_INTERVENTION', 'ENVIRONMENT', 'Under_Treatment'),
  (10058, 5225, 10225, 10225, TRUE, 'PARENT_INTERVENTION', 'ADHD', 'Pending'),
  (10059, 5228, 10228, 10228, TRUE, 'DEIC', 'GDD', 'Completed'),
  (10060, 5237, 10237, 10237, TRUE, 'RBSK', 'AUTISM', 'Pending'),
  (10061, 5239, 10239, 10239, TRUE, 'PARENT_INTERVENTION', 'GDD', 'Pending'),
  (10062, 5248, 10248, 10248, TRUE, 'DEIC', 'ENVIRONMENT', 'Pending'),
  (10063, 5249, 10249, 10249, TRUE, 'DEIC', 'ENVIRONMENT', 'Completed'),
  (10064, 5251, 10251, 10251, TRUE, 'AWW_INTERVENTION', 'AUTISM', 'Pending'),
  (10065, 5255, 10255, 10255, TRUE, 'DEIC', 'ADHD', 'Under_Treatment'),
  (10066, 5263, 10263, 10263, TRUE, 'PARENT_INTERVENTION', 'BEHAVIOUR', 'Pending'),
  (10067, 5266, 10266, 10266, TRUE, 'AWW_INTERVENTION', 'AUTISM', 'Pending'),
  (10068, 5267, 10267, 10267, TRUE, 'PARENT_INTERVENTION', 'BEHAVIOUR', 'Completed'),
  (10069, 5268, 10268, 10268, TRUE, 'AWW_INTERVENTION', 'ADHD', 'Pending'),
  (10070, 5278, 10278, 10278, TRUE, 'PHC', 'DOMAIN_DELAY', 'Under_Treatment'),
  (10071, 5291, 10291, 10291, TRUE, 'RBSK', 'GDD', 'Pending'),
  (10072, 5292, 10292, 10292, TRUE, 'PARENT_INTERVENTION', 'ENVIRONMENT', 'Under_Treatment'),
  (10073, 5294, 10294, 10294, TRUE, 'AWW_INTERVENTION', 'AUTISM', 'Pending'),
  (10074, 5295, 10295, 10295, TRUE, 'NRC', 'ADHD', 'Completed'),
  (10075, 5297, 10297, 10297, TRUE, 'NRC', 'BEHAVIOUR', 'Completed'),
  (10076, 5301, 10301, 10301, TRUE, 'AWW_INTERVENTION', 'DOMAIN_DELAY', 'Pending'),
  (10077, 5306, 10306, 10306, TRUE, 'DEIC', 'GDD', 'Under_Treatment'),
  (10078, 5312, 10312, 10312, TRUE, 'PARENT_INTERVENTION', 'ENVIRONMENT', 'Completed'),
  (10079, 5322, 10322, 10322, TRUE, 'PHC', 'ADHD', 'Pending'),
  (10080, 5327, 10327, 10327, TRUE, 'PARENT_INTERVENTION', 'ADHD', 'Pending'),
  (10081, 5331, 10331, 10331, TRUE, 'PARENT_INTERVENTION', 'DOMAIN_DELAY', 'Pending'),
  (10082, 5340, 10340, 10340, TRUE, 'PHC', 'BEHAVIOUR', 'Completed'),
  (10083, 5342, 10342, 10342, TRUE, 'RBSK', 'ENVIRONMENT', 'Pending'),
  (10084, 5344, 10344, 10344, TRUE, 'PHC', 'DOMAIN_DELAY', 'Under_Treatment'),
  (10085, 5345, 10345, 10345, TRUE, 'DEIC', 'BEHAVIOUR', 'Under_Treatment'),
  (10086, 5347, 10347, 10347, TRUE, 'PHC', 'GDD', 'Under_Treatment'),
  (10087, 5348, 10348, 10348, TRUE, 'PARENT_INTERVENTION', 'AUTISM', 'Pending'),
  (10088, 5349, 10349, 10349, TRUE, 'NRC', 'GDD', 'Completed'),
  (10089, 5352, 10352, 10352, TRUE, 'RBSK', 'ENVIRONMENT', 'Pending'),
  (10090, 5355, 10355, 10355, TRUE, 'PARENT_INTERVENTION', 'AUTISM', 'Under_Treatment'),
  (10091, 5362, 10362, 10362, TRUE, 'RBSK', 'ENVIRONMENT', 'Pending'),
  (10092, 5369, 10369, 10369, TRUE, 'AWW_INTERVENTION', 'BEHAVIOUR', 'Completed'),
  (10093, 5372, 10372, 10372, TRUE, 'NRC', 'AUTISM', 'Pending'),
  (10094, 5374, 10374, 10374, TRUE, 'NRC', 'DOMAIN_DELAY', 'Pending'),
  (10095, 5385, 10385, 10385, TRUE, 'AWW_INTERVENTION', 'AUTISM', 'Completed'),
  (10096, 5387, 10387, 10387, TRUE, 'PHC', 'GDD', 'Pending'),
  (10097, 5388, 10388, 10388, TRUE, 'AWW_INTERVENTION', 'AUTISM', 'Pending'),
  (10098, 5390, 10390, 10390, TRUE, 'PHC', 'ENVIRONMENT', 'Under_Treatment'),
  (10099, 5394, 10394, 10394, TRUE, 'PARENT_INTERVENTION', 'GDD', 'Pending'),
  (10100, 5397, 10397, 10397, TRUE, 'PHC', 'GDD', 'Pending')
ON CONFLICT (id) DO NOTHING;

INSERT INTO referrals (id, child_id, screening_result_id, session_id, referral_triggered, referral_type, referral_reason, referral_status) VALUES
  (10101, 5399, 10399, 10399, TRUE, 'PARENT_INTERVENTION', 'ADHD', 'Completed'),
  (10102, 5400, 10400, 10400, TRUE, 'RBSK', 'DOMAIN_DELAY', 'Under_Treatment'),
  (10103, 5404, 10404, 10404, TRUE, 'DEIC', 'GDD', 'Completed'),
  (10104, 5408, 10408, 10408, TRUE, 'PHC', 'GDD', 'Pending'),
  (10105, 5409, 10409, 10409, TRUE, 'AWW_INTERVENTION', 'BEHAVIOUR', 'Pending'),
  (10106, 5411, 10411, 10411, TRUE, 'RBSK', 'DOMAIN_DELAY', 'Completed'),
  (10107, 5414, 10414, 10414, TRUE, 'PARENT_INTERVENTION', 'ADHD', 'Pending'),
  (10108, 5416, 10416, 10416, TRUE, 'PHC', 'BEHAVIOUR', 'Pending'),
  (10109, 5419, 10419, 10419, TRUE, 'RBSK', 'ADHD', 'Pending'),
  (10110, 5426, 10426, 10426, TRUE, 'DEIC', 'GDD', 'Pending'),
  (10111, 5431, 10431, 10431, TRUE, 'PHC', 'ADHD', 'Completed'),
  (10112, 5434, 10434, 10434, TRUE, 'PARENT_INTERVENTION', 'BEHAVIOUR', 'Completed'),
  (10113, 5444, 10444, 10444, TRUE, 'PHC', 'AUTISM', 'Pending'),
  (10114, 5446, 10446, 10446, TRUE, 'PHC', 'AUTISM', 'Completed'),
  (10115, 5447, 10447, 10447, TRUE, 'DEIC', 'ADHD', 'Completed'),
  (10116, 5460, 10460, 10460, TRUE, 'PARENT_INTERVENTION', 'AUTISM', 'Completed'),
  (10117, 5465, 10465, 10465, TRUE, 'PARENT_INTERVENTION', 'GDD', 'Under_Treatment'),
  (10118, 5466, 10466, 10466, TRUE, 'PHC', 'AUTISM', 'Under_Treatment'),
  (10119, 5472, 10472, 10472, TRUE, 'DEIC', 'GDD', 'Pending'),
  (10120, 5474, 10474, 10474, TRUE, 'RBSK', 'AUTISM', 'Pending'),
  (10121, 5477, 10477, 10477, TRUE, 'DEIC', 'BEHAVIOUR', 'Pending'),
  (10122, 5479, 10479, 10479, TRUE, 'NRC', 'ENVIRONMENT', 'Pending'),
  (10123, 5480, 10480, 10480, TRUE, 'RBSK', 'ENVIRONMENT', 'Pending'),
  (10124, 5481, 10481, 10481, TRUE, 'AWW_INTERVENTION', 'GDD', 'Pending'),
  (10125, 5484, 10484, 10484, TRUE, 'PARENT_INTERVENTION', 'GDD', 'Pending'),
  (10126, 5490, 10490, 10490, TRUE, 'RBSK', 'DOMAIN_DELAY', 'Pending'),
  (10127, 5492, 10492, 10492, TRUE, 'NRC', 'ADHD', 'Pending'),
  (10128, 5496, 10496, 10496, TRUE, 'PHC', 'BEHAVIOUR', 'Pending'),
  (10129, 5507, 10507, 10507, TRUE, 'AWW_INTERVENTION', 'ENVIRONMENT', 'Pending'),
  (10130, 5509, 10509, 10509, TRUE, 'AWW_INTERVENTION', 'ADHD', 'Pending'),
  (10131, 5515, 10515, 10515, TRUE, 'PARENT_INTERVENTION', 'GDD', 'Under_Treatment'),
  (10132, 5519, 10519, 10519, TRUE, 'PHC', 'BEHAVIOUR', 'Pending'),
  (10133, 5520, 10520, 10520, TRUE, 'DEIC', 'ENVIRONMENT', 'Pending'),
  (10134, 5531, 10531, 10531, TRUE, 'RBSK', 'DOMAIN_DELAY', 'Completed'),
  (10135, 5532, 10532, 10532, TRUE, 'PARENT_INTERVENTION', 'AUTISM', 'Completed'),
  (10136, 5533, 10533, 10533, TRUE, 'DEIC', 'ADHD', 'Pending'),
  (10137, 5537, 10537, 10537, TRUE, 'PHC', 'BEHAVIOUR', 'Pending'),
  (10138, 5538, 10538, 10538, TRUE, 'PARENT_INTERVENTION', 'ADHD', 'Pending'),
  (10139, 5540, 10540, 10540, TRUE, 'DEIC', 'BEHAVIOUR', 'Under_Treatment'),
  (10140, 5541, 10541, 10541, TRUE, 'PHC', 'AUTISM', 'Pending'),
  (10141, 5542, 10542, 10542, TRUE, 'RBSK', 'ADHD', 'Completed'),
  (10142, 5545, 10545, 10545, TRUE, 'DEIC', 'DOMAIN_DELAY', 'Completed'),
  (10143, 5551, 10551, 10551, TRUE, 'NRC', 'ADHD', 'Completed'),
  (10144, 5557, 10557, 10557, TRUE, 'PARENT_INTERVENTION', 'BEHAVIOUR', 'Pending'),
  (10145, 5564, 10564, 10564, TRUE, 'NRC', 'GDD', 'Completed'),
  (10146, 5567, 10567, 10567, TRUE, 'DEIC', 'BEHAVIOUR', 'Under_Treatment'),
  (10147, 5568, 10568, 10568, TRUE, 'PHC', 'BEHAVIOUR', 'Under_Treatment'),
  (10148, 5574, 10574, 10574, TRUE, 'DEIC', 'DOMAIN_DELAY', 'Pending'),
  (10149, 5578, 10578, 10578, TRUE, 'PARENT_INTERVENTION', 'GDD', 'Pending'),
  (10150, 5582, 10582, 10582, TRUE, 'RBSK', 'AUTISM', 'Pending'),
  (10151, 5585, 10585, 10585, TRUE, 'RBSK', 'DOMAIN_DELAY', 'Pending'),
  (10152, 5587, 10587, 10587, TRUE, 'AWW_INTERVENTION', 'DOMAIN_DELAY', 'Pending'),
  (10153, 5593, 10593, 10593, TRUE, 'PHC', 'ADHD', 'Under_Treatment'),
  (10154, 5602, 10602, 10602, TRUE, 'PARENT_INTERVENTION', 'GDD', 'Completed'),
  (10155, 5609, 10609, 10609, TRUE, 'NRC', 'AUTISM', 'Completed'),
  (10156, 5616, 10616, 10616, TRUE, 'DEIC', 'AUTISM', 'Under_Treatment'),
  (10157, 5621, 10621, 10621, TRUE, 'DEIC', 'DOMAIN_DELAY', 'Pending'),
  (10158, 5623, 10623, 10623, TRUE, 'DEIC', 'GDD', 'Pending'),
  (10159, 5624, 10624, 10624, TRUE, 'PHC', 'ENVIRONMENT', 'Completed'),
  (10160, 5631, 10631, 10631, TRUE, 'AWW_INTERVENTION', 'AUTISM', 'Completed'),
  (10161, 5639, 10639, 10639, TRUE, 'AWW_INTERVENTION', 'AUTISM', 'Completed'),
  (10162, 5653, 10653, 10653, TRUE, 'NRC', 'BEHAVIOUR', 'Completed'),
  (10163, 5654, 10654, 10654, TRUE, 'NRC', 'ADHD', 'Pending'),
  (10164, 5656, 10656, 10656, TRUE, 'PARENT_INTERVENTION', 'AUTISM', 'Pending'),
  (10165, 5658, 10658, 10658, TRUE, 'AWW_INTERVENTION', 'ENVIRONMENT', 'Pending'),
  (10166, 5659, 10659, 10659, TRUE, 'NRC', 'ADHD', 'Pending'),
  (10167, 5664, 10664, 10664, TRUE, 'RBSK', 'DOMAIN_DELAY', 'Completed'),
  (10168, 5667, 10667, 10667, TRUE, 'RBSK', 'ADHD', 'Pending'),
  (10169, 5670, 10670, 10670, TRUE, 'PHC', 'DOMAIN_DELAY', 'Pending'),
  (10170, 5672, 10672, 10672, TRUE, 'NRC', 'GDD', 'Completed'),
  (10171, 5673, 10673, 10673, TRUE, 'DEIC', 'ENVIRONMENT', 'Pending'),
  (10172, 5676, 10676, 10676, TRUE, 'PARENT_INTERVENTION', 'BEHAVIOUR', 'Pending'),
  (10173, 5681, 10681, 10681, TRUE, 'PHC', 'ADHD', 'Pending'),
  (10174, 5683, 10683, 10683, TRUE, 'RBSK', 'BEHAVIOUR', 'Completed'),
  (10175, 5684, 10684, 10684, TRUE, 'NRC', 'ADHD', 'Completed'),
  (10176, 5685, 10685, 10685, TRUE, 'PHC', 'ENVIRONMENT', 'Under_Treatment'),
  (10177, 5686, 10686, 10686, TRUE, 'PARENT_INTERVENTION', 'DOMAIN_DELAY', 'Pending'),
  (10178, 5687, 10687, 10687, TRUE, 'NRC', 'AUTISM', 'Pending'),
  (10179, 5689, 10689, 10689, TRUE, 'DEIC', 'GDD', 'Under_Treatment'),
  (10180, 5690, 10690, 10690, TRUE, 'RBSK', 'AUTISM', 'Pending'),
  (10181, 5693, 10693, 10693, TRUE, 'PARENT_INTERVENTION', 'DOMAIN_DELAY', 'Pending'),
  (10182, 5694, 10694, 10694, TRUE, 'RBSK', 'ADHD', 'Under_Treatment'),
  (10183, 5699, 10699, 10699, TRUE, 'NRC', 'GDD', 'Pending'),
  (10184, 5710, 10710, 10710, TRUE, 'RBSK', 'BEHAVIOUR', 'Pending'),
  (10185, 5713, 10713, 10713, TRUE, 'PARENT_INTERVENTION', 'ADHD', 'Pending'),
  (10186, 5717, 10717, 10717, TRUE, 'DEIC', 'DOMAIN_DELAY', 'Pending'),
  (10187, 5718, 10718, 10718, TRUE, 'AWW_INTERVENTION', 'ENVIRONMENT', 'Pending'),
  (10188, 5721, 10721, 10721, TRUE, 'PARENT_INTERVENTION', 'GDD', 'Completed'),
  (10189, 5724, 10724, 10724, TRUE, 'AWW_INTERVENTION', 'AUTISM', 'Pending'),
  (10190, 5726, 10726, 10726, TRUE, 'DEIC', 'AUTISM', 'Pending'),
  (10191, 5729, 10729, 10729, TRUE, 'AWW_INTERVENTION', 'ADHD', 'Pending'),
  (10192, 5732, 10732, 10732, TRUE, 'PHC', 'ENVIRONMENT', 'Pending'),
  (10193, 5744, 10744, 10744, TRUE, 'AWW_INTERVENTION', 'GDD', 'Completed'),
  (10194, 5747, 10747, 10747, TRUE, 'RBSK', 'ENVIRONMENT', 'Completed'),
  (10195, 5751, 10751, 10751, TRUE, 'AWW_INTERVENTION', 'GDD', 'Pending'),
  (10196, 5761, 10761, 10761, TRUE, 'PHC', 'BEHAVIOUR', 'Pending'),
  (10197, 5763, 10763, 10763, TRUE, 'NRC', 'BEHAVIOUR', 'Pending'),
  (10198, 5766, 10766, 10766, TRUE, 'RBSK', 'ADHD', 'Pending'),
  (10199, 5773, 10773, 10773, TRUE, 'NRC', 'GDD', 'Under_Treatment'),
  (10200, 5779, 10779, 10779, TRUE, 'PHC', 'ENVIRONMENT', 'Under_Treatment')
ON CONFLICT (id) DO NOTHING;

INSERT INTO referrals (id, child_id, screening_result_id, session_id, referral_triggered, referral_type, referral_reason, referral_status) VALUES
  (10201, 5784, 10784, 10784, TRUE, 'AWW_INTERVENTION', 'ADHD', 'Under_Treatment'),
  (10202, 5785, 10785, 10785, TRUE, 'PHC', 'AUTISM', 'Pending'),
  (10203, 5786, 10786, 10786, TRUE, 'PHC', 'ENVIRONMENT', 'Completed'),
  (10204, 5788, 10788, 10788, TRUE, 'RBSK', 'GDD', 'Under_Treatment'),
  (10205, 5793, 10793, 10793, TRUE, 'NRC', 'ENVIRONMENT', 'Pending'),
  (10206, 5797, 10797, 10797, TRUE, 'NRC', 'ENVIRONMENT', 'Under_Treatment'),
  (10207, 5800, 10800, 10800, TRUE, 'PARENT_INTERVENTION', 'ADHD', 'Completed'),
  (10208, 5801, 10801, 10801, TRUE, 'PHC', 'GDD', 'Completed'),
  (10209, 5803, 10803, 10803, TRUE, 'RBSK', 'DOMAIN_DELAY', 'Completed'),
  (10210, 5806, 10806, 10806, TRUE, 'AWW_INTERVENTION', 'BEHAVIOUR', 'Pending'),
  (10211, 5807, 10807, 10807, TRUE, 'NRC', 'DOMAIN_DELAY', 'Under_Treatment'),
  (10212, 5810, 10810, 10810, TRUE, 'AWW_INTERVENTION', 'ENVIRONMENT', 'Completed'),
  (10213, 5811, 10811, 10811, TRUE, 'PARENT_INTERVENTION', 'GDD', 'Pending'),
  (10214, 5813, 10813, 10813, TRUE, 'AWW_INTERVENTION', 'BEHAVIOUR', 'Completed'),
  (10215, 5817, 10817, 10817, TRUE, 'PARENT_INTERVENTION', 'AUTISM', 'Pending'),
  (10216, 5820, 10820, 10820, TRUE, 'DEIC', 'BEHAVIOUR', 'Pending'),
  (10217, 5821, 10821, 10821, TRUE, 'DEIC', 'BEHAVIOUR', 'Pending'),
  (10218, 5824, 10824, 10824, TRUE, 'PARENT_INTERVENTION', 'ADHD', 'Pending'),
  (10219, 5825, 10825, 10825, TRUE, 'RBSK', 'BEHAVIOUR', 'Under_Treatment'),
  (10220, 5835, 10835, 10835, TRUE, 'PARENT_INTERVENTION', 'DOMAIN_DELAY', 'Under_Treatment'),
  (10221, 5840, 10840, 10840, TRUE, 'PARENT_INTERVENTION', 'BEHAVIOUR', 'Completed'),
  (10222, 5842, 10842, 10842, TRUE, 'NRC', 'AUTISM', 'Pending'),
  (10223, 5845, 10845, 10845, TRUE, 'RBSK', 'GDD', 'Completed'),
  (10224, 5849, 10849, 10849, TRUE, 'NRC', 'ENVIRONMENT', 'Pending'),
  (10225, 5852, 10852, 10852, TRUE, 'DEIC', 'DOMAIN_DELAY', 'Completed'),
  (10226, 5857, 10857, 10857, TRUE, 'AWW_INTERVENTION', 'AUTISM', 'Completed'),
  (10227, 5858, 10858, 10858, TRUE, 'PHC', 'BEHAVIOUR', 'Completed'),
  (10228, 5859, 10859, 10859, TRUE, 'DEIC', 'GDD', 'Under_Treatment'),
  (10229, 5860, 10860, 10860, TRUE, 'PARENT_INTERVENTION', 'GDD', 'Completed'),
  (10230, 5865, 10865, 10865, TRUE, 'PARENT_INTERVENTION', 'ADHD', 'Pending'),
  (10231, 5866, 10866, 10866, TRUE, 'PARENT_INTERVENTION', 'BEHAVIOUR', 'Completed'),
  (10232, 5869, 10869, 10869, TRUE, 'AWW_INTERVENTION', 'GDD', 'Completed'),
  (10233, 5870, 10870, 10870, TRUE, 'AWW_INTERVENTION', 'GDD', 'Completed'),
  (10234, 5874, 10874, 10874, TRUE, 'DEIC', 'BEHAVIOUR', 'Pending'),
  (10235, 5876, 10876, 10876, TRUE, 'RBSK', 'ENVIRONMENT', 'Completed'),
  (10236, 5882, 10882, 10882, TRUE, 'NRC', 'BEHAVIOUR', 'Pending'),
  (10237, 5887, 10887, 10887, TRUE, 'NRC', 'ENVIRONMENT', 'Pending'),
  (10238, 5890, 10890, 10890, TRUE, 'PARENT_INTERVENTION', 'DOMAIN_DELAY', 'Pending'),
  (10239, 5893, 10893, 10893, TRUE, 'RBSK', 'AUTISM', 'Completed'),
  (10240, 5895, 10895, 10895, TRUE, 'PHC', 'ADHD', 'Pending'),
  (10241, 5896, 10896, 10896, TRUE, 'NRC', 'ENVIRONMENT', 'Under_Treatment'),
  (10242, 5900, 10900, 10900, TRUE, 'AWW_INTERVENTION', 'ENVIRONMENT', 'Pending'),
  (10243, 5906, 10906, 10906, TRUE, 'PHC', 'ADHD', 'Pending'),
  (10244, 5913, 10913, 10913, TRUE, 'PARENT_INTERVENTION', 'ADHD', 'Pending'),
  (10245, 5921, 10921, 10921, TRUE, 'PHC', 'DOMAIN_DELAY', 'Pending'),
  (10246, 5937, 10937, 10937, TRUE, 'AWW_INTERVENTION', 'ADHD', 'Pending'),
  (10247, 5944, 10944, 10944, TRUE, 'DEIC', 'AUTISM', 'Completed'),
  (10248, 5945, 10945, 10945, TRUE, 'DEIC', 'ENVIRONMENT', 'Under_Treatment'),
  (10249, 5947, 10947, 10947, TRUE, 'RBSK', 'AUTISM', 'Pending'),
  (10250, 5952, 10952, 10952, TRUE, 'DEIC', 'BEHAVIOUR', 'Under_Treatment'),
  (10251, 5953, 10953, 10953, TRUE, 'DEIC', 'DOMAIN_DELAY', 'Pending'),
  (10252, 5957, 10957, 10957, TRUE, 'DEIC', 'ADHD', 'Pending'),
  (10253, 5961, 10961, 10961, TRUE, 'PHC', 'GDD', 'Pending'),
  (10254, 5962, 10962, 10962, TRUE, 'NRC', 'BEHAVIOUR', 'Under_Treatment'),
  (10255, 5964, 10964, 10964, TRUE, 'PHC', 'BEHAVIOUR', 'Completed'),
  (10256, 5966, 10966, 10966, TRUE, 'AWW_INTERVENTION', 'ADHD', 'Pending'),
  (10257, 5967, 10967, 10967, TRUE, 'RBSK', 'GDD', 'Pending'),
  (10258, 5968, 10968, 10968, TRUE, 'AWW_INTERVENTION', 'DOMAIN_DELAY', 'Under_Treatment'),
  (10259, 5975, 10975, 10975, TRUE, 'AWW_INTERVENTION', 'BEHAVIOUR', 'Pending'),
  (10260, 5982, 10982, 10982, TRUE, 'PHC', 'GDD', 'Pending'),
  (10261, 5987, 10987, 10987, TRUE, 'PHC', 'ADHD', 'Pending'),
  (10262, 5988, 10988, 10988, TRUE, 'RBSK', 'ENVIRONMENT', 'Pending'),
  (10263, 5989, 10989, 10989, TRUE, 'RBSK', 'ADHD', 'Pending')
ON CONFLICT (id) DO NOTHING;

-- 5. INTERVENTION FOLLOW-UPS

INSERT INTO intervention_followups (id, child_id, screening_result_id, intervention_plan_generated, home_activities_assigned, followup_conducted, improvement_status, reduction_in_delay_months, domain_improvement, autism_risk_change, exit_high_risk) VALUES
  (10001, 5000, 10000, TRUE, 5, TRUE, 'Improved', 1, FALSE, 'Same', FALSE),
  (10002, 5001, 10001, TRUE, 3, FALSE, 'Improved', 5, FALSE, 'Same', TRUE),
  (10003, 5002, 10002, TRUE, 7, FALSE, 'Improved', 1, TRUE, 'Same', FALSE),
  (10004, 5003, 10003, FALSE, 8, FALSE, 'Improved', 3, FALSE, 'Same', FALSE),
  (10005, 5004, 10004, TRUE, 4, FALSE, 'Same', 2, TRUE, 'Same', FALSE),
  (10006, 5005, 10005, FALSE, 1, FALSE, 'Improved', 3, TRUE, 'Same', FALSE),
  (10007, 5006, 10006, TRUE, 9, TRUE, 'Worsened', 3, FALSE, 'Same', FALSE),
  (10008, 5007, 10007, FALSE, 7, FALSE, 'Improved', 1, TRUE, 'Same', TRUE),
  (10009, 5008, 10008, FALSE, 2, FALSE, 'Improved', 0, TRUE, 'Same', FALSE),
  (10010, 5009, 10009, TRUE, 6, FALSE, 'Same', 2, FALSE, 'Same', FALSE),
  (10011, 5010, 10010, FALSE, 6, TRUE, 'Improved', 3, TRUE, 'Improved', FALSE),
  (10012, 5011, 10011, FALSE, 8, TRUE, 'Improved', 0, FALSE, 'Same', FALSE),
  (10013, 5012, 10012, FALSE, 6, FALSE, 'Improved', 0, TRUE, 'Same', FALSE),
  (10014, 5013, 10013, FALSE, 5, FALSE, 'Same', 0, FALSE, 'Worsened', FALSE),
  (10015, 5014, 10014, FALSE, 2, FALSE, 'Improved', 0, FALSE, 'Same', FALSE),
  (10016, 5015, 10015, FALSE, 9, FALSE, 'Worsened', 1, FALSE, 'Same', FALSE),
  (10017, 5016, 10016, FALSE, 6, FALSE, 'Same', 1, FALSE, 'Same', FALSE),
  (10018, 5017, 10017, FALSE, 9, FALSE, 'Improved', 5, FALSE, 'Improved', FALSE),
  (10019, 5018, 10018, FALSE, 2, FALSE, 'Same', 1, TRUE, 'Same', FALSE),
  (10020, 5019, 10019, TRUE, 1, FALSE, 'Improved', 0, FALSE, 'Same', FALSE),
  (10021, 5020, 10020, FALSE, 6, TRUE, 'Improved', 1, TRUE, 'Same', FALSE),
  (10022, 5021, 10021, FALSE, 6, FALSE, 'Improved', 3, FALSE, 'Same', FALSE),
  (10023, 5022, 10022, TRUE, 7, TRUE, 'Improved', 3, FALSE, 'Same', FALSE),
  (10024, 5023, 10023, TRUE, 4, FALSE, 'Improved', 2, FALSE, 'Improved', FALSE),
  (10025, 5024, 10024, FALSE, 2, TRUE, 'Same', 4, TRUE, 'Same', FALSE),
  (10026, 5025, 10025, TRUE, 6, FALSE, 'Same', 0, FALSE, 'Same', FALSE),
  (10027, 5026, 10026, TRUE, 7, FALSE, 'Same', 1, TRUE, 'Same', FALSE),
  (10028, 5027, 10027, FALSE, 7, FALSE, 'Improved', 5, FALSE, 'Same', FALSE),
  (10029, 5028, 10028, FALSE, 4, FALSE, 'Improved', 4, FALSE, 'Same', FALSE),
  (10030, 5029, 10029, TRUE, 1, TRUE, 'Improved', 0, TRUE, 'Same', FALSE),
  (10031, 5030, 10030, TRUE, 5, TRUE, 'Improved', 4, FALSE, 'Same', FALSE),
  (10032, 5031, 10031, FALSE, 8, FALSE, 'Improved', 0, FALSE, 'Improved', FALSE),
  (10033, 5032, 10032, TRUE, 5, FALSE, 'Same', 2, FALSE, 'Same', FALSE),
  (10034, 5033, 10033, FALSE, 8, FALSE, 'Worsened', 2, TRUE, 'Same', TRUE),
  (10035, 5034, 10034, TRUE, 8, TRUE, 'Same', 0, FALSE, 'Same', TRUE),
  (10036, 5035, 10035, FALSE, 7, TRUE, 'Improved', 2, TRUE, 'Same', FALSE),
  (10037, 5036, 10036, TRUE, 5, FALSE, 'Same', 4, TRUE, 'Same', FALSE),
  (10038, 5037, 10037, TRUE, 9, FALSE, 'Improved', 2, TRUE, 'Same', FALSE),
  (10039, 5038, 10038, TRUE, 2, FALSE, 'Improved', 2, TRUE, 'Worsened', FALSE),
  (10040, 5039, 10039, TRUE, 8, TRUE, 'Improved', 3, TRUE, 'Same', FALSE),
  (10041, 5040, 10040, FALSE, 7, TRUE, 'Same', 1, FALSE, 'Improved', FALSE),
  (10042, 5041, 10041, FALSE, 5, FALSE, 'Same', 4, FALSE, 'Same', FALSE),
  (10043, 5042, 10042, FALSE, 0, FALSE, 'Same', 5, FALSE, 'Worsened', TRUE),
  (10044, 5043, 10043, FALSE, 3, TRUE, 'Same', 2, FALSE, 'Improved', FALSE),
  (10045, 5044, 10044, FALSE, 0, FALSE, 'Same', 5, FALSE, 'Same', FALSE),
  (10046, 5045, 10045, TRUE, 2, FALSE, 'Improved', 5, TRUE, 'Same', FALSE),
  (10047, 5046, 10046, FALSE, 3, TRUE, 'Same', 5, FALSE, 'Worsened', FALSE),
  (10048, 5047, 10047, TRUE, 4, TRUE, 'Improved', 1, FALSE, 'Improved', FALSE),
  (10049, 5048, 10048, TRUE, 0, TRUE, 'Improved', 3, TRUE, 'Improved', FALSE),
  (10050, 5049, 10049, FALSE, 6, FALSE, 'Improved', 4, FALSE, 'Improved', TRUE),
  (10051, 5050, 10050, FALSE, 6, FALSE, 'Same', 0, TRUE, 'Same', FALSE),
  (10052, 5051, 10051, TRUE, 3, FALSE, 'Improved', 5, TRUE, 'Improved', FALSE),
  (10053, 5052, 10052, FALSE, 1, TRUE, 'Same', 3, FALSE, 'Same', FALSE),
  (10054, 5053, 10053, FALSE, 5, FALSE, 'Improved', 0, FALSE, 'Improved', FALSE),
  (10055, 5054, 10054, FALSE, 2, TRUE, 'Worsened', 2, FALSE, 'Improved', FALSE),
  (10056, 5055, 10055, FALSE, 5, TRUE, 'Improved', 5, TRUE, 'Same', FALSE),
  (10057, 5056, 10056, FALSE, 1, TRUE, 'Worsened', 1, TRUE, 'Same', FALSE),
  (10058, 5057, 10057, TRUE, 3, TRUE, 'Same', 0, FALSE, 'Same', FALSE),
  (10059, 5058, 10058, FALSE, 8, FALSE, 'Same', 5, TRUE, 'Same', FALSE),
  (10060, 5059, 10059, FALSE, 0, FALSE, 'Same', 5, TRUE, 'Same', TRUE),
  (10061, 5060, 10060, FALSE, 9, FALSE, 'Same', 2, FALSE, 'Same', FALSE),
  (10062, 5061, 10061, FALSE, 9, FALSE, 'Same', 5, TRUE, 'Same', FALSE),
  (10063, 5062, 10062, TRUE, 6, FALSE, 'Improved', 3, FALSE, 'Same', FALSE),
  (10064, 5063, 10063, TRUE, 6, FALSE, 'Improved', 5, TRUE, 'Same', FALSE),
  (10065, 5064, 10064, TRUE, 7, FALSE, 'Improved', 5, FALSE, 'Same', FALSE),
  (10066, 5065, 10065, TRUE, 1, FALSE, 'Same', 2, FALSE, 'Same', FALSE),
  (10067, 5066, 10066, FALSE, 7, FALSE, 'Improved', 3, TRUE, 'Same', FALSE),
  (10068, 5067, 10067, FALSE, 1, FALSE, 'Improved', 1, FALSE, 'Same', FALSE),
  (10069, 5068, 10068, FALSE, 0, FALSE, 'Same', 3, TRUE, 'Same', FALSE),
  (10070, 5069, 10069, FALSE, 8, FALSE, 'Same', 1, FALSE, 'Same', FALSE),
  (10071, 5070, 10070, TRUE, 1, FALSE, 'Improved', 3, FALSE, 'Improved', FALSE),
  (10072, 5071, 10071, TRUE, 8, FALSE, 'Same', 0, TRUE, 'Same', FALSE),
  (10073, 5072, 10072, TRUE, 6, FALSE, 'Improved', 3, FALSE, 'Worsened', FALSE),
  (10074, 5073, 10073, FALSE, 5, FALSE, 'Same', 5, FALSE, 'Improved', FALSE),
  (10075, 5074, 10074, TRUE, 1, TRUE, 'Improved', 0, FALSE, 'Improved', FALSE),
  (10076, 5075, 10075, TRUE, 7, FALSE, 'Same', 1, TRUE, 'Same', FALSE),
  (10077, 5076, 10076, TRUE, 4, FALSE, 'Improved', 0, TRUE, 'Improved', FALSE),
  (10078, 5077, 10077, FALSE, 1, FALSE, 'Same', 4, TRUE, 'Same', FALSE),
  (10079, 5078, 10078, TRUE, 1, TRUE, 'Improved', 4, TRUE, 'Same', FALSE),
  (10080, 5079, 10079, FALSE, 7, TRUE, 'Improved', 3, FALSE, 'Same', FALSE),
  (10081, 5080, 10080, FALSE, 8, TRUE, 'Same', 3, FALSE, 'Same', FALSE),
  (10082, 5081, 10081, FALSE, 6, FALSE, 'Worsened', 3, FALSE, 'Improved', FALSE),
  (10083, 5082, 10082, TRUE, 4, FALSE, 'Improved', 3, FALSE, 'Same', FALSE),
  (10084, 5083, 10083, FALSE, 2, TRUE, 'Same', 0, TRUE, 'Improved', FALSE),
  (10085, 5084, 10084, FALSE, 9, TRUE, 'Same', 4, TRUE, 'Same', TRUE),
  (10086, 5085, 10085, TRUE, 0, FALSE, 'Same', 3, FALSE, 'Same', TRUE),
  (10087, 5086, 10086, TRUE, 5, FALSE, 'Improved', 3, FALSE, 'Same', FALSE),
  (10088, 5087, 10087, FALSE, 2, FALSE, 'Worsened', 5, FALSE, 'Same', FALSE),
  (10089, 5088, 10088, FALSE, 5, FALSE, 'Same', 3, TRUE, 'Worsened', TRUE),
  (10090, 5089, 10089, TRUE, 9, FALSE, 'Improved', 2, FALSE, 'Improved', FALSE),
  (10091, 5090, 10090, TRUE, 7, TRUE, 'Same', 2, TRUE, 'Same', FALSE),
  (10092, 5091, 10091, TRUE, 0, TRUE, 'Same', 3, FALSE, 'Same', FALSE),
  (10093, 5092, 10092, FALSE, 9, FALSE, 'Improved', 1, FALSE, 'Same', FALSE),
  (10094, 5093, 10093, FALSE, 0, FALSE, 'Same', 2, FALSE, 'Improved', FALSE),
  (10095, 5094, 10094, TRUE, 0, FALSE, 'Improved', 0, FALSE, 'Same', FALSE),
  (10096, 5095, 10095, FALSE, 5, TRUE, 'Worsened', 4, FALSE, 'Same', TRUE),
  (10097, 5096, 10096, FALSE, 0, FALSE, 'Same', 0, TRUE, 'Improved', FALSE),
  (10098, 5097, 10097, FALSE, 4, FALSE, 'Worsened', 1, FALSE, 'Same', FALSE),
  (10099, 5098, 10098, FALSE, 3, FALSE, 'Improved', 5, FALSE, 'Same', TRUE),
  (10100, 5099, 10099, FALSE, 3, FALSE, 'Improved', 1, FALSE, 'Same', FALSE)
ON CONFLICT (id) DO NOTHING;

INSERT INTO intervention_followups (id, child_id, screening_result_id, intervention_plan_generated, home_activities_assigned, followup_conducted, improvement_status, reduction_in_delay_months, domain_improvement, autism_risk_change, exit_high_risk) VALUES
  (10101, 5100, 10100, FALSE, 1, TRUE, 'Same', 4, FALSE, 'Improved', FALSE),
  (10102, 5101, 10101, FALSE, 0, FALSE, 'Same', 3, FALSE, 'Improved', FALSE),
  (10103, 5102, 10102, FALSE, 8, FALSE, 'Improved', 4, TRUE, 'Improved', FALSE),
  (10104, 5103, 10103, FALSE, 0, TRUE, 'Improved', 5, TRUE, 'Same', FALSE),
  (10105, 5104, 10104, TRUE, 9, FALSE, 'Worsened', 4, FALSE, 'Same', FALSE),
  (10106, 5105, 10105, FALSE, 4, TRUE, 'Same', 4, TRUE, 'Same', FALSE),
  (10107, 5106, 10106, FALSE, 7, TRUE, 'Worsened', 3, TRUE, 'Worsened', FALSE),
  (10108, 5107, 10107, FALSE, 8, FALSE, 'Same', 3, TRUE, 'Same', FALSE),
  (10109, 5108, 10108, FALSE, 2, FALSE, 'Same', 1, FALSE, 'Same', FALSE),
  (10110, 5109, 10109, TRUE, 6, FALSE, 'Improved', 3, FALSE, 'Worsened', FALSE),
  (10111, 5110, 10110, TRUE, 9, FALSE, 'Same', 0, FALSE, 'Same', FALSE),
  (10112, 5111, 10111, FALSE, 6, TRUE, 'Same', 0, TRUE, 'Same', FALSE),
  (10113, 5112, 10112, FALSE, 6, FALSE, 'Same', 4, FALSE, 'Same', FALSE),
  (10114, 5113, 10113, FALSE, 5, FALSE, 'Same', 3, FALSE, 'Same', FALSE),
  (10115, 5114, 10114, TRUE, 3, FALSE, 'Improved', 3, TRUE, 'Improved', FALSE),
  (10116, 5115, 10115, FALSE, 8, FALSE, 'Same', 0, TRUE, 'Same', FALSE),
  (10117, 5116, 10116, FALSE, 0, TRUE, 'Same', 1, FALSE, 'Same', FALSE),
  (10118, 5117, 10117, FALSE, 3, FALSE, 'Worsened', 4, TRUE, 'Same', FALSE),
  (10119, 5118, 10118, FALSE, 9, FALSE, 'Same', 5, FALSE, 'Worsened', FALSE),
  (10120, 5119, 10119, TRUE, 9, FALSE, 'Same', 4, FALSE, 'Same', FALSE),
  (10121, 5120, 10120, FALSE, 9, FALSE, 'Improved', 1, FALSE, 'Same', FALSE),
  (10122, 5121, 10121, FALSE, 7, FALSE, 'Worsened', 4, FALSE, 'Improved', FALSE),
  (10123, 5122, 10122, FALSE, 2, TRUE, 'Same', 2, TRUE, 'Improved', FALSE),
  (10124, 5123, 10123, FALSE, 2, FALSE, 'Same', 5, FALSE, 'Same', FALSE),
  (10125, 5124, 10124, FALSE, 0, TRUE, 'Same', 3, FALSE, 'Improved', FALSE),
  (10126, 5125, 10125, FALSE, 1, FALSE, 'Improved', 5, FALSE, 'Same', FALSE),
  (10127, 5126, 10126, FALSE, 5, FALSE, 'Same', 4, FALSE, 'Same', TRUE),
  (10128, 5127, 10127, FALSE, 3, FALSE, 'Same', 0, FALSE, 'Same', FALSE),
  (10129, 5128, 10128, TRUE, 2, FALSE, 'Same', 5, FALSE, 'Same', FALSE),
  (10130, 5129, 10129, FALSE, 1, TRUE, 'Same', 0, FALSE, 'Improved', FALSE),
  (10131, 5130, 10130, FALSE, 7, FALSE, 'Improved', 5, TRUE, 'Same', FALSE),
  (10132, 5131, 10131, FALSE, 8, FALSE, 'Improved', 5, TRUE, 'Same', FALSE),
  (10133, 5132, 10132, FALSE, 0, TRUE, 'Improved', 1, FALSE, 'Same', TRUE),
  (10134, 5133, 10133, TRUE, 8, FALSE, 'Improved', 4, TRUE, 'Same', FALSE),
  (10135, 5134, 10134, TRUE, 7, FALSE, 'Same', 1, TRUE, 'Same', FALSE),
  (10136, 5135, 10135, FALSE, 3, FALSE, 'Improved', 2, FALSE, 'Improved', TRUE),
  (10137, 5136, 10136, FALSE, 0, TRUE, 'Improved', 0, TRUE, 'Same', FALSE),
  (10138, 5137, 10137, FALSE, 9, FALSE, 'Same', 5, FALSE, 'Improved', FALSE),
  (10139, 5138, 10138, FALSE, 5, FALSE, 'Improved', 3, TRUE, 'Same', FALSE),
  (10140, 5139, 10139, FALSE, 1, FALSE, 'Improved', 3, FALSE, 'Same', FALSE),
  (10141, 5140, 10140, FALSE, 8, FALSE, 'Improved', 4, TRUE, 'Same', FALSE),
  (10142, 5141, 10141, TRUE, 5, TRUE, 'Improved', 5, TRUE, 'Improved', TRUE),
  (10143, 5142, 10142, TRUE, 4, TRUE, 'Worsened', 4, TRUE, 'Same', FALSE),
  (10144, 5143, 10143, FALSE, 9, FALSE, 'Improved', 4, FALSE, 'Same', FALSE),
  (10145, 5144, 10144, TRUE, 4, FALSE, 'Same', 4, FALSE, 'Same', FALSE),
  (10146, 5145, 10145, FALSE, 9, FALSE, 'Improved', 1, FALSE, 'Same', FALSE),
  (10147, 5146, 10146, TRUE, 5, TRUE, 'Improved', 3, FALSE, 'Same', FALSE),
  (10148, 5147, 10147, FALSE, 8, FALSE, 'Same', 5, FALSE, 'Same', FALSE),
  (10149, 5148, 10148, FALSE, 6, TRUE, 'Same', 2, FALSE, 'Improved', FALSE),
  (10150, 5149, 10149, FALSE, 0, FALSE, 'Improved', 5, TRUE, 'Same', TRUE),
  (10151, 5150, 10150, FALSE, 0, TRUE, 'Improved', 2, TRUE, 'Same', TRUE),
  (10152, 5151, 10151, TRUE, 4, TRUE, 'Improved', 5, TRUE, 'Same', FALSE),
  (10153, 5152, 10152, TRUE, 6, TRUE, 'Worsened', 5, FALSE, 'Same', FALSE),
  (10154, 5153, 10153, FALSE, 7, TRUE, 'Same', 3, TRUE, 'Same', FALSE),
  (10155, 5154, 10154, FALSE, 0, TRUE, 'Same', 1, FALSE, 'Same', FALSE),
  (10156, 5155, 10155, TRUE, 8, FALSE, 'Improved', 1, FALSE, 'Worsened', FALSE),
  (10157, 5156, 10156, TRUE, 2, FALSE, 'Same', 0, FALSE, 'Same', TRUE),
  (10158, 5157, 10157, FALSE, 8, FALSE, 'Same', 2, FALSE, 'Same', FALSE),
  (10159, 5158, 10158, FALSE, 2, TRUE, 'Same', 0, TRUE, 'Same', FALSE),
  (10160, 5159, 10159, FALSE, 4, FALSE, 'Improved', 5, FALSE, 'Worsened', FALSE),
  (10161, 5160, 10160, FALSE, 2, FALSE, 'Improved', 3, FALSE, 'Same', FALSE),
  (10162, 5161, 10161, FALSE, 7, FALSE, 'Improved', 0, TRUE, 'Improved', FALSE),
  (10163, 5162, 10162, TRUE, 0, TRUE, 'Same', 1, FALSE, 'Improved', FALSE),
  (10164, 5163, 10163, FALSE, 9, TRUE, 'Improved', 1, FALSE, 'Improved', FALSE),
  (10165, 5164, 10164, FALSE, 2, TRUE, 'Improved', 3, TRUE, 'Same', FALSE),
  (10166, 5165, 10165, TRUE, 3, FALSE, 'Same', 0, FALSE, 'Improved', FALSE),
  (10167, 5166, 10166, TRUE, 0, FALSE, 'Same', 0, TRUE, 'Improved', TRUE),
  (10168, 5167, 10167, TRUE, 0, FALSE, 'Improved', 5, TRUE, 'Improved', FALSE),
  (10169, 5168, 10168, FALSE, 3, TRUE, 'Improved', 2, FALSE, 'Same', FALSE),
  (10170, 5169, 10169, FALSE, 7, FALSE, 'Improved', 2, FALSE, 'Same', FALSE),
  (10171, 5170, 10170, FALSE, 7, TRUE, 'Same', 2, TRUE, 'Same', FALSE),
  (10172, 5171, 10171, FALSE, 3, FALSE, 'Same', 0, TRUE, 'Worsened', FALSE),
  (10173, 5172, 10172, FALSE, 0, TRUE, 'Same', 2, FALSE, 'Improved', TRUE),
  (10174, 5173, 10173, TRUE, 6, TRUE, 'Worsened', 4, FALSE, 'Same', FALSE),
  (10175, 5174, 10174, TRUE, 9, FALSE, 'Improved', 3, FALSE, 'Same', FALSE),
  (10176, 5175, 10175, TRUE, 2, FALSE, 'Improved', 4, FALSE, 'Same', FALSE),
  (10177, 5176, 10176, TRUE, 4, TRUE, 'Same', 3, FALSE, 'Same', FALSE),
  (10178, 5177, 10177, FALSE, 4, FALSE, 'Worsened', 4, FALSE, 'Same', TRUE),
  (10179, 5178, 10178, TRUE, 2, TRUE, 'Same', 2, FALSE, 'Improved', FALSE),
  (10180, 5179, 10179, FALSE, 4, FALSE, 'Worsened', 2, TRUE, 'Same', FALSE),
  (10181, 5180, 10180, FALSE, 6, TRUE, 'Improved', 1, FALSE, 'Worsened', FALSE),
  (10182, 5181, 10181, FALSE, 1, FALSE, 'Same', 4, FALSE, 'Worsened', FALSE),
  (10183, 5182, 10182, TRUE, 0, FALSE, 'Same', 4, FALSE, 'Same', FALSE),
  (10184, 5183, 10183, FALSE, 3, FALSE, 'Improved', 3, TRUE, 'Same', FALSE),
  (10185, 5184, 10184, TRUE, 9, TRUE, 'Improved', 1, FALSE, 'Worsened', FALSE),
  (10186, 5185, 10185, FALSE, 0, FALSE, 'Same', 2, FALSE, 'Same', FALSE),
  (10187, 5186, 10186, TRUE, 2, FALSE, 'Improved', 5, TRUE, 'Same', FALSE),
  (10188, 5187, 10187, FALSE, 8, FALSE, 'Same', 1, FALSE, 'Same', FALSE),
  (10189, 5188, 10188, TRUE, 3, FALSE, 'Improved', 2, FALSE, 'Improved', FALSE),
  (10190, 5189, 10189, FALSE, 5, FALSE, 'Improved', 1, FALSE, 'Worsened', TRUE),
  (10191, 5190, 10190, FALSE, 5, FALSE, 'Same', 1, FALSE, 'Same', FALSE),
  (10192, 5191, 10191, FALSE, 2, FALSE, 'Improved', 0, FALSE, 'Same', FALSE),
  (10193, 5192, 10192, TRUE, 0, FALSE, 'Worsened', 4, FALSE, 'Same', FALSE),
  (10194, 5193, 10193, FALSE, 6, FALSE, 'Same', 5, FALSE, 'Same', FALSE),
  (10195, 5194, 10194, TRUE, 5, FALSE, 'Improved', 1, FALSE, 'Improved', FALSE),
  (10196, 5195, 10195, TRUE, 8, FALSE, 'Improved', 2, FALSE, 'Same', FALSE),
  (10197, 5196, 10196, FALSE, 0, FALSE, 'Improved', 3, FALSE, 'Same', FALSE),
  (10198, 5197, 10197, FALSE, 4, FALSE, 'Same', 4, TRUE, 'Same', FALSE),
  (10199, 5198, 10198, FALSE, 1, FALSE, 'Same', 5, TRUE, 'Improved', FALSE),
  (10200, 5199, 10199, TRUE, 4, FALSE, 'Same', 5, FALSE, 'Improved', FALSE)
ON CONFLICT (id) DO NOTHING;

INSERT INTO intervention_followups (id, child_id, screening_result_id, intervention_plan_generated, home_activities_assigned, followup_conducted, improvement_status, reduction_in_delay_months, domain_improvement, autism_risk_change, exit_high_risk) VALUES
  (10201, 5200, 10200, TRUE, 2, FALSE, 'Same', 3, TRUE, 'Same', TRUE),
  (10202, 5201, 10201, TRUE, 3, TRUE, 'Worsened', 1, FALSE, 'Same', FALSE),
  (10203, 5202, 10202, TRUE, 2, FALSE, 'Worsened', 5, TRUE, 'Same', FALSE),
  (10204, 5203, 10203, TRUE, 7, TRUE, 'Improved', 4, FALSE, 'Worsened', FALSE),
  (10205, 5204, 10204, TRUE, 7, FALSE, 'Improved', 4, TRUE, 'Same', FALSE),
  (10206, 5205, 10205, FALSE, 2, FALSE, 'Same', 2, FALSE, 'Improved', FALSE),
  (10207, 5206, 10206, FALSE, 4, FALSE, 'Same', 0, TRUE, 'Same', FALSE),
  (10208, 5207, 10207, FALSE, 9, FALSE, 'Improved', 0, FALSE, 'Same', FALSE),
  (10209, 5208, 10208, TRUE, 9, FALSE, 'Same', 5, FALSE, 'Same', FALSE),
  (10210, 5209, 10209, TRUE, 4, FALSE, 'Worsened', 4, FALSE, 'Same', FALSE),
  (10211, 5210, 10210, TRUE, 7, FALSE, 'Same', 4, TRUE, 'Same', TRUE),
  (10212, 5211, 10211, FALSE, 3, FALSE, 'Improved', 3, FALSE, 'Same', FALSE),
  (10213, 5212, 10212, FALSE, 2, FALSE, 'Improved', 0, FALSE, 'Worsened', TRUE),
  (10214, 5213, 10213, TRUE, 9, FALSE, 'Same', 0, FALSE, 'Same', FALSE),
  (10215, 5214, 10214, FALSE, 2, FALSE, 'Improved', 1, FALSE, 'Same', FALSE),
  (10216, 5215, 10215, FALSE, 4, FALSE, 'Improved', 3, FALSE, 'Same', FALSE),
  (10217, 5216, 10216, FALSE, 2, FALSE, 'Worsened', 1, FALSE, 'Same', FALSE),
  (10218, 5217, 10217, TRUE, 0, FALSE, 'Improved', 5, FALSE, 'Worsened', FALSE),
  (10219, 5218, 10218, FALSE, 5, TRUE, 'Improved', 0, TRUE, 'Same', FALSE),
  (10220, 5219, 10219, FALSE, 3, FALSE, 'Improved', 4, FALSE, 'Same', FALSE),
  (10221, 5220, 10220, FALSE, 7, FALSE, 'Improved', 4, TRUE, 'Worsened', FALSE),
  (10222, 5221, 10221, FALSE, 0, FALSE, 'Improved', 0, TRUE, 'Same', FALSE),
  (10223, 5222, 10222, FALSE, 5, FALSE, 'Same', 1, TRUE, 'Same', FALSE),
  (10224, 5223, 10223, TRUE, 5, TRUE, 'Worsened', 1, TRUE, 'Same', TRUE),
  (10225, 5224, 10224, FALSE, 3, FALSE, 'Worsened', 1, FALSE, 'Worsened', TRUE),
  (10226, 5225, 10225, FALSE, 5, FALSE, 'Same', 4, TRUE, 'Same', TRUE),
  (10227, 5226, 10226, FALSE, 9, TRUE, 'Same', 2, FALSE, 'Worsened', TRUE),
  (10228, 5227, 10227, TRUE, 1, FALSE, 'Same', 1, FALSE, 'Worsened', FALSE),
  (10229, 5228, 10228, FALSE, 3, FALSE, 'Same', 5, FALSE, 'Improved', FALSE),
  (10230, 5229, 10229, TRUE, 4, FALSE, 'Improved', 4, TRUE, 'Same', FALSE),
  (10231, 5230, 10230, TRUE, 4, FALSE, 'Same', 4, TRUE, 'Same', FALSE),
  (10232, 5231, 10231, FALSE, 2, TRUE, 'Improved', 1, FALSE, 'Same', FALSE),
  (10233, 5232, 10232, FALSE, 9, FALSE, 'Improved', 1, FALSE, 'Same', FALSE),
  (10234, 5233, 10233, FALSE, 3, TRUE, 'Same', 4, FALSE, 'Improved', FALSE),
  (10235, 5234, 10234, TRUE, 9, FALSE, 'Improved', 5, TRUE, 'Same', FALSE),
  (10236, 5235, 10235, TRUE, 8, FALSE, 'Same', 1, FALSE, 'Improved', FALSE),
  (10237, 5236, 10236, FALSE, 9, TRUE, 'Same', 0, TRUE, 'Same', FALSE),
  (10238, 5237, 10237, FALSE, 6, TRUE, 'Improved', 0, FALSE, 'Same', FALSE),
  (10239, 5238, 10238, FALSE, 9, FALSE, 'Worsened', 1, TRUE, 'Same', FALSE),
  (10240, 5239, 10239, FALSE, 5, FALSE, 'Improved', 4, TRUE, 'Improved', TRUE),
  (10241, 5240, 10240, FALSE, 0, FALSE, 'Improved', 3, FALSE, 'Same', FALSE),
  (10242, 5241, 10241, FALSE, 9, FALSE, 'Improved', 4, FALSE, 'Same', FALSE),
  (10243, 5242, 10242, FALSE, 2, TRUE, 'Worsened', 1, FALSE, 'Same', FALSE),
  (10244, 5243, 10243, FALSE, 3, FALSE, 'Worsened', 5, FALSE, 'Same', FALSE),
  (10245, 5244, 10244, FALSE, 6, FALSE, 'Same', 5, FALSE, 'Same', FALSE),
  (10246, 5245, 10245, TRUE, 6, TRUE, 'Same', 1, TRUE, 'Same', FALSE),
  (10247, 5246, 10246, TRUE, 8, FALSE, 'Same', 5, FALSE, 'Improved', FALSE),
  (10248, 5247, 10247, FALSE, 8, FALSE, 'Same', 3, TRUE, 'Same', FALSE),
  (10249, 5248, 10248, FALSE, 0, TRUE, 'Improved', 3, TRUE, 'Same', FALSE),
  (10250, 5249, 10249, FALSE, 0, FALSE, 'Same', 3, TRUE, 'Same', FALSE),
  (10251, 5250, 10250, TRUE, 3, FALSE, 'Improved', 2, TRUE, 'Same', FALSE),
  (10252, 5251, 10251, TRUE, 6, TRUE, 'Improved', 0, FALSE, 'Same', TRUE),
  (10253, 5252, 10252, FALSE, 0, FALSE, 'Same', 2, TRUE, 'Same', FALSE),
  (10254, 5253, 10253, TRUE, 2, FALSE, 'Same', 1, TRUE, 'Same', FALSE),
  (10255, 5254, 10254, FALSE, 8, FALSE, 'Same', 4, TRUE, 'Same', FALSE),
  (10256, 5255, 10255, TRUE, 1, FALSE, 'Worsened', 4, TRUE, 'Same', FALSE),
  (10257, 5256, 10256, FALSE, 6, FALSE, 'Improved', 1, TRUE, 'Worsened', FALSE),
  (10258, 5257, 10257, TRUE, 7, FALSE, 'Improved', 5, FALSE, 'Worsened', FALSE),
  (10259, 5258, 10258, FALSE, 4, TRUE, 'Improved', 1, TRUE, 'Same', FALSE),
  (10260, 5259, 10259, FALSE, 9, FALSE, 'Same', 3, TRUE, 'Same', FALSE),
  (10261, 5260, 10260, FALSE, 9, TRUE, 'Improved', 0, FALSE, 'Improved', FALSE),
  (10262, 5261, 10261, TRUE, 5, TRUE, 'Improved', 1, TRUE, 'Worsened', FALSE),
  (10263, 5262, 10262, FALSE, 8, FALSE, 'Same', 2, TRUE, 'Same', FALSE),
  (10264, 5263, 10263, FALSE, 3, FALSE, 'Improved', 1, TRUE, 'Improved', FALSE),
  (10265, 5264, 10264, TRUE, 2, FALSE, 'Same', 1, FALSE, 'Same', TRUE),
  (10266, 5265, 10265, FALSE, 6, FALSE, 'Improved', 5, TRUE, 'Improved', FALSE),
  (10267, 5266, 10266, TRUE, 2, FALSE, 'Improved', 0, FALSE, 'Same', FALSE),
  (10268, 5267, 10267, FALSE, 8, FALSE, 'Improved', 1, TRUE, 'Improved', FALSE),
  (10269, 5268, 10268, FALSE, 8, TRUE, 'Same', 3, FALSE, 'Improved', TRUE),
  (10270, 5269, 10269, FALSE, 0, FALSE, 'Improved', 5, TRUE, 'Same', FALSE),
  (10271, 5270, 10270, TRUE, 9, TRUE, 'Same', 2, FALSE, 'Same', FALSE),
  (10272, 5271, 10271, FALSE, 1, FALSE, 'Improved', 5, TRUE, 'Same', FALSE),
  (10273, 5272, 10272, FALSE, 7, FALSE, 'Same', 1, TRUE, 'Improved', FALSE),
  (10274, 5273, 10273, FALSE, 7, FALSE, 'Improved', 2, TRUE, 'Same', FALSE),
  (10275, 5274, 10274, FALSE, 8, TRUE, 'Same', 3, TRUE, 'Improved', TRUE),
  (10276, 5275, 10275, FALSE, 4, FALSE, 'Same', 2, TRUE, 'Same', FALSE),
  (10277, 5276, 10276, FALSE, 4, FALSE, 'Same', 2, FALSE, 'Same', FALSE),
  (10278, 5277, 10277, FALSE, 0, FALSE, 'Same', 5, FALSE, 'Improved', FALSE),
  (10279, 5278, 10278, FALSE, 5, FALSE, 'Same', 4, FALSE, 'Same', FALSE),
  (10280, 5279, 10279, FALSE, 1, TRUE, 'Same', 3, TRUE, 'Same', FALSE),
  (10281, 5280, 10280, FALSE, 0, FALSE, 'Improved', 4, FALSE, 'Same', FALSE),
  (10282, 5281, 10281, TRUE, 3, TRUE, 'Improved', 3, TRUE, 'Worsened', FALSE),
  (10283, 5282, 10282, TRUE, 0, TRUE, 'Same', 5, TRUE, 'Same', FALSE),
  (10284, 5283, 10283, FALSE, 9, FALSE, 'Same', 0, TRUE, 'Same', FALSE),
  (10285, 5284, 10284, FALSE, 8, FALSE, 'Same', 4, FALSE, 'Same', FALSE),
  (10286, 5285, 10285, TRUE, 7, TRUE, 'Improved', 1, TRUE, 'Same', FALSE),
  (10287, 5286, 10286, FALSE, 7, FALSE, 'Same', 3, FALSE, 'Same', FALSE),
  (10288, 5287, 10287, FALSE, 1, FALSE, 'Same', 4, TRUE, 'Same', FALSE),
  (10289, 5288, 10288, TRUE, 6, FALSE, 'Same', 1, FALSE, 'Same', FALSE),
  (10290, 5289, 10289, FALSE, 7, TRUE, 'Same', 5, FALSE, 'Same', TRUE),
  (10291, 5290, 10290, TRUE, 8, FALSE, 'Same', 0, FALSE, 'Same', FALSE),
  (10292, 5291, 10291, TRUE, 2, FALSE, 'Worsened', 2, FALSE, 'Improved', FALSE),
  (10293, 5292, 10292, TRUE, 6, TRUE, 'Improved', 1, TRUE, 'Same', FALSE),
  (10294, 5293, 10293, FALSE, 6, TRUE, 'Same', 0, TRUE, 'Same', FALSE),
  (10295, 5294, 10294, FALSE, 3, FALSE, 'Same', 0, FALSE, 'Same', FALSE),
  (10296, 5295, 10295, FALSE, 2, FALSE, 'Same', 3, FALSE, 'Improved', FALSE),
  (10297, 5296, 10296, TRUE, 6, FALSE, 'Same', 4, FALSE, 'Same', FALSE),
  (10298, 5297, 10297, FALSE, 1, FALSE, 'Improved', 2, TRUE, 'Same', FALSE),
  (10299, 5298, 10298, FALSE, 3, TRUE, 'Same', 2, TRUE, 'Same', TRUE),
  (10300, 5299, 10299, TRUE, 9, TRUE, 'Worsened', 3, FALSE, 'Worsened', FALSE)
ON CONFLICT (id) DO NOTHING;

INSERT INTO intervention_followups (id, child_id, screening_result_id, intervention_plan_generated, home_activities_assigned, followup_conducted, improvement_status, reduction_in_delay_months, domain_improvement, autism_risk_change, exit_high_risk) VALUES
  (10301, 5300, 10300, FALSE, 5, TRUE, 'Improved', 4, TRUE, 'Same', FALSE),
  (10302, 5301, 10301, FALSE, 0, TRUE, 'Same', 4, TRUE, 'Same', FALSE),
  (10303, 5302, 10302, FALSE, 8, FALSE, 'Same', 2, TRUE, 'Same', FALSE),
  (10304, 5303, 10303, FALSE, 0, FALSE, 'Improved', 4, TRUE, 'Improved', FALSE),
  (10305, 5304, 10304, FALSE, 3, FALSE, 'Improved', 0, FALSE, 'Same', FALSE),
  (10306, 5305, 10305, FALSE, 5, TRUE, 'Worsened', 2, TRUE, 'Same', TRUE),
  (10307, 5306, 10306, FALSE, 4, FALSE, 'Same', 2, FALSE, 'Worsened', FALSE),
  (10308, 5307, 10307, TRUE, 2, FALSE, 'Improved', 2, FALSE, 'Same', FALSE),
  (10309, 5308, 10308, FALSE, 7, FALSE, 'Same', 0, FALSE, 'Same', FALSE),
  (10310, 5309, 10309, TRUE, 3, TRUE, 'Worsened', 4, FALSE, 'Improved', FALSE),
  (10311, 5310, 10310, FALSE, 1, FALSE, 'Same', 1, FALSE, 'Worsened', TRUE),
  (10312, 5311, 10311, FALSE, 5, FALSE, 'Improved', 2, TRUE, 'Improved', FALSE),
  (10313, 5312, 10312, FALSE, 8, FALSE, 'Improved', 1, TRUE, 'Worsened', FALSE),
  (10314, 5313, 10313, FALSE, 4, FALSE, 'Same', 4, FALSE, 'Worsened', FALSE),
  (10315, 5314, 10314, TRUE, 8, FALSE, 'Same', 1, TRUE, 'Worsened', TRUE),
  (10316, 5315, 10315, TRUE, 4, TRUE, 'Improved', 0, FALSE, 'Improved', FALSE),
  (10317, 5316, 10316, FALSE, 1, FALSE, 'Improved', 4, TRUE, 'Same', FALSE),
  (10318, 5317, 10317, FALSE, 2, FALSE, 'Worsened', 0, FALSE, 'Same', FALSE),
  (10319, 5318, 10318, TRUE, 1, FALSE, 'Improved', 0, FALSE, 'Improved', FALSE),
  (10320, 5319, 10319, TRUE, 8, FALSE, 'Same', 4, TRUE, 'Same', FALSE),
  (10321, 5320, 10320, FALSE, 5, FALSE, 'Improved', 4, FALSE, 'Same', FALSE),
  (10322, 5321, 10321, TRUE, 9, FALSE, 'Same', 2, FALSE, 'Same', FALSE),
  (10323, 5322, 10322, TRUE, 3, FALSE, 'Improved', 5, FALSE, 'Same', TRUE),
  (10324, 5323, 10323, TRUE, 6, TRUE, 'Improved', 3, TRUE, 'Improved', TRUE),
  (10325, 5324, 10324, TRUE, 8, FALSE, 'Improved', 0, TRUE, 'Same', FALSE),
  (10326, 5325, 10325, TRUE, 7, FALSE, 'Same', 0, FALSE, 'Same', FALSE),
  (10327, 5326, 10326, TRUE, 4, FALSE, 'Same', 4, FALSE, 'Improved', FALSE),
  (10328, 5327, 10327, TRUE, 8, FALSE, 'Improved', 5, TRUE, 'Same', FALSE),
  (10329, 5328, 10328, FALSE, 6, FALSE, 'Improved', 2, TRUE, 'Improved', TRUE),
  (10330, 5329, 10329, TRUE, 6, FALSE, 'Improved', 5, TRUE, 'Same', TRUE),
  (10331, 5330, 10330, TRUE, 2, FALSE, 'Improved', 3, FALSE, 'Same', FALSE),
  (10332, 5331, 10331, FALSE, 4, FALSE, 'Same', 3, FALSE, 'Same', FALSE),
  (10333, 5332, 10332, TRUE, 4, FALSE, 'Same', 1, FALSE, 'Same', FALSE),
  (10334, 5333, 10333, FALSE, 0, FALSE, 'Same', 5, TRUE, 'Same', FALSE),
  (10335, 5334, 10334, FALSE, 7, FALSE, 'Worsened', 0, TRUE, 'Same', FALSE),
  (10336, 5335, 10335, TRUE, 6, FALSE, 'Same', 2, FALSE, 'Same', FALSE),
  (10337, 5336, 10336, FALSE, 6, FALSE, 'Same', 5, FALSE, 'Same', FALSE),
  (10338, 5337, 10337, TRUE, 9, TRUE, 'Same', 5, FALSE, 'Same', FALSE),
  (10339, 5338, 10338, FALSE, 1, FALSE, 'Same', 0, FALSE, 'Improved', FALSE),
  (10340, 5339, 10339, TRUE, 8, FALSE, 'Same', 0, FALSE, 'Same', TRUE),
  (10341, 5340, 10340, FALSE, 3, FALSE, 'Improved', 1, FALSE, 'Same', FALSE),
  (10342, 5341, 10341, FALSE, 1, FALSE, 'Improved', 4, TRUE, 'Same', FALSE),
  (10343, 5342, 10342, TRUE, 9, FALSE, 'Improved', 0, FALSE, 'Same', TRUE),
  (10344, 5343, 10343, FALSE, 2, FALSE, 'Improved', 4, FALSE, 'Same', FALSE),
  (10345, 5344, 10344, FALSE, 3, FALSE, 'Improved', 3, TRUE, 'Same', FALSE),
  (10346, 5345, 10345, TRUE, 8, FALSE, 'Same', 3, FALSE, 'Improved', FALSE),
  (10347, 5346, 10346, TRUE, 8, TRUE, 'Same', 2, FALSE, 'Improved', FALSE),
  (10348, 5347, 10347, TRUE, 5, TRUE, 'Same', 2, FALSE, 'Same', FALSE),
  (10349, 5348, 10348, TRUE, 2, TRUE, 'Same', 3, FALSE, 'Same', FALSE),
  (10350, 5349, 10349, FALSE, 2, FALSE, 'Improved', 2, TRUE, 'Improved', FALSE),
  (10351, 5350, 10350, FALSE, 5, TRUE, 'Improved', 4, FALSE, 'Same', FALSE),
  (10352, 5351, 10351, FALSE, 0, TRUE, 'Improved', 1, TRUE, 'Improved', FALSE),
  (10353, 5352, 10352, TRUE, 7, FALSE, 'Improved', 2, TRUE, 'Same', FALSE),
  (10354, 5353, 10353, TRUE, 5, FALSE, 'Same', 5, TRUE, 'Improved', FALSE),
  (10355, 5354, 10354, FALSE, 2, FALSE, 'Same', 0, FALSE, 'Same', FALSE),
  (10356, 5355, 10355, FALSE, 9, FALSE, 'Same', 3, TRUE, 'Same', FALSE),
  (10357, 5356, 10356, FALSE, 1, FALSE, 'Same', 0, FALSE, 'Improved', FALSE),
  (10358, 5357, 10357, FALSE, 7, FALSE, 'Same', 4, FALSE, 'Same', FALSE),
  (10359, 5358, 10358, TRUE, 5, FALSE, 'Improved', 2, TRUE, 'Same', FALSE),
  (10360, 5359, 10359, TRUE, 4, TRUE, 'Same', 5, FALSE, 'Same', FALSE),
  (10361, 5360, 10360, FALSE, 6, FALSE, 'Worsened', 3, TRUE, 'Same', FALSE),
  (10362, 5361, 10361, TRUE, 5, FALSE, 'Improved', 3, TRUE, 'Same', FALSE),
  (10363, 5362, 10362, FALSE, 7, FALSE, 'Same', 0, TRUE, 'Same', FALSE),
  (10364, 5363, 10363, FALSE, 3, FALSE, 'Same', 5, TRUE, 'Worsened', FALSE),
  (10365, 5364, 10364, FALSE, 4, FALSE, 'Improved', 4, FALSE, 'Same', FALSE),
  (10366, 5365, 10365, TRUE, 1, FALSE, 'Improved', 3, FALSE, 'Same', FALSE),
  (10367, 5366, 10366, TRUE, 6, FALSE, 'Worsened', 1, FALSE, 'Same', FALSE),
  (10368, 5367, 10367, FALSE, 7, TRUE, 'Improved', 2, TRUE, 'Same', FALSE),
  (10369, 5368, 10368, TRUE, 8, FALSE, 'Improved', 3, FALSE, 'Same', TRUE),
  (10370, 5369, 10369, FALSE, 7, FALSE, 'Improved', 3, FALSE, 'Improved', FALSE),
  (10371, 5370, 10370, FALSE, 2, FALSE, 'Improved', 1, FALSE, 'Same', TRUE),
  (10372, 5371, 10371, FALSE, 5, FALSE, 'Same', 2, FALSE, 'Same', FALSE),
  (10373, 5372, 10372, FALSE, 9, FALSE, 'Improved', 0, TRUE, 'Improved', FALSE),
  (10374, 5373, 10373, TRUE, 2, TRUE, 'Same', 4, FALSE, 'Same', FALSE),
  (10375, 5374, 10374, TRUE, 0, TRUE, 'Same', 4, FALSE, 'Same', FALSE),
  (10376, 5375, 10375, FALSE, 3, FALSE, 'Improved', 4, FALSE, 'Same', FALSE),
  (10377, 5376, 10376, FALSE, 8, TRUE, 'Worsened', 2, TRUE, 'Improved', FALSE),
  (10378, 5377, 10377, FALSE, 3, FALSE, 'Improved', 4, FALSE, 'Improved', FALSE),
  (10379, 5378, 10378, TRUE, 9, FALSE, 'Improved', 3, FALSE, 'Improved', FALSE),
  (10380, 5379, 10379, FALSE, 9, FALSE, 'Improved', 1, FALSE, 'Same', FALSE),
  (10381, 5380, 10380, FALSE, 9, FALSE, 'Improved', 5, TRUE, 'Same', FALSE),
  (10382, 5381, 10381, TRUE, 7, FALSE, 'Worsened', 1, TRUE, 'Same', FALSE),
  (10383, 5382, 10382, FALSE, 7, FALSE, 'Same', 2, TRUE, 'Improved', TRUE),
  (10384, 5383, 10383, TRUE, 0, TRUE, 'Same', 5, FALSE, 'Same', FALSE),
  (10385, 5384, 10384, FALSE, 7, TRUE, 'Same', 2, FALSE, 'Same', FALSE),
  (10386, 5385, 10385, TRUE, 2, FALSE, 'Same', 1, TRUE, 'Improved', FALSE),
  (10387, 5386, 10386, TRUE, 4, FALSE, 'Same', 3, FALSE, 'Same', FALSE),
  (10388, 5387, 10387, TRUE, 0, TRUE, 'Improved', 2, FALSE, 'Same', FALSE),
  (10389, 5388, 10388, TRUE, 2, TRUE, 'Improved', 5, TRUE, 'Same', FALSE),
  (10390, 5389, 10389, FALSE, 5, FALSE, 'Same', 2, FALSE, 'Same', FALSE),
  (10391, 5390, 10390, TRUE, 8, FALSE, 'Improved', 5, FALSE, 'Improved', TRUE),
  (10392, 5391, 10391, FALSE, 7, FALSE, 'Improved', 1, TRUE, 'Same', FALSE),
  (10393, 5392, 10392, TRUE, 1, FALSE, 'Same', 4, TRUE, 'Improved', FALSE),
  (10394, 5393, 10393, FALSE, 3, TRUE, 'Same', 4, TRUE, 'Worsened', FALSE),
  (10395, 5394, 10394, TRUE, 9, TRUE, 'Improved', 4, TRUE, 'Improved', FALSE),
  (10396, 5395, 10395, FALSE, 8, TRUE, 'Improved', 2, FALSE, 'Same', FALSE),
  (10397, 5396, 10396, FALSE, 1, TRUE, 'Improved', 0, FALSE, 'Worsened', FALSE),
  (10398, 5397, 10397, FALSE, 6, TRUE, 'Improved', 0, TRUE, 'Same', FALSE),
  (10399, 5398, 10398, TRUE, 8, FALSE, 'Same', 1, FALSE, 'Improved', FALSE),
  (10400, 5399, 10399, FALSE, 8, FALSE, 'Worsened', 1, FALSE, 'Same', FALSE)
ON CONFLICT (id) DO NOTHING;

INSERT INTO intervention_followups (id, child_id, screening_result_id, intervention_plan_generated, home_activities_assigned, followup_conducted, improvement_status, reduction_in_delay_months, domain_improvement, autism_risk_change, exit_high_risk) VALUES
  (10401, 5400, 10400, TRUE, 7, FALSE, 'Improved', 4, FALSE, 'Same', FALSE),
  (10402, 5401, 10401, FALSE, 9, FALSE, 'Improved', 2, TRUE, 'Same', FALSE),
  (10403, 5402, 10402, TRUE, 7, TRUE, 'Improved', 4, FALSE, 'Same', FALSE),
  (10404, 5403, 10403, TRUE, 4, TRUE, 'Same', 4, FALSE, 'Same', TRUE),
  (10405, 5404, 10404, TRUE, 9, TRUE, 'Improved', 1, FALSE, 'Same', FALSE),
  (10406, 5405, 10405, FALSE, 4, FALSE, 'Improved', 4, TRUE, 'Same', FALSE),
  (10407, 5406, 10406, TRUE, 9, TRUE, 'Improved', 2, TRUE, 'Same', FALSE),
  (10408, 5407, 10407, FALSE, 9, FALSE, 'Improved', 1, TRUE, 'Improved', FALSE),
  (10409, 5408, 10408, FALSE, 8, FALSE, 'Improved', 0, TRUE, 'Same', FALSE),
  (10410, 5409, 10409, TRUE, 0, FALSE, 'Improved', 4, FALSE, 'Improved', FALSE),
  (10411, 5410, 10410, FALSE, 0, FALSE, 'Worsened', 0, FALSE, 'Same', TRUE),
  (10412, 5411, 10411, TRUE, 2, FALSE, 'Same', 3, FALSE, 'Same', FALSE),
  (10413, 5412, 10412, FALSE, 6, FALSE, 'Improved', 1, TRUE, 'Improved', FALSE),
  (10414, 5413, 10413, TRUE, 9, FALSE, 'Improved', 5, TRUE, 'Same', FALSE),
  (10415, 5414, 10414, TRUE, 1, FALSE, 'Improved', 0, TRUE, 'Same', FALSE),
  (10416, 5415, 10415, TRUE, 2, FALSE, 'Improved', 5, FALSE, 'Same', FALSE),
  (10417, 5416, 10416, FALSE, 2, TRUE, 'Improved', 0, FALSE, 'Same', FALSE),
  (10418, 5417, 10417, TRUE, 1, TRUE, 'Same', 3, FALSE, 'Improved', TRUE),
  (10419, 5418, 10418, FALSE, 7, FALSE, 'Same', 2, FALSE, 'Improved', FALSE),
  (10420, 5419, 10419, FALSE, 9, FALSE, 'Worsened', 0, TRUE, 'Same', FALSE),
  (10421, 5420, 10420, FALSE, 0, FALSE, 'Improved', 5, TRUE, 'Same', FALSE),
  (10422, 5421, 10421, FALSE, 3, FALSE, 'Improved', 3, TRUE, 'Same', FALSE),
  (10423, 5422, 10422, FALSE, 8, FALSE, 'Improved', 3, FALSE, 'Improved', FALSE),
  (10424, 5423, 10423, TRUE, 0, FALSE, 'Same', 2, FALSE, 'Same', FALSE),
  (10425, 5424, 10424, FALSE, 0, FALSE, 'Same', 1, TRUE, 'Same', FALSE),
  (10426, 5425, 10425, TRUE, 9, FALSE, 'Improved', 0, TRUE, 'Improved', FALSE),
  (10427, 5426, 10426, TRUE, 9, TRUE, 'Same', 3, TRUE, 'Same', TRUE),
  (10428, 5427, 10427, FALSE, 3, FALSE, 'Improved', 3, FALSE, 'Improved', FALSE),
  (10429, 5428, 10428, TRUE, 4, FALSE, 'Same', 2, FALSE, 'Same', FALSE),
  (10430, 5429, 10429, FALSE, 1, FALSE, 'Improved', 5, FALSE, 'Improved', FALSE),
  (10431, 5430, 10430, TRUE, 8, FALSE, 'Improved', 0, FALSE, 'Improved', FALSE),
  (10432, 5431, 10431, TRUE, 2, FALSE, 'Same', 5, TRUE, 'Same', FALSE),
  (10433, 5432, 10432, FALSE, 5, TRUE, 'Improved', 1, FALSE, 'Improved', FALSE),
  (10434, 5433, 10433, TRUE, 7, FALSE, 'Same', 2, TRUE, 'Same', FALSE),
  (10435, 5434, 10434, TRUE, 2, FALSE, 'Improved', 3, FALSE, 'Same', FALSE),
  (10436, 5435, 10435, TRUE, 1, TRUE, 'Same', 3, FALSE, 'Same', FALSE),
  (10437, 5436, 10436, FALSE, 2, FALSE, 'Improved', 5, FALSE, 'Same', FALSE),
  (10438, 5437, 10437, FALSE, 4, FALSE, 'Worsened', 2, FALSE, 'Same', FALSE),
  (10439, 5438, 10438, FALSE, 2, TRUE, 'Improved', 1, FALSE, 'Same', FALSE),
  (10440, 5439, 10439, TRUE, 2, FALSE, 'Same', 1, TRUE, 'Improved', FALSE),
  (10441, 5440, 10440, TRUE, 1, FALSE, 'Improved', 3, FALSE, 'Same', FALSE),
  (10442, 5441, 10441, FALSE, 1, TRUE, 'Same', 4, FALSE, 'Same', FALSE),
  (10443, 5442, 10442, FALSE, 8, FALSE, 'Worsened', 3, TRUE, 'Same', FALSE),
  (10444, 5443, 10443, TRUE, 5, TRUE, 'Improved', 4, TRUE, 'Same', FALSE),
  (10445, 5444, 10444, TRUE, 7, FALSE, 'Worsened', 3, FALSE, 'Same', TRUE),
  (10446, 5445, 10445, TRUE, 1, TRUE, 'Same', 4, TRUE, 'Same', FALSE),
  (10447, 5446, 10446, FALSE, 3, FALSE, 'Improved', 2, TRUE, 'Same', TRUE),
  (10448, 5447, 10447, TRUE, 4, TRUE, 'Same', 1, FALSE, 'Same', TRUE),
  (10449, 5448, 10448, TRUE, 9, FALSE, 'Worsened', 4, FALSE, 'Same', FALSE),
  (10450, 5449, 10449, TRUE, 2, FALSE, 'Improved', 5, TRUE, 'Same', FALSE),
  (10451, 5450, 10450, FALSE, 7, FALSE, 'Worsened', 1, FALSE, 'Same', TRUE),
  (10452, 5451, 10451, TRUE, 4, FALSE, 'Improved', 4, TRUE, 'Same', FALSE),
  (10453, 5452, 10452, TRUE, 0, FALSE, 'Improved', 5, TRUE, 'Improved', FALSE),
  (10454, 5453, 10453, TRUE, 8, FALSE, 'Same', 1, TRUE, 'Improved', FALSE),
  (10455, 5454, 10454, FALSE, 3, FALSE, 'Same', 2, TRUE, 'Same', FALSE),
  (10456, 5455, 10455, TRUE, 0, FALSE, 'Improved', 0, TRUE, 'Same', FALSE),
  (10457, 5456, 10456, TRUE, 6, FALSE, 'Improved', 0, TRUE, 'Same', FALSE),
  (10458, 5457, 10457, FALSE, 8, FALSE, 'Improved', 1, FALSE, 'Same', FALSE),
  (10459, 5458, 10458, TRUE, 4, FALSE, 'Same', 1, FALSE, 'Same', FALSE),
  (10460, 5459, 10459, FALSE, 1, FALSE, 'Same', 0, FALSE, 'Same', TRUE),
  (10461, 5460, 10460, FALSE, 8, FALSE, 'Improved', 4, TRUE, 'Same', FALSE),
  (10462, 5461, 10461, FALSE, 3, TRUE, 'Same', 3, FALSE, 'Same', FALSE),
  (10463, 5462, 10462, FALSE, 8, FALSE, 'Improved', 1, TRUE, 'Improved', FALSE),
  (10464, 5463, 10463, FALSE, 0, FALSE, 'Same', 0, FALSE, 'Same', TRUE),
  (10465, 5464, 10464, FALSE, 8, FALSE, 'Same', 4, TRUE, 'Worsened', FALSE),
  (10466, 5465, 10465, TRUE, 8, FALSE, 'Same', 0, TRUE, 'Same', FALSE),
  (10467, 5466, 10466, TRUE, 5, FALSE, 'Improved', 0, TRUE, 'Worsened', FALSE),
  (10468, 5467, 10467, FALSE, 2, TRUE, 'Improved', 0, FALSE, 'Same', FALSE),
  (10469, 5468, 10468, TRUE, 2, FALSE, 'Same', 0, FALSE, 'Same', FALSE),
  (10470, 5469, 10469, FALSE, 5, TRUE, 'Improved', 5, FALSE, 'Same', FALSE),
  (10471, 5470, 10470, FALSE, 4, TRUE, 'Same', 0, TRUE, 'Same', FALSE),
  (10472, 5471, 10471, FALSE, 2, FALSE, 'Improved', 1, FALSE, 'Improved', TRUE),
  (10473, 5472, 10472, FALSE, 0, FALSE, 'Improved', 1, FALSE, 'Improved', FALSE),
  (10474, 5473, 10473, TRUE, 1, FALSE, 'Same', 5, TRUE, 'Same', FALSE),
  (10475, 5474, 10474, TRUE, 7, FALSE, 'Improved', 3, FALSE, 'Same', FALSE),
  (10476, 5475, 10475, FALSE, 8, TRUE, 'Improved', 2, TRUE, 'Same', FALSE),
  (10477, 5476, 10476, FALSE, 8, TRUE, 'Same', 4, FALSE, 'Same', FALSE),
  (10478, 5477, 10477, FALSE, 3, FALSE, 'Improved', 1, FALSE, 'Same', FALSE),
  (10479, 5478, 10478, TRUE, 6, FALSE, 'Improved', 3, FALSE, 'Same', FALSE),
  (10480, 5479, 10479, TRUE, 3, FALSE, 'Improved', 1, TRUE, 'Same', FALSE),
  (10481, 5480, 10480, TRUE, 9, FALSE, 'Same', 0, FALSE, 'Same', FALSE),
  (10482, 5481, 10481, TRUE, 6, FALSE, 'Same', 2, FALSE, 'Improved', FALSE),
  (10483, 5482, 10482, FALSE, 3, FALSE, 'Worsened', 0, FALSE, 'Same', FALSE),
  (10484, 5483, 10483, FALSE, 4, TRUE, 'Same', 4, FALSE, 'Same', FALSE),
  (10485, 5484, 10484, TRUE, 5, TRUE, 'Worsened', 3, TRUE, 'Improved', FALSE),
  (10486, 5485, 10485, TRUE, 8, FALSE, 'Same', 1, FALSE, 'Worsened', FALSE),
  (10487, 5486, 10486, TRUE, 1, FALSE, 'Improved', 0, FALSE, 'Improved', FALSE),
  (10488, 5487, 10487, FALSE, 7, TRUE, 'Same', 1, FALSE, 'Same', FALSE),
  (10489, 5488, 10488, FALSE, 0, FALSE, 'Improved', 1, FALSE, 'Same', TRUE),
  (10490, 5489, 10489, TRUE, 8, TRUE, 'Improved', 1, TRUE, 'Improved', FALSE),
  (10491, 5490, 10490, TRUE, 0, FALSE, 'Same', 1, FALSE, 'Same', FALSE),
  (10492, 5491, 10491, TRUE, 6, FALSE, 'Same', 2, FALSE, 'Same', FALSE),
  (10493, 5492, 10492, TRUE, 6, FALSE, 'Same', 2, FALSE, 'Improved', FALSE),
  (10494, 5493, 10493, FALSE, 2, TRUE, 'Improved', 5, TRUE, 'Improved', FALSE),
  (10495, 5494, 10494, TRUE, 1, FALSE, 'Improved', 3, FALSE, 'Same', FALSE),
  (10496, 5495, 10495, FALSE, 8, FALSE, 'Improved', 3, FALSE, 'Same', FALSE),
  (10497, 5496, 10496, TRUE, 6, FALSE, 'Improved', 2, TRUE, 'Same', FALSE),
  (10498, 5497, 10497, TRUE, 5, FALSE, 'Same', 3, FALSE, 'Same', FALSE),
  (10499, 5498, 10498, FALSE, 4, FALSE, 'Worsened', 4, TRUE, 'Same', TRUE),
  (10500, 5499, 10499, TRUE, 3, TRUE, 'Improved', 0, FALSE, 'Improved', FALSE)
ON CONFLICT (id) DO NOTHING;

INSERT INTO intervention_followups (id, child_id, screening_result_id, intervention_plan_generated, home_activities_assigned, followup_conducted, improvement_status, reduction_in_delay_months, domain_improvement, autism_risk_change, exit_high_risk) VALUES
  (10501, 5500, 10500, FALSE, 3, TRUE, 'Same', 3, FALSE, 'Same', FALSE),
  (10502, 5501, 10501, TRUE, 3, TRUE, 'Improved', 3, FALSE, 'Same', FALSE),
  (10503, 5502, 10502, FALSE, 6, TRUE, 'Improved', 1, FALSE, 'Same', FALSE),
  (10504, 5503, 10503, TRUE, 6, FALSE, 'Same', 4, FALSE, 'Worsened', FALSE),
  (10505, 5504, 10504, FALSE, 3, FALSE, 'Improved', 3, FALSE, 'Same', FALSE),
  (10506, 5505, 10505, FALSE, 1, FALSE, 'Improved', 0, TRUE, 'Same', FALSE),
  (10507, 5506, 10506, FALSE, 0, FALSE, 'Improved', 4, FALSE, 'Same', FALSE),
  (10508, 5507, 10507, FALSE, 8, FALSE, 'Improved', 5, FALSE, 'Same', FALSE),
  (10509, 5508, 10508, FALSE, 9, TRUE, 'Improved', 1, TRUE, 'Same', TRUE),
  (10510, 5509, 10509, TRUE, 3, FALSE, 'Improved', 2, TRUE, 'Same', FALSE),
  (10511, 5510, 10510, TRUE, 0, FALSE, 'Same', 3, FALSE, 'Same', FALSE),
  (10512, 5511, 10511, FALSE, 7, FALSE, 'Same', 1, FALSE, 'Same', FALSE),
  (10513, 5512, 10512, TRUE, 8, FALSE, 'Same', 0, TRUE, 'Improved', FALSE),
  (10514, 5513, 10513, TRUE, 0, FALSE, 'Same', 0, FALSE, 'Worsened', FALSE),
  (10515, 5514, 10514, FALSE, 1, TRUE, 'Same', 5, TRUE, 'Same', FALSE),
  (10516, 5515, 10515, TRUE, 2, FALSE, 'Improved', 3, FALSE, 'Same', FALSE),
  (10517, 5516, 10516, FALSE, 1, FALSE, 'Improved', 0, TRUE, 'Improved', FALSE),
  (10518, 5517, 10517, FALSE, 6, FALSE, 'Improved', 1, TRUE, 'Same', FALSE),
  (10519, 5518, 10518, TRUE, 8, TRUE, 'Improved', 4, FALSE, 'Improved', FALSE),
  (10520, 5519, 10519, FALSE, 8, FALSE, 'Same', 5, FALSE, 'Same', FALSE),
  (10521, 5520, 10520, FALSE, 7, FALSE, 'Improved', 3, TRUE, 'Same', TRUE),
  (10522, 5521, 10521, TRUE, 3, TRUE, 'Same', 2, FALSE, 'Improved', FALSE),
  (10523, 5522, 10522, TRUE, 6, FALSE, 'Same', 1, FALSE, 'Improved', FALSE),
  (10524, 5523, 10523, TRUE, 7, FALSE, 'Improved', 0, TRUE, 'Same', TRUE),
  (10525, 5524, 10524, TRUE, 6, FALSE, 'Same', 3, FALSE, 'Same', FALSE),
  (10526, 5525, 10525, TRUE, 4, FALSE, 'Improved', 5, FALSE, 'Same', FALSE),
  (10527, 5526, 10526, TRUE, 0, FALSE, 'Improved', 1, TRUE, 'Same', FALSE),
  (10528, 5527, 10527, FALSE, 2, FALSE, 'Same', 1, FALSE, 'Same', FALSE),
  (10529, 5528, 10528, FALSE, 2, FALSE, 'Improved', 0, TRUE, 'Improved', FALSE),
  (10530, 5529, 10529, TRUE, 9, FALSE, 'Improved', 5, FALSE, 'Same', TRUE),
  (10531, 5530, 10530, FALSE, 8, FALSE, 'Improved', 1, FALSE, 'Same', TRUE),
  (10532, 5531, 10531, FALSE, 4, FALSE, 'Same', 1, TRUE, 'Same', FALSE),
  (10533, 5532, 10532, FALSE, 2, FALSE, 'Improved', 0, FALSE, 'Improved', FALSE),
  (10534, 5533, 10533, FALSE, 6, FALSE, 'Improved', 3, FALSE, 'Same', FALSE),
  (10535, 5534, 10534, FALSE, 4, FALSE, 'Same', 1, TRUE, 'Improved', FALSE),
  (10536, 5535, 10535, TRUE, 3, TRUE, 'Same', 5, FALSE, 'Same', TRUE),
  (10537, 5536, 10536, TRUE, 0, FALSE, 'Improved', 1, TRUE, 'Improved', FALSE),
  (10538, 5537, 10537, FALSE, 5, FALSE, 'Worsened', 0, TRUE, 'Improved', FALSE),
  (10539, 5538, 10538, FALSE, 9, TRUE, 'Improved', 3, FALSE, 'Same', FALSE),
  (10540, 5539, 10539, FALSE, 8, TRUE, 'Improved', 0, FALSE, 'Improved', TRUE),
  (10541, 5540, 10540, TRUE, 4, FALSE, 'Improved', 1, FALSE, 'Same', FALSE),
  (10542, 5541, 10541, TRUE, 4, TRUE, 'Same', 1, TRUE, 'Same', FALSE),
  (10543, 5542, 10542, FALSE, 6, TRUE, 'Improved', 2, FALSE, 'Same', FALSE),
  (10544, 5543, 10543, FALSE, 4, FALSE, 'Improved', 5, TRUE, 'Same', FALSE),
  (10545, 5544, 10544, FALSE, 4, FALSE, 'Improved', 1, FALSE, 'Same', FALSE),
  (10546, 5545, 10545, FALSE, 9, FALSE, 'Worsened', 5, FALSE, 'Improved', FALSE),
  (10547, 5546, 10546, TRUE, 6, TRUE, 'Improved', 0, FALSE, 'Same', FALSE),
  (10548, 5547, 10547, FALSE, 6, FALSE, 'Same', 2, TRUE, 'Same', FALSE),
  (10549, 5548, 10548, TRUE, 0, FALSE, 'Same', 5, TRUE, 'Same', TRUE),
  (10550, 5549, 10549, FALSE, 8, FALSE, 'Improved', 3, FALSE, 'Improved', FALSE),
  (10551, 5550, 10550, TRUE, 4, FALSE, 'Improved', 3, TRUE, 'Same', FALSE),
  (10552, 5551, 10551, TRUE, 6, TRUE, 'Improved', 5, FALSE, 'Same', FALSE),
  (10553, 5552, 10552, FALSE, 5, FALSE, 'Same', 5, TRUE, 'Improved', FALSE),
  (10554, 5553, 10553, FALSE, 4, FALSE, 'Improved', 2, FALSE, 'Same', FALSE),
  (10555, 5554, 10554, TRUE, 8, TRUE, 'Improved', 0, FALSE, 'Same', FALSE),
  (10556, 5555, 10555, TRUE, 7, TRUE, 'Same', 3, FALSE, 'Worsened', FALSE),
  (10557, 5556, 10556, TRUE, 3, TRUE, 'Improved', 3, FALSE, 'Same', FALSE),
  (10558, 5557, 10557, TRUE, 9, FALSE, 'Improved', 0, FALSE, 'Same', FALSE),
  (10559, 5558, 10558, FALSE, 3, FALSE, 'Same', 1, FALSE, 'Worsened', FALSE),
  (10560, 5559, 10559, TRUE, 0, FALSE, 'Improved', 3, FALSE, 'Same', FALSE),
  (10561, 5560, 10560, FALSE, 9, FALSE, 'Improved', 5, TRUE, 'Same', FALSE),
  (10562, 5561, 10561, TRUE, 7, TRUE, 'Same', 5, FALSE, 'Same', TRUE),
  (10563, 5562, 10562, TRUE, 3, FALSE, 'Improved', 5, FALSE, 'Same', FALSE),
  (10564, 5563, 10563, TRUE, 7, TRUE, 'Improved', 0, FALSE, 'Improved', FALSE),
  (10565, 5564, 10564, FALSE, 6, FALSE, 'Improved', 2, TRUE, 'Same', FALSE),
  (10566, 5565, 10565, FALSE, 0, TRUE, 'Improved', 4, TRUE, 'Improved', FALSE),
  (10567, 5566, 10566, TRUE, 8, TRUE, 'Improved', 0, TRUE, 'Same', FALSE),
  (10568, 5567, 10567, FALSE, 5, FALSE, 'Same', 0, FALSE, 'Same', TRUE),
  (10569, 5568, 10568, FALSE, 7, FALSE, 'Worsened', 5, TRUE, 'Same', FALSE),
  (10570, 5569, 10569, TRUE, 3, FALSE, 'Improved', 0, FALSE, 'Improved', FALSE),
  (10571, 5570, 10570, TRUE, 9, TRUE, 'Same', 1, FALSE, 'Same', FALSE),
  (10572, 5571, 10571, TRUE, 2, FALSE, 'Improved', 2, FALSE, 'Same', FALSE),
  (10573, 5572, 10572, FALSE, 0, FALSE, 'Same', 2, FALSE, 'Same', FALSE),
  (10574, 5573, 10573, TRUE, 7, FALSE, 'Same', 5, FALSE, 'Same', FALSE),
  (10575, 5574, 10574, TRUE, 2, FALSE, 'Same', 4, FALSE, 'Improved', FALSE),
  (10576, 5575, 10575, FALSE, 2, TRUE, 'Same', 0, TRUE, 'Same', FALSE),
  (10577, 5576, 10576, TRUE, 3, FALSE, 'Same', 3, TRUE, 'Same', TRUE),
  (10578, 5577, 10577, FALSE, 5, FALSE, 'Worsened', 4, FALSE, 'Worsened', FALSE),
  (10579, 5578, 10578, FALSE, 9, FALSE, 'Same', 1, TRUE, 'Same', FALSE),
  (10580, 5579, 10579, FALSE, 2, TRUE, 'Same', 1, FALSE, 'Same', FALSE),
  (10581, 5580, 10580, TRUE, 6, FALSE, 'Worsened', 0, FALSE, 'Same', FALSE),
  (10582, 5581, 10581, FALSE, 5, FALSE, 'Improved', 5, TRUE, 'Same', FALSE),
  (10583, 5582, 10582, FALSE, 1, TRUE, 'Same', 4, FALSE, 'Same', FALSE),
  (10584, 5583, 10583, TRUE, 5, FALSE, 'Same', 1, FALSE, 'Improved', FALSE),
  (10585, 5584, 10584, TRUE, 2, FALSE, 'Improved', 5, FALSE, 'Improved', FALSE),
  (10586, 5585, 10585, FALSE, 0, TRUE, 'Same', 3, FALSE, 'Same', FALSE),
  (10587, 5586, 10586, TRUE, 0, TRUE, 'Improved', 0, TRUE, 'Improved', TRUE),
  (10588, 5587, 10587, TRUE, 2, TRUE, 'Same', 4, TRUE, 'Improved', FALSE),
  (10589, 5588, 10588, FALSE, 6, TRUE, 'Improved', 4, TRUE, 'Same', TRUE),
  (10590, 5589, 10589, TRUE, 3, FALSE, 'Improved', 0, FALSE, 'Same', FALSE),
  (10591, 5590, 10590, FALSE, 7, TRUE, 'Improved', 2, FALSE, 'Same', FALSE),
  (10592, 5591, 10591, FALSE, 2, TRUE, 'Improved', 2, FALSE, 'Improved', TRUE),
  (10593, 5592, 10592, FALSE, 6, FALSE, 'Worsened', 5, FALSE, 'Same', FALSE),
  (10594, 5593, 10593, FALSE, 6, TRUE, 'Same', 0, FALSE, 'Improved', FALSE),
  (10595, 5594, 10594, TRUE, 7, FALSE, 'Improved', 0, FALSE, 'Worsened', FALSE),
  (10596, 5595, 10595, FALSE, 1, TRUE, 'Worsened', 3, TRUE, 'Same', FALSE),
  (10597, 5596, 10596, TRUE, 2, FALSE, 'Same', 5, TRUE, 'Improved', FALSE),
  (10598, 5597, 10597, FALSE, 6, FALSE, 'Improved', 4, FALSE, 'Same', FALSE),
  (10599, 5598, 10598, TRUE, 6, FALSE, 'Improved', 2, TRUE, 'Same', FALSE),
  (10600, 5599, 10599, TRUE, 0, FALSE, 'Improved', 1, FALSE, 'Improved', FALSE)
ON CONFLICT (id) DO NOTHING;

INSERT INTO intervention_followups (id, child_id, screening_result_id, intervention_plan_generated, home_activities_assigned, followup_conducted, improvement_status, reduction_in_delay_months, domain_improvement, autism_risk_change, exit_high_risk) VALUES
  (10601, 5600, 10600, FALSE, 9, FALSE, 'Improved', 5, TRUE, 'Improved', FALSE),
  (10602, 5601, 10601, TRUE, 0, FALSE, 'Same', 2, TRUE, 'Worsened', FALSE),
  (10603, 5602, 10602, FALSE, 7, FALSE, 'Improved', 5, FALSE, 'Same', TRUE),
  (10604, 5603, 10603, FALSE, 7, TRUE, 'Same', 3, TRUE, 'Same', FALSE),
  (10605, 5604, 10604, FALSE, 1, TRUE, 'Improved', 5, TRUE, 'Same', FALSE),
  (10606, 5605, 10605, TRUE, 9, TRUE, 'Same', 0, FALSE, 'Improved', FALSE),
  (10607, 5606, 10606, TRUE, 6, TRUE, 'Same', 3, FALSE, 'Worsened', FALSE),
  (10608, 5607, 10607, FALSE, 1, FALSE, 'Improved', 5, FALSE, 'Improved', FALSE),
  (10609, 5608, 10608, FALSE, 2, TRUE, 'Same', 1, TRUE, 'Improved', FALSE),
  (10610, 5609, 10609, TRUE, 1, FALSE, 'Same', 0, FALSE, 'Improved', FALSE),
  (10611, 5610, 10610, FALSE, 2, FALSE, 'Same', 3, TRUE, 'Improved', FALSE),
  (10612, 5611, 10611, TRUE, 2, FALSE, 'Improved', 4, FALSE, 'Same', FALSE),
  (10613, 5612, 10612, FALSE, 7, FALSE, 'Same', 4, FALSE, 'Same', TRUE),
  (10614, 5613, 10613, FALSE, 2, FALSE, 'Improved', 2, FALSE, 'Same', FALSE),
  (10615, 5614, 10614, TRUE, 1, FALSE, 'Worsened', 1, TRUE, 'Improved', FALSE),
  (10616, 5615, 10615, FALSE, 6, FALSE, 'Same', 2, TRUE, 'Improved', FALSE),
  (10617, 5616, 10616, FALSE, 5, FALSE, 'Improved', 1, TRUE, 'Same', FALSE),
  (10618, 5617, 10617, TRUE, 0, TRUE, 'Same', 3, TRUE, 'Same', FALSE),
  (10619, 5618, 10618, TRUE, 6, FALSE, 'Same', 3, FALSE, 'Same', TRUE),
  (10620, 5619, 10619, FALSE, 1, FALSE, 'Improved', 5, FALSE, 'Same', FALSE),
  (10621, 5620, 10620, FALSE, 7, FALSE, 'Improved', 3, FALSE, 'Same', FALSE),
  (10622, 5621, 10621, TRUE, 0, TRUE, 'Improved', 1, FALSE, 'Improved', FALSE),
  (10623, 5622, 10622, FALSE, 8, FALSE, 'Same', 0, FALSE, 'Improved', FALSE),
  (10624, 5623, 10623, FALSE, 2, FALSE, 'Worsened', 1, TRUE, 'Worsened', FALSE),
  (10625, 5624, 10624, TRUE, 5, FALSE, 'Improved', 1, FALSE, 'Same', FALSE),
  (10626, 5625, 10625, TRUE, 4, TRUE, 'Improved', 1, TRUE, 'Same', FALSE),
  (10627, 5626, 10626, TRUE, 9, TRUE, 'Same', 1, FALSE, 'Improved', FALSE),
  (10628, 5627, 10627, TRUE, 7, FALSE, 'Same', 3, FALSE, 'Same', TRUE),
  (10629, 5628, 10628, FALSE, 1, FALSE, 'Worsened', 3, FALSE, 'Same', TRUE),
  (10630, 5629, 10629, TRUE, 6, FALSE, 'Improved', 1, FALSE, 'Same', FALSE),
  (10631, 5630, 10630, TRUE, 0, FALSE, 'Same', 3, FALSE, 'Improved', FALSE),
  (10632, 5631, 10631, TRUE, 7, FALSE, 'Improved', 3, TRUE, 'Same', FALSE),
  (10633, 5632, 10632, TRUE, 2, TRUE, 'Same', 5, TRUE, 'Improved', FALSE),
  (10634, 5633, 10633, TRUE, 4, FALSE, 'Worsened', 0, FALSE, 'Same', FALSE),
  (10635, 5634, 10634, TRUE, 6, FALSE, 'Worsened', 1, FALSE, 'Improved', FALSE),
  (10636, 5635, 10635, TRUE, 7, FALSE, 'Same', 1, FALSE, 'Improved', FALSE),
  (10637, 5636, 10636, TRUE, 0, TRUE, 'Same', 0, TRUE, 'Same', FALSE),
  (10638, 5637, 10637, TRUE, 2, TRUE, 'Improved', 3, TRUE, 'Same', FALSE),
  (10639, 5638, 10638, FALSE, 5, FALSE, 'Improved', 4, TRUE, 'Same', TRUE),
  (10640, 5639, 10639, FALSE, 0, FALSE, 'Improved', 1, FALSE, 'Worsened', FALSE),
  (10641, 5640, 10640, TRUE, 4, FALSE, 'Improved', 0, FALSE, 'Same', FALSE),
  (10642, 5641, 10641, TRUE, 7, FALSE, 'Improved', 5, FALSE, 'Same', TRUE),
  (10643, 5642, 10642, TRUE, 6, FALSE, 'Improved', 0, FALSE, 'Same', FALSE),
  (10644, 5643, 10643, FALSE, 5, FALSE, 'Worsened', 0, FALSE, 'Same', FALSE),
  (10645, 5644, 10644, FALSE, 4, FALSE, 'Improved', 5, TRUE, 'Improved', TRUE),
  (10646, 5645, 10645, TRUE, 5, FALSE, 'Same', 0, TRUE, 'Same', FALSE),
  (10647, 5646, 10646, TRUE, 0, FALSE, 'Same', 4, TRUE, 'Improved', FALSE),
  (10648, 5647, 10647, TRUE, 0, TRUE, 'Improved', 4, FALSE, 'Improved', FALSE),
  (10649, 5648, 10648, FALSE, 4, FALSE, 'Same', 1, FALSE, 'Same', FALSE),
  (10650, 5649, 10649, TRUE, 0, TRUE, 'Same', 4, FALSE, 'Same', FALSE),
  (10651, 5650, 10650, FALSE, 9, FALSE, 'Improved', 1, FALSE, 'Same', FALSE),
  (10652, 5651, 10651, TRUE, 1, FALSE, 'Same', 1, TRUE, 'Worsened', FALSE),
  (10653, 5652, 10652, TRUE, 6, FALSE, 'Improved', 1, FALSE, 'Same', FALSE),
  (10654, 5653, 10653, FALSE, 0, FALSE, 'Same', 2, FALSE, 'Same', FALSE),
  (10655, 5654, 10654, TRUE, 3, FALSE, 'Worsened', 3, TRUE, 'Same', TRUE),
  (10656, 5655, 10655, TRUE, 9, FALSE, 'Improved', 0, FALSE, 'Improved', FALSE),
  (10657, 5656, 10656, FALSE, 8, FALSE, 'Improved', 4, FALSE, 'Same', FALSE),
  (10658, 5657, 10657, FALSE, 9, FALSE, 'Improved', 3, TRUE, 'Same', FALSE),
  (10659, 5658, 10658, TRUE, 1, FALSE, 'Improved', 4, TRUE, 'Improved', TRUE),
  (10660, 5659, 10659, FALSE, 9, TRUE, 'Same', 5, TRUE, 'Same', FALSE),
  (10661, 5660, 10660, FALSE, 7, FALSE, 'Improved', 5, TRUE, 'Same', FALSE),
  (10662, 5661, 10661, FALSE, 2, FALSE, 'Improved', 3, FALSE, 'Worsened', FALSE),
  (10663, 5662, 10662, FALSE, 0, FALSE, 'Same', 2, FALSE, 'Same', FALSE),
  (10664, 5663, 10663, FALSE, 8, TRUE, 'Worsened', 2, FALSE, 'Improved', TRUE),
  (10665, 5664, 10664, TRUE, 7, FALSE, 'Improved', 3, FALSE, 'Same', FALSE),
  (10666, 5665, 10665, TRUE, 8, FALSE, 'Improved', 0, TRUE, 'Same', FALSE),
  (10667, 5666, 10666, TRUE, 1, TRUE, 'Same', 4, FALSE, 'Improved', FALSE),
  (10668, 5667, 10667, TRUE, 2, TRUE, 'Worsened', 5, TRUE, 'Improved', FALSE),
  (10669, 5668, 10668, FALSE, 2, FALSE, 'Improved', 4, TRUE, 'Same', FALSE),
  (10670, 5669, 10669, FALSE, 2, FALSE, 'Same', 4, FALSE, 'Same', FALSE),
  (10671, 5670, 10670, FALSE, 9, FALSE, 'Improved', 3, FALSE, 'Improved', FALSE),
  (10672, 5671, 10671, FALSE, 0, FALSE, 'Improved', 5, TRUE, 'Same', TRUE),
  (10673, 5672, 10672, TRUE, 4, FALSE, 'Same', 3, FALSE, 'Improved', FALSE),
  (10674, 5673, 10673, FALSE, 9, TRUE, 'Improved', 1, TRUE, 'Same', FALSE),
  (10675, 5674, 10674, FALSE, 5, FALSE, 'Improved', 5, TRUE, 'Same', FALSE),
  (10676, 5675, 10675, FALSE, 5, FALSE, 'Improved', 2, TRUE, 'Same', FALSE),
  (10677, 5676, 10676, FALSE, 6, FALSE, 'Same', 4, FALSE, 'Same', FALSE),
  (10678, 5677, 10677, FALSE, 3, FALSE, 'Same', 3, FALSE, 'Worsened', FALSE),
  (10679, 5678, 10678, TRUE, 4, FALSE, 'Improved', 3, FALSE, 'Worsened', FALSE),
  (10680, 5679, 10679, FALSE, 9, TRUE, 'Worsened', 4, FALSE, 'Improved', FALSE),
  (10681, 5680, 10680, FALSE, 6, FALSE, 'Improved', 1, TRUE, 'Same', FALSE),
  (10682, 5681, 10681, FALSE, 0, TRUE, 'Improved', 0, TRUE, 'Same', FALSE),
  (10683, 5682, 10682, TRUE, 7, TRUE, 'Same', 1, FALSE, 'Worsened', FALSE),
  (10684, 5683, 10683, FALSE, 9, FALSE, 'Same', 5, TRUE, 'Worsened', TRUE),
  (10685, 5684, 10684, FALSE, 8, FALSE, 'Same', 2, FALSE, 'Same', FALSE),
  (10686, 5685, 10685, TRUE, 6, TRUE, 'Worsened', 0, FALSE, 'Same', FALSE),
  (10687, 5686, 10686, FALSE, 5, TRUE, 'Same', 2, FALSE, 'Same', TRUE),
  (10688, 5687, 10687, TRUE, 8, FALSE, 'Same', 3, TRUE, 'Worsened', FALSE),
  (10689, 5688, 10688, FALSE, 7, TRUE, 'Same', 3, TRUE, 'Improved', FALSE),
  (10690, 5689, 10689, FALSE, 2, FALSE, 'Same', 3, TRUE, 'Same', FALSE),
  (10691, 5690, 10690, TRUE, 4, FALSE, 'Improved', 2, FALSE, 'Same', TRUE),
  (10692, 5691, 10691, TRUE, 4, FALSE, 'Improved', 1, TRUE, 'Worsened', FALSE),
  (10693, 5692, 10692, FALSE, 8, FALSE, 'Improved', 4, TRUE, 'Improved', FALSE),
  (10694, 5693, 10693, FALSE, 1, FALSE, 'Improved', 4, FALSE, 'Same', FALSE),
  (10695, 5694, 10694, FALSE, 6, FALSE, 'Improved', 3, TRUE, 'Same', FALSE),
  (10696, 5695, 10695, TRUE, 5, FALSE, 'Same', 2, TRUE, 'Improved', FALSE),
  (10697, 5696, 10696, FALSE, 8, FALSE, 'Improved', 2, FALSE, 'Same', TRUE),
  (10698, 5697, 10697, TRUE, 6, FALSE, 'Same', 3, FALSE, 'Same', FALSE),
  (10699, 5698, 10698, TRUE, 7, FALSE, 'Improved', 2, FALSE, 'Same', TRUE),
  (10700, 5699, 10699, FALSE, 6, FALSE, 'Improved', 1, FALSE, 'Improved', FALSE)
ON CONFLICT (id) DO NOTHING;

INSERT INTO intervention_followups (id, child_id, screening_result_id, intervention_plan_generated, home_activities_assigned, followup_conducted, improvement_status, reduction_in_delay_months, domain_improvement, autism_risk_change, exit_high_risk) VALUES
  (10701, 5700, 10700, TRUE, 0, TRUE, 'Improved', 3, FALSE, 'Same', TRUE),
  (10702, 5701, 10701, FALSE, 8, FALSE, 'Same', 2, FALSE, 'Same', FALSE),
  (10703, 5702, 10702, FALSE, 7, TRUE, 'Same', 5, TRUE, 'Same', FALSE),
  (10704, 5703, 10703, TRUE, 9, TRUE, 'Same', 1, FALSE, 'Same', TRUE),
  (10705, 5704, 10704, TRUE, 1, FALSE, 'Improved', 4, TRUE, 'Same', FALSE),
  (10706, 5705, 10705, FALSE, 6, FALSE, 'Same', 3, FALSE, 'Same', FALSE),
  (10707, 5706, 10706, FALSE, 9, FALSE, 'Same', 2, FALSE, 'Same', FALSE),
  (10708, 5707, 10707, FALSE, 0, FALSE, 'Improved', 4, TRUE, 'Same', TRUE),
  (10709, 5708, 10708, FALSE, 4, FALSE, 'Worsened', 5, TRUE, 'Same', TRUE),
  (10710, 5709, 10709, FALSE, 1, FALSE, 'Improved', 0, TRUE, 'Same', FALSE),
  (10711, 5710, 10710, FALSE, 5, TRUE, 'Same', 1, FALSE, 'Same', FALSE),
  (10712, 5711, 10711, FALSE, 8, FALSE, 'Improved', 0, FALSE, 'Same', FALSE),
  (10713, 5712, 10712, TRUE, 0, TRUE, 'Improved', 2, TRUE, 'Improved', FALSE),
  (10714, 5713, 10713, FALSE, 8, FALSE, 'Same', 5, TRUE, 'Improved', FALSE),
  (10715, 5714, 10714, TRUE, 6, TRUE, 'Improved', 0, TRUE, 'Worsened', FALSE),
  (10716, 5715, 10715, FALSE, 5, FALSE, 'Improved', 0, FALSE, 'Improved', FALSE),
  (10717, 5716, 10716, TRUE, 4, FALSE, 'Improved', 3, FALSE, 'Same', TRUE),
  (10718, 5717, 10717, FALSE, 0, TRUE, 'Same', 5, TRUE, 'Same', FALSE),
  (10719, 5718, 10718, FALSE, 1, FALSE, 'Same', 0, TRUE, 'Worsened', TRUE),
  (10720, 5719, 10719, FALSE, 3, TRUE, 'Same', 5, FALSE, 'Same', FALSE),
  (10721, 5720, 10720, TRUE, 2, FALSE, 'Improved', 1, TRUE, 'Same', FALSE),
  (10722, 5721, 10721, TRUE, 3, FALSE, 'Improved', 0, TRUE, 'Same', FALSE),
  (10723, 5722, 10722, TRUE, 7, TRUE, 'Worsened', 4, FALSE, 'Improved', FALSE),
  (10724, 5723, 10723, FALSE, 3, FALSE, 'Worsened', 2, TRUE, 'Same', FALSE),
  (10725, 5724, 10724, TRUE, 3, FALSE, 'Same', 2, TRUE, 'Same', FALSE),
  (10726, 5725, 10725, TRUE, 3, FALSE, 'Improved', 0, TRUE, 'Same', FALSE),
  (10727, 5726, 10726, TRUE, 4, TRUE, 'Same', 2, FALSE, 'Same', FALSE),
  (10728, 5727, 10727, TRUE, 1, FALSE, 'Improved', 4, FALSE, 'Same', FALSE),
  (10729, 5728, 10728, FALSE, 5, FALSE, 'Same', 1, TRUE, 'Same', TRUE),
  (10730, 5729, 10729, FALSE, 9, TRUE, 'Improved', 0, FALSE, 'Improved', FALSE),
  (10731, 5730, 10730, FALSE, 5, FALSE, 'Improved', 1, FALSE, 'Same', TRUE),
  (10732, 5731, 10731, TRUE, 7, FALSE, 'Improved', 1, TRUE, 'Improved', TRUE),
  (10733, 5732, 10732, TRUE, 5, FALSE, 'Same', 4, FALSE, 'Same', FALSE),
  (10734, 5733, 10733, FALSE, 6, FALSE, 'Same', 1, FALSE, 'Same', FALSE),
  (10735, 5734, 10734, TRUE, 5, FALSE, 'Improved', 1, TRUE, 'Improved', FALSE),
  (10736, 5735, 10735, FALSE, 2, TRUE, 'Same', 3, TRUE, 'Same', TRUE),
  (10737, 5736, 10736, TRUE, 1, FALSE, 'Same', 5, FALSE, 'Same', TRUE),
  (10738, 5737, 10737, TRUE, 5, TRUE, 'Improved', 5, TRUE, 'Same', FALSE),
  (10739, 5738, 10738, TRUE, 4, FALSE, 'Improved', 0, FALSE, 'Worsened', FALSE),
  (10740, 5739, 10739, FALSE, 7, FALSE, 'Worsened', 4, FALSE, 'Improved', TRUE),
  (10741, 5740, 10740, FALSE, 4, FALSE, 'Improved', 5, TRUE, 'Same', FALSE),
  (10742, 5741, 10741, FALSE, 3, FALSE, 'Improved', 5, FALSE, 'Improved', FALSE),
  (10743, 5742, 10742, FALSE, 6, FALSE, 'Same', 0, FALSE, 'Same', FALSE),
  (10744, 5743, 10743, FALSE, 1, FALSE, 'Same', 0, FALSE, 'Same', FALSE),
  (10745, 5744, 10744, TRUE, 4, FALSE, 'Same', 5, TRUE, 'Same', FALSE),
  (10746, 5745, 10745, FALSE, 6, FALSE, 'Same', 4, TRUE, 'Improved', FALSE),
  (10747, 5746, 10746, FALSE, 3, FALSE, 'Improved', 2, FALSE, 'Improved', FALSE),
  (10748, 5747, 10747, FALSE, 2, FALSE, 'Improved', 3, FALSE, 'Same', FALSE),
  (10749, 5748, 10748, TRUE, 8, FALSE, 'Same', 1, FALSE, 'Same', FALSE),
  (10750, 5749, 10749, FALSE, 5, FALSE, 'Improved', 3, FALSE, 'Same', TRUE),
  (10751, 5750, 10750, TRUE, 7, FALSE, 'Same', 3, FALSE, 'Same', FALSE),
  (10752, 5751, 10751, FALSE, 0, TRUE, 'Improved', 4, TRUE, 'Improved', FALSE),
  (10753, 5752, 10752, FALSE, 7, FALSE, 'Same', 1, FALSE, 'Improved', FALSE),
  (10754, 5753, 10753, FALSE, 0, FALSE, 'Improved', 0, FALSE, 'Same', FALSE),
  (10755, 5754, 10754, FALSE, 6, FALSE, 'Worsened', 5, FALSE, 'Improved', FALSE),
  (10756, 5755, 10755, TRUE, 8, FALSE, 'Worsened', 4, TRUE, 'Same', FALSE),
  (10757, 5756, 10756, TRUE, 7, TRUE, 'Improved', 2, FALSE, 'Same', FALSE),
  (10758, 5757, 10757, TRUE, 4, FALSE, 'Same', 1, FALSE, 'Improved', FALSE),
  (10759, 5758, 10758, FALSE, 0, FALSE, 'Same', 3, TRUE, 'Same', FALSE),
  (10760, 5759, 10759, FALSE, 6, FALSE, 'Same', 4, FALSE, 'Improved', FALSE),
  (10761, 5760, 10760, FALSE, 3, FALSE, 'Same', 0, FALSE, 'Same', FALSE),
  (10762, 5761, 10761, FALSE, 0, FALSE, 'Worsened', 4, FALSE, 'Same', FALSE),
  (10763, 5762, 10762, TRUE, 3, TRUE, 'Improved', 2, TRUE, 'Same', FALSE),
  (10764, 5763, 10763, FALSE, 4, FALSE, 'Same', 2, TRUE, 'Same', FALSE),
  (10765, 5764, 10764, TRUE, 8, TRUE, 'Improved', 2, FALSE, 'Improved', TRUE),
  (10766, 5765, 10765, TRUE, 2, FALSE, 'Same', 0, FALSE, 'Same', FALSE),
  (10767, 5766, 10766, FALSE, 8, TRUE, 'Improved', 4, FALSE, 'Worsened', FALSE),
  (10768, 5767, 10767, FALSE, 2, FALSE, 'Same', 0, FALSE, 'Same', FALSE),
  (10769, 5768, 10768, FALSE, 8, FALSE, 'Improved', 0, FALSE, 'Same', FALSE),
  (10770, 5769, 10769, FALSE, 3, TRUE, 'Improved', 4, TRUE, 'Same', TRUE),
  (10771, 5770, 10770, FALSE, 5, FALSE, 'Improved', 4, FALSE, 'Same', FALSE),
  (10772, 5771, 10771, TRUE, 5, TRUE, 'Improved', 3, TRUE, 'Same', FALSE),
  (10773, 5772, 10772, FALSE, 5, TRUE, 'Improved', 0, TRUE, 'Same', FALSE),
  (10774, 5773, 10773, FALSE, 3, TRUE, 'Improved', 0, FALSE, 'Same', FALSE),
  (10775, 5774, 10774, TRUE, 2, FALSE, 'Same', 1, TRUE, 'Same', FALSE),
  (10776, 5775, 10775, FALSE, 7, FALSE, 'Same', 3, FALSE, 'Same', FALSE),
  (10777, 5776, 10776, FALSE, 8, TRUE, 'Improved', 1, TRUE, 'Same', FALSE),
  (10778, 5777, 10777, FALSE, 0, FALSE, 'Same', 1, FALSE, 'Worsened', FALSE),
  (10779, 5778, 10778, FALSE, 6, TRUE, 'Same', 4, TRUE, 'Same', TRUE),
  (10780, 5779, 10779, FALSE, 1, FALSE, 'Same', 2, FALSE, 'Same', FALSE),
  (10781, 5780, 10780, FALSE, 6, TRUE, 'Worsened', 5, TRUE, 'Same', TRUE),
  (10782, 5781, 10781, TRUE, 1, TRUE, 'Worsened', 0, TRUE, 'Same', FALSE),
  (10783, 5782, 10782, FALSE, 3, FALSE, 'Improved', 0, FALSE, 'Same', FALSE),
  (10784, 5783, 10783, TRUE, 4, FALSE, 'Improved', 5, FALSE, 'Improved', FALSE),
  (10785, 5784, 10784, TRUE, 7, FALSE, 'Same', 5, FALSE, 'Same', FALSE),
  (10786, 5785, 10785, FALSE, 4, FALSE, 'Same', 4, FALSE, 'Same', TRUE),
  (10787, 5786, 10786, TRUE, 4, TRUE, 'Same', 4, TRUE, 'Same', FALSE),
  (10788, 5787, 10787, FALSE, 5, FALSE, 'Improved', 2, FALSE, 'Same', FALSE),
  (10789, 5788, 10788, FALSE, 8, TRUE, 'Same', 1, FALSE, 'Same', FALSE),
  (10790, 5789, 10789, TRUE, 3, FALSE, 'Worsened', 4, FALSE, 'Same', FALSE),
  (10791, 5790, 10790, TRUE, 0, TRUE, 'Improved', 1, TRUE, 'Same', FALSE),
  (10792, 5791, 10791, FALSE, 2, FALSE, 'Same', 1, FALSE, 'Same', FALSE),
  (10793, 5792, 10792, FALSE, 8, FALSE, 'Same', 5, FALSE, 'Improved', FALSE),
  (10794, 5793, 10793, FALSE, 3, TRUE, 'Improved', 4, TRUE, 'Same', TRUE),
  (10795, 5794, 10794, TRUE, 6, FALSE, 'Same', 2, FALSE, 'Same', FALSE),
  (10796, 5795, 10795, TRUE, 4, FALSE, 'Same', 4, FALSE, 'Same', FALSE),
  (10797, 5796, 10796, FALSE, 6, FALSE, 'Same', 1, FALSE, 'Same', FALSE),
  (10798, 5797, 10797, TRUE, 8, TRUE, 'Improved', 2, TRUE, 'Same', TRUE),
  (10799, 5798, 10798, TRUE, 0, FALSE, 'Improved', 4, TRUE, 'Same', FALSE),
  (10800, 5799, 10799, TRUE, 3, FALSE, 'Improved', 3, FALSE, 'Improved', FALSE)
ON CONFLICT (id) DO NOTHING;

INSERT INTO intervention_followups (id, child_id, screening_result_id, intervention_plan_generated, home_activities_assigned, followup_conducted, improvement_status, reduction_in_delay_months, domain_improvement, autism_risk_change, exit_high_risk) VALUES
  (10801, 5800, 10800, TRUE, 9, FALSE, 'Same', 4, TRUE, 'Same', FALSE),
  (10802, 5801, 10801, TRUE, 1, FALSE, 'Improved', 1, FALSE, 'Same', TRUE),
  (10803, 5802, 10802, FALSE, 5, FALSE, 'Worsened', 1, FALSE, 'Improved', FALSE),
  (10804, 5803, 10803, FALSE, 3, FALSE, 'Improved', 2, FALSE, 'Same', FALSE),
  (10805, 5804, 10804, TRUE, 0, TRUE, 'Same', 2, FALSE, 'Improved', FALSE),
  (10806, 5805, 10805, FALSE, 7, FALSE, 'Improved', 5, FALSE, 'Improved', FALSE),
  (10807, 5806, 10806, FALSE, 8, FALSE, 'Same', 1, FALSE, 'Improved', FALSE),
  (10808, 5807, 10807, FALSE, 8, TRUE, 'Worsened', 1, FALSE, 'Improved', TRUE),
  (10809, 5808, 10808, TRUE, 0, FALSE, 'Improved', 2, FALSE, 'Same', FALSE),
  (10810, 5809, 10809, FALSE, 4, TRUE, 'Improved', 0, TRUE, 'Same', TRUE),
  (10811, 5810, 10810, FALSE, 6, FALSE, 'Same', 5, TRUE, 'Same', FALSE),
  (10812, 5811, 10811, TRUE, 8, FALSE, 'Worsened', 2, FALSE, 'Improved', FALSE),
  (10813, 5812, 10812, FALSE, 5, FALSE, 'Improved', 2, FALSE, 'Same', FALSE),
  (10814, 5813, 10813, FALSE, 6, FALSE, 'Improved', 3, TRUE, 'Worsened', TRUE),
  (10815, 5814, 10814, FALSE, 0, TRUE, 'Improved', 3, TRUE, 'Same', TRUE),
  (10816, 5815, 10815, TRUE, 3, FALSE, 'Same', 3, FALSE, 'Same', FALSE),
  (10817, 5816, 10816, FALSE, 0, FALSE, 'Improved', 1, FALSE, 'Same', FALSE),
  (10818, 5817, 10817, FALSE, 7, FALSE, 'Improved', 5, TRUE, 'Improved', FALSE),
  (10819, 5818, 10818, FALSE, 3, FALSE, 'Same', 3, FALSE, 'Same', FALSE),
  (10820, 5819, 10819, FALSE, 3, FALSE, 'Same', 0, FALSE, 'Same', FALSE),
  (10821, 5820, 10820, FALSE, 2, TRUE, 'Worsened', 5, TRUE, 'Same', FALSE),
  (10822, 5821, 10821, TRUE, 9, TRUE, 'Worsened', 5, TRUE, 'Same', FALSE),
  (10823, 5822, 10822, TRUE, 0, TRUE, 'Improved', 0, FALSE, 'Same', FALSE),
  (10824, 5823, 10823, FALSE, 5, TRUE, 'Same', 2, TRUE, 'Same', FALSE),
  (10825, 5824, 10824, FALSE, 5, FALSE, 'Same', 1, FALSE, 'Same', TRUE),
  (10826, 5825, 10825, FALSE, 0, FALSE, 'Improved', 5, TRUE, 'Same', FALSE),
  (10827, 5826, 10826, FALSE, 3, FALSE, 'Improved', 5, FALSE, 'Same', FALSE),
  (10828, 5827, 10827, FALSE, 4, TRUE, 'Improved', 3, FALSE, 'Same', FALSE),
  (10829, 5828, 10828, FALSE, 6, FALSE, 'Improved', 0, TRUE, 'Worsened', FALSE),
  (10830, 5829, 10829, TRUE, 6, TRUE, 'Same', 4, FALSE, 'Same', FALSE),
  (10831, 5830, 10830, FALSE, 3, FALSE, 'Improved', 1, TRUE, 'Same', TRUE),
  (10832, 5831, 10831, TRUE, 1, FALSE, 'Same', 4, FALSE, 'Same', FALSE),
  (10833, 5832, 10832, FALSE, 4, FALSE, 'Improved', 5, TRUE, 'Same', FALSE),
  (10834, 5833, 10833, TRUE, 4, FALSE, 'Same', 5, TRUE, 'Same', FALSE),
  (10835, 5834, 10834, TRUE, 1, FALSE, 'Improved', 2, FALSE, 'Same', FALSE),
  (10836, 5835, 10835, FALSE, 6, TRUE, 'Same', 4, TRUE, 'Same', FALSE),
  (10837, 5836, 10836, FALSE, 7, TRUE, 'Improved', 0, FALSE, 'Same', FALSE),
  (10838, 5837, 10837, FALSE, 8, TRUE, 'Improved', 5, FALSE, 'Same', FALSE),
  (10839, 5838, 10838, TRUE, 4, FALSE, 'Improved', 1, FALSE, 'Same', FALSE),
  (10840, 5839, 10839, FALSE, 7, FALSE, 'Same', 3, FALSE, 'Same', FALSE),
  (10841, 5840, 10840, FALSE, 5, FALSE, 'Improved', 5, TRUE, 'Worsened', FALSE),
  (10842, 5841, 10841, TRUE, 4, FALSE, 'Improved', 0, FALSE, 'Worsened', FALSE),
  (10843, 5842, 10842, FALSE, 7, TRUE, 'Same', 3, TRUE, 'Same', FALSE),
  (10844, 5843, 10843, FALSE, 3, FALSE, 'Same', 2, FALSE, 'Same', FALSE),
  (10845, 5844, 10844, TRUE, 7, FALSE, 'Same', 1, TRUE, 'Worsened', FALSE),
  (10846, 5845, 10845, FALSE, 3, FALSE, 'Same', 3, TRUE, 'Same', FALSE),
  (10847, 5846, 10846, FALSE, 3, FALSE, 'Same', 2, FALSE, 'Improved', FALSE),
  (10848, 5847, 10847, FALSE, 7, TRUE, 'Same', 1, FALSE, 'Same', TRUE),
  (10849, 5848, 10848, TRUE, 1, FALSE, 'Improved', 5, FALSE, 'Same', FALSE),
  (10850, 5849, 10849, TRUE, 6, FALSE, 'Improved', 3, FALSE, 'Worsened', FALSE),
  (10851, 5850, 10850, TRUE, 4, TRUE, 'Same', 4, TRUE, 'Improved', FALSE),
  (10852, 5851, 10851, FALSE, 5, FALSE, 'Worsened', 2, TRUE, 'Same', FALSE),
  (10853, 5852, 10852, TRUE, 0, FALSE, 'Improved', 4, FALSE, 'Improved', FALSE),
  (10854, 5853, 10853, TRUE, 1, TRUE, 'Same', 1, TRUE, 'Same', FALSE),
  (10855, 5854, 10854, TRUE, 3, FALSE, 'Same', 4, FALSE, 'Worsened', FALSE),
  (10856, 5855, 10855, TRUE, 0, TRUE, 'Same', 2, TRUE, 'Worsened', FALSE),
  (10857, 5856, 10856, FALSE, 4, FALSE, 'Same', 0, FALSE, 'Improved', FALSE),
  (10858, 5857, 10857, TRUE, 8, FALSE, 'Worsened', 3, FALSE, 'Same', FALSE),
  (10859, 5858, 10858, TRUE, 3, FALSE, 'Improved', 2, FALSE, 'Improved', TRUE),
  (10860, 5859, 10859, TRUE, 7, TRUE, 'Same', 5, FALSE, 'Same', FALSE),
  (10861, 5860, 10860, FALSE, 3, TRUE, 'Improved', 5, TRUE, 'Same', FALSE),
  (10862, 5861, 10861, TRUE, 6, TRUE, 'Improved', 0, FALSE, 'Same', FALSE),
  (10863, 5862, 10862, FALSE, 4, FALSE, 'Improved', 5, FALSE, 'Same', FALSE),
  (10864, 5863, 10863, FALSE, 9, FALSE, 'Improved', 5, FALSE, 'Same', TRUE),
  (10865, 5864, 10864, FALSE, 1, FALSE, 'Improved', 2, FALSE, 'Same', TRUE),
  (10866, 5865, 10865, TRUE, 7, TRUE, 'Same', 2, TRUE, 'Same', FALSE),
  (10867, 5866, 10866, TRUE, 0, TRUE, 'Improved', 3, FALSE, 'Improved', TRUE),
  (10868, 5867, 10867, FALSE, 9, FALSE, 'Improved', 1, FALSE, 'Improved', FALSE),
  (10869, 5868, 10868, TRUE, 2, TRUE, 'Same', 1, TRUE, 'Same', FALSE),
  (10870, 5869, 10869, FALSE, 4, FALSE, 'Improved', 4, FALSE, 'Worsened', TRUE),
  (10871, 5870, 10870, FALSE, 5, FALSE, 'Improved', 4, FALSE, 'Same', FALSE),
  (10872, 5871, 10871, TRUE, 0, TRUE, 'Same', 3, TRUE, 'Same', TRUE),
  (10873, 5872, 10872, FALSE, 8, FALSE, 'Worsened', 1, FALSE, 'Same', FALSE),
  (10874, 5873, 10873, FALSE, 3, FALSE, 'Same', 0, FALSE, 'Same', FALSE),
  (10875, 5874, 10874, TRUE, 8, FALSE, 'Improved', 4, TRUE, 'Same', FALSE),
  (10876, 5875, 10875, FALSE, 4, FALSE, 'Same', 2, FALSE, 'Improved', TRUE),
  (10877, 5876, 10876, TRUE, 4, TRUE, 'Improved', 2, FALSE, 'Same', FALSE),
  (10878, 5877, 10877, TRUE, 0, FALSE, 'Worsened', 4, TRUE, 'Worsened', FALSE),
  (10879, 5878, 10878, TRUE, 4, FALSE, 'Improved', 4, FALSE, 'Worsened', FALSE),
  (10880, 5879, 10879, FALSE, 3, FALSE, 'Improved', 2, TRUE, 'Improved', FALSE),
  (10881, 5880, 10880, FALSE, 8, FALSE, 'Improved', 0, FALSE, 'Same', FALSE),
  (10882, 5881, 10881, TRUE, 0, FALSE, 'Same', 1, FALSE, 'Improved', TRUE),
  (10883, 5882, 10882, FALSE, 8, FALSE, 'Same', 1, TRUE, 'Same', FALSE),
  (10884, 5883, 10883, FALSE, 3, TRUE, 'Same', 0, TRUE, 'Same', TRUE),
  (10885, 5884, 10884, FALSE, 0, FALSE, 'Same', 2, FALSE, 'Same', FALSE),
  (10886, 5885, 10885, TRUE, 6, FALSE, 'Same', 3, TRUE, 'Worsened', FALSE),
  (10887, 5886, 10886, FALSE, 9, TRUE, 'Same', 4, FALSE, 'Worsened', FALSE),
  (10888, 5887, 10887, TRUE, 0, TRUE, 'Same', 5, TRUE, 'Improved', FALSE),
  (10889, 5888, 10888, FALSE, 6, FALSE, 'Same', 1, FALSE, 'Same', FALSE),
  (10890, 5889, 10889, FALSE, 6, FALSE, 'Same', 0, TRUE, 'Same', FALSE),
  (10891, 5890, 10890, FALSE, 4, FALSE, 'Improved', 4, TRUE, 'Same', FALSE),
  (10892, 5891, 10891, FALSE, 9, FALSE, 'Improved', 4, FALSE, 'Same', FALSE),
  (10893, 5892, 10892, FALSE, 9, FALSE, 'Improved', 2, FALSE, 'Same', FALSE),
  (10894, 5893, 10893, TRUE, 2, FALSE, 'Same', 3, TRUE, 'Improved', TRUE),
  (10895, 5894, 10894, FALSE, 6, FALSE, 'Same', 4, FALSE, 'Same', FALSE),
  (10896, 5895, 10895, FALSE, 4, FALSE, 'Same', 3, FALSE, 'Same', TRUE),
  (10897, 5896, 10896, FALSE, 0, FALSE, 'Same', 4, FALSE, 'Worsened', FALSE),
  (10898, 5897, 10897, TRUE, 6, TRUE, 'Improved', 0, TRUE, 'Same', FALSE),
  (10899, 5898, 10898, FALSE, 1, FALSE, 'Worsened', 5, FALSE, 'Worsened', TRUE),
  (10900, 5899, 10899, TRUE, 8, TRUE, 'Same', 2, TRUE, 'Same', FALSE)
ON CONFLICT (id) DO NOTHING;

INSERT INTO intervention_followups (id, child_id, screening_result_id, intervention_plan_generated, home_activities_assigned, followup_conducted, improvement_status, reduction_in_delay_months, domain_improvement, autism_risk_change, exit_high_risk) VALUES
  (10901, 5900, 10900, TRUE, 2, TRUE, 'Same', 5, FALSE, 'Same', FALSE),
  (10902, 5901, 10901, FALSE, 2, FALSE, 'Same', 4, FALSE, 'Improved', FALSE),
  (10903, 5902, 10902, FALSE, 5, FALSE, 'Same', 1, TRUE, 'Same', FALSE),
  (10904, 5903, 10903, FALSE, 0, TRUE, 'Improved', 4, FALSE, 'Same', FALSE),
  (10905, 5904, 10904, FALSE, 5, FALSE, 'Improved', 3, TRUE, 'Improved', FALSE),
  (10906, 5905, 10905, TRUE, 2, FALSE, 'Same', 4, FALSE, 'Improved', FALSE),
  (10907, 5906, 10906, FALSE, 5, TRUE, 'Improved', 3, FALSE, 'Same', FALSE),
  (10908, 5907, 10907, FALSE, 4, FALSE, 'Same', 2, FALSE, 'Same', FALSE),
  (10909, 5908, 10908, FALSE, 6, FALSE, 'Improved', 3, TRUE, 'Same', FALSE),
  (10910, 5909, 10909, TRUE, 2, FALSE, 'Same', 5, TRUE, 'Same', FALSE),
  (10911, 5910, 10910, TRUE, 1, FALSE, 'Improved', 3, FALSE, 'Improved', FALSE),
  (10912, 5911, 10911, FALSE, 1, FALSE, 'Same', 5, FALSE, 'Worsened', FALSE),
  (10913, 5912, 10912, FALSE, 5, FALSE, 'Same', 1, TRUE, 'Worsened', FALSE),
  (10914, 5913, 10913, TRUE, 8, FALSE, 'Worsened', 4, FALSE, 'Same', FALSE),
  (10915, 5914, 10914, TRUE, 3, FALSE, 'Same', 0, TRUE, 'Same', FALSE),
  (10916, 5915, 10915, TRUE, 5, FALSE, 'Same', 5, FALSE, 'Same', FALSE),
  (10917, 5916, 10916, FALSE, 0, FALSE, 'Worsened', 4, TRUE, 'Same', FALSE),
  (10918, 5917, 10917, TRUE, 4, FALSE, 'Improved', 3, FALSE, 'Same', FALSE),
  (10919, 5918, 10918, FALSE, 9, FALSE, 'Improved', 5, TRUE, 'Same', FALSE),
  (10920, 5919, 10919, FALSE, 4, FALSE, 'Same', 4, TRUE, 'Improved', FALSE),
  (10921, 5920, 10920, TRUE, 6, FALSE, 'Improved', 4, FALSE, 'Same', FALSE),
  (10922, 5921, 10921, TRUE, 5, FALSE, 'Improved', 1, FALSE, 'Improved', FALSE),
  (10923, 5922, 10922, FALSE, 0, TRUE, 'Same', 3, TRUE, 'Improved', FALSE),
  (10924, 5923, 10923, FALSE, 5, FALSE, 'Improved', 5, FALSE, 'Same', FALSE),
  (10925, 5924, 10924, FALSE, 7, FALSE, 'Improved', 2, FALSE, 'Same', TRUE),
  (10926, 5925, 10925, TRUE, 5, FALSE, 'Same', 3, FALSE, 'Same', FALSE),
  (10927, 5926, 10926, FALSE, 8, FALSE, 'Same', 5, TRUE, 'Improved', TRUE),
  (10928, 5927, 10927, TRUE, 4, FALSE, 'Same', 4, FALSE, 'Improved', FALSE),
  (10929, 5928, 10928, FALSE, 6, FALSE, 'Same', 5, FALSE, 'Same', FALSE),
  (10930, 5929, 10929, FALSE, 4, FALSE, 'Improved', 0, FALSE, 'Same', FALSE),
  (10931, 5930, 10930, TRUE, 4, FALSE, 'Same', 1, TRUE, 'Same', TRUE),
  (10932, 5931, 10931, TRUE, 8, FALSE, 'Improved', 4, FALSE, 'Same', TRUE),
  (10933, 5932, 10932, TRUE, 1, TRUE, 'Same', 3, FALSE, 'Same', FALSE),
  (10934, 5933, 10933, FALSE, 9, FALSE, 'Same', 5, FALSE, 'Worsened', FALSE),
  (10935, 5934, 10934, TRUE, 5, FALSE, 'Worsened', 3, TRUE, 'Same', FALSE),
  (10936, 5935, 10935, FALSE, 9, FALSE, 'Improved', 5, TRUE, 'Improved', TRUE),
  (10937, 5936, 10936, FALSE, 7, FALSE, 'Improved', 5, TRUE, 'Same', FALSE),
  (10938, 5937, 10937, TRUE, 9, FALSE, 'Same', 5, TRUE, 'Same', FALSE),
  (10939, 5938, 10938, TRUE, 3, TRUE, 'Improved', 3, TRUE, 'Worsened', FALSE),
  (10940, 5939, 10939, FALSE, 6, FALSE, 'Improved', 2, FALSE, 'Improved', FALSE),
  (10941, 5940, 10940, FALSE, 2, FALSE, 'Improved', 3, TRUE, 'Same', FALSE),
  (10942, 5941, 10941, TRUE, 5, FALSE, 'Improved', 1, TRUE, 'Improved', FALSE),
  (10943, 5942, 10942, FALSE, 8, TRUE, 'Improved', 0, TRUE, 'Same', TRUE),
  (10944, 5943, 10943, TRUE, 8, FALSE, 'Same', 3, TRUE, 'Improved', FALSE),
  (10945, 5944, 10944, FALSE, 5, FALSE, 'Same', 3, FALSE, 'Same', FALSE),
  (10946, 5945, 10945, FALSE, 2, FALSE, 'Same', 4, FALSE, 'Same', FALSE),
  (10947, 5946, 10946, TRUE, 7, TRUE, 'Same', 2, TRUE, 'Same', FALSE),
  (10948, 5947, 10947, FALSE, 5, FALSE, 'Improved', 5, FALSE, 'Same', TRUE),
  (10949, 5948, 10948, FALSE, 9, FALSE, 'Worsened', 5, TRUE, 'Same', FALSE),
  (10950, 5949, 10949, FALSE, 1, FALSE, 'Improved', 2, TRUE, 'Worsened', FALSE),
  (10951, 5950, 10950, FALSE, 9, TRUE, 'Improved', 0, FALSE, 'Improved', TRUE),
  (10952, 5951, 10951, FALSE, 7, FALSE, 'Worsened', 4, FALSE, 'Same', FALSE),
  (10953, 5952, 10952, FALSE, 1, TRUE, 'Same', 0, FALSE, 'Same', FALSE),
  (10954, 5953, 10953, TRUE, 6, FALSE, 'Same', 5, TRUE, 'Same', FALSE),
  (10955, 5954, 10954, TRUE, 1, TRUE, 'Improved', 2, FALSE, 'Same', FALSE),
  (10956, 5955, 10955, TRUE, 7, FALSE, 'Same', 1, TRUE, 'Same', FALSE),
  (10957, 5956, 10956, TRUE, 2, TRUE, 'Same', 4, FALSE, 'Same', FALSE),
  (10958, 5957, 10957, TRUE, 4, FALSE, 'Same', 0, TRUE, 'Worsened', FALSE),
  (10959, 5958, 10958, TRUE, 0, TRUE, 'Same', 2, TRUE, 'Same', FALSE),
  (10960, 5959, 10959, FALSE, 7, FALSE, 'Same', 3, FALSE, 'Same', TRUE),
  (10961, 5960, 10960, TRUE, 2, FALSE, 'Same', 2, TRUE, 'Worsened', FALSE),
  (10962, 5961, 10961, TRUE, 0, TRUE, 'Worsened', 3, TRUE, 'Worsened', FALSE),
  (10963, 5962, 10962, FALSE, 7, FALSE, 'Improved', 4, FALSE, 'Same', FALSE),
  (10964, 5963, 10963, FALSE, 2, FALSE, 'Improved', 4, FALSE, 'Improved', TRUE),
  (10965, 5964, 10964, TRUE, 8, FALSE, 'Same', 2, FALSE, 'Same', FALSE),
  (10966, 5965, 10965, FALSE, 9, FALSE, 'Improved', 1, TRUE, 'Improved', FALSE),
  (10967, 5966, 10966, FALSE, 5, FALSE, 'Same', 4, FALSE, 'Same', FALSE),
  (10968, 5967, 10967, FALSE, 3, TRUE, 'Improved', 3, TRUE, 'Same', FALSE),
  (10969, 5968, 10968, TRUE, 4, TRUE, 'Improved', 1, FALSE, 'Same', TRUE),
  (10970, 5969, 10969, FALSE, 1, FALSE, 'Same', 4, FALSE, 'Same', FALSE),
  (10971, 5970, 10970, FALSE, 7, TRUE, 'Same', 2, FALSE, 'Improved', FALSE),
  (10972, 5971, 10971, FALSE, 0, TRUE, 'Improved', 3, FALSE, 'Same', FALSE),
  (10973, 5972, 10972, TRUE, 1, FALSE, 'Same', 5, TRUE, 'Same', FALSE),
  (10974, 5973, 10973, FALSE, 2, FALSE, 'Improved', 3, FALSE, 'Same', FALSE),
  (10975, 5974, 10974, FALSE, 0, TRUE, 'Worsened', 3, TRUE, 'Same', FALSE),
  (10976, 5975, 10975, FALSE, 1, FALSE, 'Improved', 3, FALSE, 'Worsened', FALSE),
  (10977, 5976, 10976, FALSE, 1, FALSE, 'Improved', 5, FALSE, 'Same', FALSE),
  (10978, 5977, 10977, TRUE, 1, TRUE, 'Same', 3, FALSE, 'Improved', FALSE),
  (10979, 5978, 10978, TRUE, 7, TRUE, 'Improved', 4, FALSE, 'Same', FALSE),
  (10980, 5979, 10979, FALSE, 1, TRUE, 'Improved', 3, TRUE, 'Same', FALSE),
  (10981, 5980, 10980, TRUE, 2, FALSE, 'Improved', 3, TRUE, 'Same', FALSE),
  (10982, 5981, 10981, TRUE, 4, FALSE, 'Worsened', 3, TRUE, 'Same', FALSE),
  (10983, 5982, 10982, FALSE, 4, TRUE, 'Same', 2, TRUE, 'Same', FALSE),
  (10984, 5983, 10983, FALSE, 8, FALSE, 'Same', 0, TRUE, 'Improved', FALSE),
  (10985, 5984, 10984, FALSE, 3, TRUE, 'Improved', 2, FALSE, 'Same', FALSE),
  (10986, 5985, 10985, FALSE, 1, FALSE, 'Improved', 1, FALSE, 'Same', FALSE),
  (10987, 5986, 10986, FALSE, 2, TRUE, 'Same', 4, FALSE, 'Same', FALSE),
  (10988, 5987, 10987, TRUE, 9, TRUE, 'Improved', 2, FALSE, 'Same', FALSE),
  (10989, 5988, 10988, TRUE, 7, FALSE, 'Worsened', 2, FALSE, 'Same', FALSE),
  (10990, 5989, 10989, TRUE, 1, TRUE, 'Same', 0, TRUE, 'Same', FALSE),
  (10991, 5990, 10990, FALSE, 7, FALSE, 'Worsened', 4, FALSE, 'Same', FALSE),
  (10992, 5991, 10991, TRUE, 7, TRUE, 'Improved', 0, FALSE, 'Same', FALSE),
  (10993, 5992, 10992, FALSE, 9, FALSE, 'Improved', 3, FALSE, 'Same', FALSE),
  (10994, 5993, 10993, FALSE, 8, FALSE, 'Same', 2, FALSE, 'Same', FALSE),
  (10995, 5994, 10994, FALSE, 8, TRUE, 'Same', 5, FALSE, 'Worsened', TRUE),
  (10996, 5995, 10995, FALSE, 6, TRUE, 'Same', 5, FALSE, 'Same', FALSE),
  (10997, 5996, 10996, TRUE, 8, FALSE, 'Same', 1, FALSE, 'Same', FALSE),
  (10998, 5997, 10997, TRUE, 9, FALSE, 'Same', 0, FALSE, 'Same', FALSE),
  (10999, 5998, 10998, TRUE, 6, FALSE, 'Same', 2, TRUE, 'Same', FALSE),
  (11000, 5999, 10999, TRUE, 4, TRUE, 'Same', 3, FALSE, 'Same', FALSE)
ON CONFLICT (id) DO NOTHING;

-- 6. NUTRITION ASSESSMENTS

INSERT INTO nutrition_assessments (id, child_id, session_id, underweight, stunting, wasting, anemia, nutrition_score, nutrition_risk) VALUES
  (10001, 5000, 10000, FALSE, FALSE, FALSE, FALSE, 0, 'Low'),
  (10002, 5001, 10001, TRUE, TRUE, FALSE, FALSE, 5, 'High'),
  (10003, 5002, 10002, TRUE, TRUE, FALSE, FALSE, 5, 'High'),
  (10004, 5003, 10003, FALSE, FALSE, FALSE, FALSE, 0, 'Low'),
  (10005, 5004, 10004, FALSE, FALSE, FALSE, TRUE, 1, 'Low'),
  (10006, 5005, 10005, FALSE, FALSE, TRUE, TRUE, 3, 'Low'),
  (10007, 5006, 10006, FALSE, FALSE, FALSE, TRUE, 1, 'Low'),
  (10008, 5007, 10007, FALSE, TRUE, FALSE, TRUE, 4, 'High'),
  (10009, 5008, 10008, FALSE, FALSE, FALSE, FALSE, 0, 'Low'),
  (10010, 5009, 10009, FALSE, FALSE, FALSE, FALSE, 0, 'Low'),
  (10011, 5010, 10010, TRUE, FALSE, FALSE, FALSE, 2, 'Low'),
  (10012, 5011, 10011, FALSE, TRUE, FALSE, FALSE, 3, 'Low'),
  (10013, 5012, 10012, FALSE, TRUE, FALSE, FALSE, 3, 'Low'),
  (10014, 5013, 10013, FALSE, TRUE, FALSE, TRUE, 4, 'High'),
  (10015, 5014, 10014, FALSE, FALSE, FALSE, FALSE, 0, 'Low'),
  (10016, 5015, 10015, FALSE, FALSE, FALSE, FALSE, 0, 'Low'),
  (10017, 5016, 10016, FALSE, FALSE, FALSE, TRUE, 1, 'Low'),
  (10018, 5017, 10017, FALSE, FALSE, FALSE, FALSE, 0, 'Low'),
  (10019, 5018, 10018, FALSE, TRUE, FALSE, TRUE, 4, 'High'),
  (10020, 5019, 10019, FALSE, FALSE, FALSE, FALSE, 0, 'Low'),
  (10021, 5020, 10020, FALSE, FALSE, FALSE, FALSE, 0, 'Low'),
  (10022, 5021, 10021, FALSE, FALSE, FALSE, FALSE, 0, 'Low'),
  (10023, 5022, 10022, FALSE, FALSE, FALSE, TRUE, 1, 'Low'),
  (10024, 5023, 10023, FALSE, FALSE, FALSE, TRUE, 1, 'Low'),
  (10025, 5024, 10024, TRUE, FALSE, FALSE, FALSE, 2, 'Low'),
  (10026, 5025, 10025, TRUE, FALSE, FALSE, FALSE, 2, 'Low'),
  (10027, 5026, 10026, TRUE, FALSE, FALSE, FALSE, 2, 'Low'),
  (10028, 5027, 10027, FALSE, FALSE, FALSE, FALSE, 0, 'Low'),
  (10029, 5028, 10028, FALSE, TRUE, FALSE, TRUE, 4, 'High'),
  (10030, 5029, 10029, FALSE, FALSE, FALSE, FALSE, 0, 'Low'),
  (10031, 5030, 10030, TRUE, FALSE, FALSE, FALSE, 2, 'Low'),
  (10032, 5031, 10031, FALSE, FALSE, FALSE, FALSE, 0, 'Low'),
  (10033, 5032, 10032, FALSE, FALSE, FALSE, TRUE, 1, 'Low'),
  (10034, 5033, 10033, FALSE, FALSE, FALSE, FALSE, 0, 'Low'),
  (10035, 5034, 10034, FALSE, FALSE, FALSE, FALSE, 0, 'Low'),
  (10036, 5035, 10035, FALSE, TRUE, FALSE, TRUE, 4, 'High'),
  (10037, 5036, 10036, FALSE, FALSE, FALSE, FALSE, 0, 'Low'),
  (10038, 5037, 10037, FALSE, FALSE, FALSE, FALSE, 0, 'Low'),
  (10039, 5038, 10038, FALSE, FALSE, FALSE, FALSE, 0, 'Low'),
  (10040, 5039, 10039, FALSE, TRUE, FALSE, FALSE, 3, 'Low'),
  (10041, 5040, 10040, FALSE, FALSE, FALSE, FALSE, 0, 'Low'),
  (10042, 5041, 10041, TRUE, FALSE, TRUE, FALSE, 4, 'High'),
  (10043, 5042, 10042, TRUE, FALSE, FALSE, FALSE, 2, 'Low'),
  (10044, 5043, 10043, FALSE, FALSE, FALSE, FALSE, 0, 'Low'),
  (10045, 5044, 10044, FALSE, FALSE, FALSE, FALSE, 0, 'Low'),
  (10046, 5045, 10045, FALSE, FALSE, FALSE, FALSE, 0, 'Low'),
  (10047, 5046, 10046, FALSE, FALSE, FALSE, FALSE, 0, 'Low'),
  (10048, 5047, 10047, FALSE, FALSE, TRUE, TRUE, 3, 'Low'),
  (10049, 5048, 10048, FALSE, FALSE, FALSE, FALSE, 0, 'Low'),
  (10050, 5049, 10049, FALSE, FALSE, TRUE, FALSE, 2, 'Low'),
  (10051, 5050, 10050, FALSE, TRUE, FALSE, TRUE, 4, 'High'),
  (10052, 5051, 10051, FALSE, FALSE, FALSE, FALSE, 0, 'Low'),
  (10053, 5052, 10052, TRUE, FALSE, FALSE, TRUE, 3, 'Low'),
  (10054, 5053, 10053, FALSE, FALSE, FALSE, FALSE, 0, 'Low'),
  (10055, 5054, 10054, TRUE, FALSE, FALSE, FALSE, 2, 'Low'),
  (10056, 5055, 10055, FALSE, FALSE, FALSE, FALSE, 0, 'Low'),
  (10057, 5056, 10056, TRUE, TRUE, FALSE, FALSE, 5, 'High'),
  (10058, 5057, 10057, FALSE, TRUE, FALSE, FALSE, 3, 'Low'),
  (10059, 5058, 10058, FALSE, FALSE, FALSE, FALSE, 0, 'Low'),
  (10060, 5059, 10059, FALSE, FALSE, TRUE, FALSE, 2, 'Low'),
  (10061, 5060, 10060, FALSE, FALSE, FALSE, FALSE, 0, 'Low'),
  (10062, 5061, 10061, FALSE, FALSE, FALSE, FALSE, 0, 'Low'),
  (10063, 5062, 10062, FALSE, FALSE, FALSE, TRUE, 1, 'Low'),
  (10064, 5063, 10063, FALSE, FALSE, FALSE, FALSE, 0, 'Low'),
  (10065, 5064, 10064, TRUE, TRUE, FALSE, TRUE, 6, 'High'),
  (10066, 5065, 10065, FALSE, FALSE, FALSE, TRUE, 1, 'Low'),
  (10067, 5066, 10066, FALSE, FALSE, FALSE, FALSE, 0, 'Low'),
  (10068, 5067, 10067, FALSE, TRUE, TRUE, FALSE, 5, 'High'),
  (10069, 5068, 10068, FALSE, FALSE, FALSE, FALSE, 0, 'Low'),
  (10070, 5069, 10069, FALSE, FALSE, FALSE, FALSE, 0, 'Low'),
  (10071, 5070, 10070, FALSE, FALSE, FALSE, TRUE, 1, 'Low'),
  (10072, 5071, 10071, TRUE, FALSE, FALSE, FALSE, 2, 'Low'),
  (10073, 5072, 10072, FALSE, FALSE, FALSE, TRUE, 1, 'Low'),
  (10074, 5073, 10073, FALSE, FALSE, FALSE, FALSE, 0, 'Low'),
  (10075, 5074, 10074, FALSE, FALSE, FALSE, TRUE, 1, 'Low'),
  (10076, 5075, 10075, FALSE, FALSE, FALSE, FALSE, 0, 'Low'),
  (10077, 5076, 10076, FALSE, FALSE, FALSE, FALSE, 0, 'Low'),
  (10078, 5077, 10077, TRUE, FALSE, FALSE, TRUE, 3, 'Low'),
  (10079, 5078, 10078, FALSE, FALSE, FALSE, TRUE, 1, 'Low'),
  (10080, 5079, 10079, TRUE, FALSE, FALSE, FALSE, 2, 'Low'),
  (10081, 5080, 10080, FALSE, FALSE, FALSE, FALSE, 0, 'Low'),
  (10082, 5081, 10081, TRUE, FALSE, FALSE, FALSE, 2, 'Low'),
  (10083, 5082, 10082, FALSE, FALSE, TRUE, FALSE, 2, 'Low'),
  (10084, 5083, 10083, TRUE, FALSE, FALSE, FALSE, 2, 'Low'),
  (10085, 5084, 10084, FALSE, FALSE, FALSE, TRUE, 1, 'Low'),
  (10086, 5085, 10085, FALSE, FALSE, FALSE, TRUE, 1, 'Low'),
  (10087, 5086, 10086, FALSE, FALSE, TRUE, TRUE, 3, 'Low'),
  (10088, 5087, 10087, FALSE, FALSE, FALSE, TRUE, 1, 'Low'),
  (10089, 5088, 10088, FALSE, FALSE, FALSE, FALSE, 0, 'Low'),
  (10090, 5089, 10089, TRUE, FALSE, FALSE, FALSE, 2, 'Low'),
  (10091, 5090, 10090, FALSE, TRUE, FALSE, FALSE, 3, 'Low'),
  (10092, 5091, 10091, FALSE, FALSE, FALSE, FALSE, 0, 'Low'),
  (10093, 5092, 10092, TRUE, FALSE, FALSE, FALSE, 2, 'Low'),
  (10094, 5093, 10093, FALSE, FALSE, FALSE, TRUE, 1, 'Low'),
  (10095, 5094, 10094, FALSE, FALSE, FALSE, TRUE, 1, 'Low'),
  (10096, 5095, 10095, TRUE, FALSE, FALSE, FALSE, 2, 'Low'),
  (10097, 5096, 10096, FALSE, FALSE, FALSE, FALSE, 0, 'Low'),
  (10098, 5097, 10097, FALSE, FALSE, FALSE, FALSE, 0, 'Low'),
  (10099, 5098, 10098, FALSE, FALSE, TRUE, FALSE, 2, 'Low'),
  (10100, 5099, 10099, FALSE, FALSE, FALSE, FALSE, 0, 'Low')
ON CONFLICT (id) DO NOTHING;

INSERT INTO nutrition_assessments (id, child_id, session_id, underweight, stunting, wasting, anemia, nutrition_score, nutrition_risk) VALUES
  (10101, 5100, 10100, FALSE, FALSE, FALSE, TRUE, 1, 'Low'),
  (10102, 5101, 10101, FALSE, FALSE, FALSE, TRUE, 1, 'Low'),
  (10103, 5102, 10102, TRUE, FALSE, FALSE, FALSE, 2, 'Low'),
  (10104, 5103, 10103, FALSE, FALSE, FALSE, FALSE, 0, 'Low'),
  (10105, 5104, 10104, FALSE, FALSE, FALSE, FALSE, 0, 'Low'),
  (10106, 5105, 10105, TRUE, FALSE, FALSE, FALSE, 2, 'Low'),
  (10107, 5106, 10106, FALSE, FALSE, FALSE, TRUE, 1, 'Low'),
  (10108, 5107, 10107, FALSE, FALSE, FALSE, TRUE, 1, 'Low'),
  (10109, 5108, 10108, FALSE, TRUE, FALSE, FALSE, 3, 'Low'),
  (10110, 5109, 10109, TRUE, FALSE, FALSE, FALSE, 2, 'Low'),
  (10111, 5110, 10110, TRUE, FALSE, TRUE, FALSE, 4, 'High'),
  (10112, 5111, 10111, FALSE, FALSE, FALSE, FALSE, 0, 'Low'),
  (10113, 5112, 10112, FALSE, FALSE, FALSE, TRUE, 1, 'Low'),
  (10114, 5113, 10113, FALSE, FALSE, TRUE, TRUE, 3, 'Low'),
  (10115, 5114, 10114, TRUE, FALSE, FALSE, FALSE, 2, 'Low'),
  (10116, 5115, 10115, FALSE, FALSE, FALSE, FALSE, 0, 'Low'),
  (10117, 5116, 10116, FALSE, FALSE, FALSE, TRUE, 1, 'Low'),
  (10118, 5117, 10117, FALSE, TRUE, FALSE, FALSE, 3, 'Low'),
  (10119, 5118, 10118, FALSE, TRUE, FALSE, FALSE, 3, 'Low'),
  (10120, 5119, 10119, TRUE, FALSE, FALSE, FALSE, 2, 'Low'),
  (10121, 5120, 10120, FALSE, TRUE, FALSE, TRUE, 4, 'High'),
  (10122, 5121, 10121, FALSE, FALSE, TRUE, TRUE, 3, 'Low'),
  (10123, 5122, 10122, FALSE, FALSE, FALSE, TRUE, 1, 'Low'),
  (10124, 5123, 10123, FALSE, FALSE, FALSE, FALSE, 0, 'Low'),
  (10125, 5124, 10124, FALSE, FALSE, FALSE, FALSE, 0, 'Low'),
  (10126, 5125, 10125, FALSE, FALSE, FALSE, TRUE, 1, 'Low'),
  (10127, 5126, 10126, FALSE, TRUE, FALSE, FALSE, 3, 'Low'),
  (10128, 5127, 10127, FALSE, FALSE, FALSE, FALSE, 0, 'Low'),
  (10129, 5128, 10128, FALSE, FALSE, FALSE, FALSE, 0, 'Low'),
  (10130, 5129, 10129, FALSE, FALSE, FALSE, FALSE, 0, 'Low'),
  (10131, 5130, 10130, FALSE, TRUE, FALSE, FALSE, 3, 'Low'),
  (10132, 5131, 10131, TRUE, FALSE, FALSE, FALSE, 2, 'Low'),
  (10133, 5132, 10132, TRUE, FALSE, FALSE, FALSE, 2, 'Low'),
  (10134, 5133, 10133, FALSE, FALSE, FALSE, FALSE, 0, 'Low'),
  (10135, 5134, 10134, FALSE, FALSE, FALSE, FALSE, 0, 'Low'),
  (10136, 5135, 10135, FALSE, FALSE, TRUE, TRUE, 3, 'Low'),
  (10137, 5136, 10136, TRUE, FALSE, TRUE, TRUE, 5, 'High'),
  (10138, 5137, 10137, FALSE, FALSE, TRUE, FALSE, 2, 'Low'),
  (10139, 5138, 10138, FALSE, FALSE, FALSE, TRUE, 1, 'Low'),
  (10140, 5139, 10139, TRUE, FALSE, FALSE, FALSE, 2, 'Low'),
  (10141, 5140, 10140, TRUE, FALSE, FALSE, FALSE, 2, 'Low'),
  (10142, 5141, 10141, FALSE, FALSE, FALSE, FALSE, 0, 'Low'),
  (10143, 5142, 10142, FALSE, FALSE, FALSE, FALSE, 0, 'Low'),
  (10144, 5143, 10143, FALSE, FALSE, FALSE, TRUE, 1, 'Low'),
  (10145, 5144, 10144, FALSE, TRUE, FALSE, FALSE, 3, 'Low'),
  (10146, 5145, 10145, TRUE, FALSE, TRUE, FALSE, 4, 'High'),
  (10147, 5146, 10146, FALSE, FALSE, FALSE, FALSE, 0, 'Low'),
  (10148, 5147, 10147, FALSE, FALSE, FALSE, FALSE, 0, 'Low'),
  (10149, 5148, 10148, FALSE, FALSE, FALSE, TRUE, 1, 'Low'),
  (10150, 5149, 10149, TRUE, FALSE, FALSE, FALSE, 2, 'Low'),
  (10151, 5150, 10150, FALSE, TRUE, FALSE, FALSE, 3, 'Low'),
  (10152, 5151, 10151, FALSE, FALSE, FALSE, FALSE, 0, 'Low'),
  (10153, 5152, 10152, FALSE, FALSE, FALSE, FALSE, 0, 'Low'),
  (10154, 5153, 10153, FALSE, TRUE, TRUE, FALSE, 5, 'High'),
  (10155, 5154, 10154, FALSE, FALSE, FALSE, FALSE, 0, 'Low'),
  (10156, 5155, 10155, FALSE, TRUE, TRUE, FALSE, 5, 'High'),
  (10157, 5156, 10156, FALSE, FALSE, FALSE, FALSE, 0, 'Low'),
  (10158, 5157, 10157, FALSE, FALSE, FALSE, FALSE, 0, 'Low'),
  (10159, 5158, 10158, FALSE, FALSE, FALSE, TRUE, 1, 'Low'),
  (10160, 5159, 10159, FALSE, FALSE, FALSE, TRUE, 1, 'Low'),
  (10161, 5160, 10160, FALSE, FALSE, FALSE, TRUE, 1, 'Low'),
  (10162, 5161, 10161, FALSE, FALSE, FALSE, TRUE, 1, 'Low'),
  (10163, 5162, 10162, FALSE, FALSE, FALSE, FALSE, 0, 'Low'),
  (10164, 5163, 10163, TRUE, FALSE, FALSE, TRUE, 3, 'Low'),
  (10165, 5164, 10164, FALSE, FALSE, TRUE, FALSE, 2, 'Low'),
  (10166, 5165, 10165, FALSE, TRUE, FALSE, TRUE, 4, 'High'),
  (10167, 5166, 10166, FALSE, FALSE, FALSE, TRUE, 1, 'Low'),
  (10168, 5167, 10167, FALSE, FALSE, FALSE, FALSE, 0, 'Low'),
  (10169, 5168, 10168, FALSE, FALSE, FALSE, FALSE, 0, 'Low'),
  (10170, 5169, 10169, FALSE, TRUE, FALSE, FALSE, 3, 'Low'),
  (10171, 5170, 10170, FALSE, FALSE, FALSE, FALSE, 0, 'Low'),
  (10172, 5171, 10171, FALSE, FALSE, FALSE, FALSE, 0, 'Low'),
  (10173, 5172, 10172, TRUE, FALSE, TRUE, TRUE, 5, 'High'),
  (10174, 5173, 10173, TRUE, TRUE, TRUE, FALSE, 7, 'High'),
  (10175, 5174, 10174, FALSE, FALSE, FALSE, FALSE, 0, 'Low'),
  (10176, 5175, 10175, FALSE, FALSE, FALSE, TRUE, 1, 'Low'),
  (10177, 5176, 10176, TRUE, FALSE, FALSE, FALSE, 2, 'Low'),
  (10178, 5177, 10177, FALSE, TRUE, FALSE, FALSE, 3, 'Low'),
  (10179, 5178, 10178, FALSE, FALSE, FALSE, FALSE, 0, 'Low'),
  (10180, 5179, 10179, FALSE, FALSE, FALSE, FALSE, 0, 'Low'),
  (10181, 5180, 10180, FALSE, FALSE, FALSE, TRUE, 1, 'Low'),
  (10182, 5181, 10181, FALSE, FALSE, FALSE, FALSE, 0, 'Low'),
  (10183, 5182, 10182, FALSE, FALSE, FALSE, FALSE, 0, 'Low'),
  (10184, 5183, 10183, FALSE, FALSE, FALSE, FALSE, 0, 'Low'),
  (10185, 5184, 10184, FALSE, FALSE, TRUE, TRUE, 3, 'Low'),
  (10186, 5185, 10185, FALSE, FALSE, TRUE, FALSE, 2, 'Low'),
  (10187, 5186, 10186, FALSE, TRUE, FALSE, FALSE, 3, 'Low'),
  (10188, 5187, 10187, FALSE, FALSE, FALSE, FALSE, 0, 'Low'),
  (10189, 5188, 10188, FALSE, FALSE, FALSE, FALSE, 0, 'Low'),
  (10190, 5189, 10189, FALSE, FALSE, FALSE, FALSE, 0, 'Low'),
  (10191, 5190, 10190, FALSE, FALSE, FALSE, TRUE, 1, 'Low'),
  (10192, 5191, 10191, FALSE, TRUE, FALSE, FALSE, 3, 'Low'),
  (10193, 5192, 10192, FALSE, TRUE, FALSE, TRUE, 4, 'High'),
  (10194, 5193, 10193, FALSE, FALSE, FALSE, FALSE, 0, 'Low'),
  (10195, 5194, 10194, TRUE, FALSE, FALSE, TRUE, 3, 'Low'),
  (10196, 5195, 10195, TRUE, FALSE, FALSE, TRUE, 3, 'Low'),
  (10197, 5196, 10196, TRUE, FALSE, FALSE, FALSE, 2, 'Low'),
  (10198, 5197, 10197, FALSE, FALSE, FALSE, FALSE, 0, 'Low'),
  (10199, 5198, 10198, FALSE, FALSE, FALSE, FALSE, 0, 'Low'),
  (10200, 5199, 10199, FALSE, TRUE, FALSE, FALSE, 3, 'Low')
ON CONFLICT (id) DO NOTHING;

INSERT INTO nutrition_assessments (id, child_id, session_id, underweight, stunting, wasting, anemia, nutrition_score, nutrition_risk) VALUES
  (10201, 5200, 10200, FALSE, FALSE, FALSE, FALSE, 0, 'Low'),
  (10202, 5201, 10201, TRUE, FALSE, TRUE, FALSE, 4, 'High'),
  (10203, 5202, 10202, FALSE, FALSE, FALSE, FALSE, 0, 'Low'),
  (10204, 5203, 10203, FALSE, FALSE, FALSE, FALSE, 0, 'Low'),
  (10205, 5204, 10204, FALSE, FALSE, TRUE, FALSE, 2, 'Low'),
  (10206, 5205, 10205, FALSE, FALSE, FALSE, TRUE, 1, 'Low'),
  (10207, 5206, 10206, FALSE, FALSE, FALSE, FALSE, 0, 'Low'),
  (10208, 5207, 10207, FALSE, TRUE, FALSE, FALSE, 3, 'Low'),
  (10209, 5208, 10208, FALSE, FALSE, FALSE, FALSE, 0, 'Low'),
  (10210, 5209, 10209, FALSE, FALSE, FALSE, TRUE, 1, 'Low'),
  (10211, 5210, 10210, TRUE, FALSE, FALSE, FALSE, 2, 'Low'),
  (10212, 5211, 10211, TRUE, FALSE, FALSE, TRUE, 3, 'Low'),
  (10213, 5212, 10212, FALSE, FALSE, FALSE, FALSE, 0, 'Low'),
  (10214, 5213, 10213, FALSE, FALSE, FALSE, FALSE, 0, 'Low'),
  (10215, 5214, 10214, FALSE, FALSE, FALSE, FALSE, 0, 'Low'),
  (10216, 5215, 10215, FALSE, FALSE, FALSE, FALSE, 0, 'Low'),
  (10217, 5216, 10216, FALSE, FALSE, FALSE, FALSE, 0, 'Low'),
  (10218, 5217, 10217, FALSE, FALSE, FALSE, TRUE, 1, 'Low'),
  (10219, 5218, 10218, FALSE, FALSE, FALSE, FALSE, 0, 'Low'),
  (10220, 5219, 10219, FALSE, FALSE, FALSE, FALSE, 0, 'Low'),
  (10221, 5220, 10220, FALSE, FALSE, FALSE, TRUE, 1, 'Low'),
  (10222, 5221, 10221, FALSE, FALSE, FALSE, TRUE, 1, 'Low'),
  (10223, 5222, 10222, FALSE, FALSE, FALSE, TRUE, 1, 'Low'),
  (10224, 5223, 10223, FALSE, FALSE, TRUE, TRUE, 3, 'Low'),
  (10225, 5224, 10224, FALSE, TRUE, FALSE, FALSE, 3, 'Low'),
  (10226, 5225, 10225, TRUE, FALSE, FALSE, FALSE, 2, 'Low'),
  (10227, 5226, 10226, FALSE, TRUE, FALSE, FALSE, 3, 'Low'),
  (10228, 5227, 10227, TRUE, FALSE, FALSE, FALSE, 2, 'Low'),
  (10229, 5228, 10228, FALSE, FALSE, FALSE, TRUE, 1, 'Low'),
  (10230, 5229, 10229, FALSE, FALSE, FALSE, FALSE, 0, 'Low'),
  (10231, 5230, 10230, FALSE, FALSE, FALSE, FALSE, 0, 'Low'),
  (10232, 5231, 10231, FALSE, FALSE, TRUE, TRUE, 3, 'Low'),
  (10233, 5232, 10232, FALSE, FALSE, FALSE, FALSE, 0, 'Low'),
  (10234, 5233, 10233, TRUE, FALSE, FALSE, FALSE, 2, 'Low'),
  (10235, 5234, 10234, FALSE, FALSE, FALSE, FALSE, 0, 'Low'),
  (10236, 5235, 10235, FALSE, FALSE, FALSE, FALSE, 0, 'Low'),
  (10237, 5236, 10236, FALSE, FALSE, FALSE, FALSE, 0, 'Low'),
  (10238, 5237, 10237, FALSE, FALSE, FALSE, FALSE, 0, 'Low'),
  (10239, 5238, 10238, TRUE, FALSE, FALSE, TRUE, 3, 'Low'),
  (10240, 5239, 10239, FALSE, FALSE, FALSE, FALSE, 0, 'Low'),
  (10241, 5240, 10240, FALSE, FALSE, FALSE, FALSE, 0, 'Low'),
  (10242, 5241, 10241, FALSE, FALSE, TRUE, FALSE, 2, 'Low'),
  (10243, 5242, 10242, FALSE, FALSE, TRUE, FALSE, 2, 'Low'),
  (10244, 5243, 10243, FALSE, TRUE, TRUE, TRUE, 6, 'High'),
  (10245, 5244, 10244, FALSE, FALSE, TRUE, TRUE, 3, 'Low'),
  (10246, 5245, 10245, FALSE, TRUE, FALSE, FALSE, 3, 'Low'),
  (10247, 5246, 10246, FALSE, FALSE, FALSE, FALSE, 0, 'Low'),
  (10248, 5247, 10247, FALSE, FALSE, FALSE, FALSE, 0, 'Low'),
  (10249, 5248, 10248, FALSE, FALSE, FALSE, TRUE, 1, 'Low'),
  (10250, 5249, 10249, TRUE, FALSE, FALSE, FALSE, 2, 'Low'),
  (10251, 5250, 10250, TRUE, FALSE, FALSE, FALSE, 2, 'Low'),
  (10252, 5251, 10251, TRUE, FALSE, FALSE, FALSE, 2, 'Low'),
  (10253, 5252, 10252, TRUE, TRUE, FALSE, FALSE, 5, 'High'),
  (10254, 5253, 10253, TRUE, FALSE, FALSE, FALSE, 2, 'Low'),
  (10255, 5254, 10254, FALSE, FALSE, FALSE, FALSE, 0, 'Low'),
  (10256, 5255, 10255, TRUE, FALSE, FALSE, FALSE, 2, 'Low'),
  (10257, 5256, 10256, FALSE, FALSE, FALSE, FALSE, 0, 'Low'),
  (10258, 5257, 10257, FALSE, FALSE, FALSE, FALSE, 0, 'Low'),
  (10259, 5258, 10258, FALSE, FALSE, FALSE, FALSE, 0, 'Low'),
  (10260, 5259, 10259, FALSE, FALSE, FALSE, TRUE, 1, 'Low'),
  (10261, 5260, 10260, FALSE, FALSE, FALSE, TRUE, 1, 'Low'),
  (10262, 5261, 10261, FALSE, FALSE, FALSE, TRUE, 1, 'Low'),
  (10263, 5262, 10262, TRUE, FALSE, FALSE, FALSE, 2, 'Low'),
  (10264, 5263, 10263, FALSE, FALSE, FALSE, FALSE, 0, 'Low'),
  (10265, 5264, 10264, TRUE, FALSE, FALSE, TRUE, 3, 'Low'),
  (10266, 5265, 10265, FALSE, FALSE, FALSE, FALSE, 0, 'Low'),
  (10267, 5266, 10266, FALSE, FALSE, FALSE, TRUE, 1, 'Low'),
  (10268, 5267, 10267, FALSE, FALSE, FALSE, FALSE, 0, 'Low'),
  (10269, 5268, 10268, FALSE, FALSE, FALSE, TRUE, 1, 'Low'),
  (10270, 5269, 10269, FALSE, FALSE, FALSE, FALSE, 0, 'Low'),
  (10271, 5270, 10270, FALSE, FALSE, FALSE, FALSE, 0, 'Low'),
  (10272, 5271, 10271, FALSE, TRUE, FALSE, FALSE, 3, 'Low'),
  (10273, 5272, 10272, FALSE, FALSE, TRUE, FALSE, 2, 'Low'),
  (10274, 5273, 10273, FALSE, FALSE, FALSE, FALSE, 0, 'Low'),
  (10275, 5274, 10274, FALSE, FALSE, FALSE, TRUE, 1, 'Low'),
  (10276, 5275, 10275, FALSE, FALSE, FALSE, TRUE, 1, 'Low'),
  (10277, 5276, 10276, FALSE, FALSE, FALSE, FALSE, 0, 'Low'),
  (10278, 5277, 10277, FALSE, FALSE, FALSE, FALSE, 0, 'Low'),
  (10279, 5278, 10278, FALSE, FALSE, FALSE, FALSE, 0, 'Low'),
  (10280, 5279, 10279, FALSE, FALSE, FALSE, FALSE, 0, 'Low'),
  (10281, 5280, 10280, FALSE, FALSE, FALSE, FALSE, 0, 'Low'),
  (10282, 5281, 10281, FALSE, FALSE, FALSE, TRUE, 1, 'Low'),
  (10283, 5282, 10282, FALSE, TRUE, FALSE, FALSE, 3, 'Low'),
  (10284, 5283, 10283, FALSE, FALSE, FALSE, FALSE, 0, 'Low'),
  (10285, 5284, 10284, FALSE, FALSE, FALSE, TRUE, 1, 'Low'),
  (10286, 5285, 10285, FALSE, FALSE, FALSE, FALSE, 0, 'Low'),
  (10287, 5286, 10286, TRUE, FALSE, FALSE, FALSE, 2, 'Low'),
  (10288, 5287, 10287, FALSE, FALSE, FALSE, FALSE, 0, 'Low'),
  (10289, 5288, 10288, FALSE, FALSE, FALSE, FALSE, 0, 'Low'),
  (10290, 5289, 10289, FALSE, FALSE, FALSE, FALSE, 0, 'Low'),
  (10291, 5290, 10290, TRUE, FALSE, FALSE, FALSE, 2, 'Low'),
  (10292, 5291, 10291, FALSE, TRUE, FALSE, FALSE, 3, 'Low'),
  (10293, 5292, 10292, FALSE, FALSE, FALSE, TRUE, 1, 'Low'),
  (10294, 5293, 10293, FALSE, FALSE, FALSE, FALSE, 0, 'Low'),
  (10295, 5294, 10294, FALSE, FALSE, FALSE, FALSE, 0, 'Low'),
  (10296, 5295, 10295, FALSE, FALSE, FALSE, FALSE, 0, 'Low'),
  (10297, 5296, 10296, FALSE, FALSE, FALSE, FALSE, 0, 'Low'),
  (10298, 5297, 10297, FALSE, TRUE, FALSE, TRUE, 4, 'High'),
  (10299, 5298, 10298, TRUE, FALSE, FALSE, TRUE, 3, 'Low'),
  (10300, 5299, 10299, FALSE, FALSE, FALSE, FALSE, 0, 'Low')
ON CONFLICT (id) DO NOTHING;

INSERT INTO nutrition_assessments (id, child_id, session_id, underweight, stunting, wasting, anemia, nutrition_score, nutrition_risk) VALUES
  (10301, 5300, 10300, FALSE, FALSE, FALSE, FALSE, 0, 'Low'),
  (10302, 5301, 10301, FALSE, FALSE, FALSE, TRUE, 1, 'Low'),
  (10303, 5302, 10302, TRUE, FALSE, FALSE, TRUE, 3, 'Low'),
  (10304, 5303, 10303, TRUE, FALSE, FALSE, FALSE, 2, 'Low'),
  (10305, 5304, 10304, FALSE, FALSE, FALSE, TRUE, 1, 'Low'),
  (10306, 5305, 10305, FALSE, FALSE, TRUE, FALSE, 2, 'Low'),
  (10307, 5306, 10306, TRUE, FALSE, FALSE, FALSE, 2, 'Low'),
  (10308, 5307, 10307, FALSE, FALSE, FALSE, FALSE, 0, 'Low'),
  (10309, 5308, 10308, FALSE, FALSE, FALSE, TRUE, 1, 'Low'),
  (10310, 5309, 10309, FALSE, FALSE, FALSE, FALSE, 0, 'Low'),
  (10311, 5310, 10310, FALSE, FALSE, TRUE, FALSE, 2, 'Low'),
  (10312, 5311, 10311, FALSE, FALSE, FALSE, FALSE, 0, 'Low'),
  (10313, 5312, 10312, FALSE, FALSE, FALSE, TRUE, 1, 'Low'),
  (10314, 5313, 10313, TRUE, FALSE, TRUE, FALSE, 4, 'High'),
  (10315, 5314, 10314, FALSE, FALSE, TRUE, FALSE, 2, 'Low'),
  (10316, 5315, 10315, FALSE, FALSE, TRUE, TRUE, 3, 'Low'),
  (10317, 5316, 10316, FALSE, FALSE, FALSE, FALSE, 0, 'Low'),
  (10318, 5317, 10317, TRUE, FALSE, FALSE, FALSE, 2, 'Low'),
  (10319, 5318, 10318, FALSE, FALSE, TRUE, FALSE, 2, 'Low'),
  (10320, 5319, 10319, FALSE, FALSE, FALSE, FALSE, 0, 'Low'),
  (10321, 5320, 10320, FALSE, FALSE, TRUE, FALSE, 2, 'Low'),
  (10322, 5321, 10321, FALSE, FALSE, FALSE, FALSE, 0, 'Low'),
  (10323, 5322, 10322, FALSE, FALSE, FALSE, FALSE, 0, 'Low'),
  (10324, 5323, 10323, FALSE, FALSE, FALSE, FALSE, 0, 'Low'),
  (10325, 5324, 10324, FALSE, FALSE, FALSE, TRUE, 1, 'Low'),
  (10326, 5325, 10325, TRUE, FALSE, FALSE, FALSE, 2, 'Low'),
  (10327, 5326, 10326, FALSE, FALSE, FALSE, FALSE, 0, 'Low'),
  (10328, 5327, 10327, FALSE, FALSE, FALSE, FALSE, 0, 'Low'),
  (10329, 5328, 10328, FALSE, FALSE, FALSE, TRUE, 1, 'Low'),
  (10330, 5329, 10329, TRUE, FALSE, FALSE, FALSE, 2, 'Low'),
  (10331, 5330, 10330, FALSE, FALSE, FALSE, TRUE, 1, 'Low'),
  (10332, 5331, 10331, FALSE, FALSE, FALSE, FALSE, 0, 'Low'),
  (10333, 5332, 10332, FALSE, FALSE, TRUE, TRUE, 3, 'Low'),
  (10334, 5333, 10333, FALSE, FALSE, FALSE, FALSE, 0, 'Low'),
  (10335, 5334, 10334, FALSE, FALSE, FALSE, FALSE, 0, 'Low'),
  (10336, 5335, 10335, FALSE, TRUE, TRUE, FALSE, 5, 'High'),
  (10337, 5336, 10336, FALSE, FALSE, FALSE, TRUE, 1, 'Low'),
  (10338, 5337, 10337, FALSE, FALSE, FALSE, TRUE, 1, 'Low'),
  (10339, 5338, 10338, FALSE, TRUE, FALSE, FALSE, 3, 'Low'),
  (10340, 5339, 10339, FALSE, FALSE, FALSE, FALSE, 0, 'Low'),
  (10341, 5340, 10340, FALSE, FALSE, FALSE, FALSE, 0, 'Low'),
  (10342, 5341, 10341, TRUE, FALSE, FALSE, FALSE, 2, 'Low'),
  (10343, 5342, 10342, TRUE, FALSE, FALSE, FALSE, 2, 'Low'),
  (10344, 5343, 10343, FALSE, FALSE, FALSE, FALSE, 0, 'Low'),
  (10345, 5344, 10344, FALSE, FALSE, FALSE, FALSE, 0, 'Low'),
  (10346, 5345, 10345, FALSE, FALSE, FALSE, FALSE, 0, 'Low'),
  (10347, 5346, 10346, FALSE, TRUE, FALSE, TRUE, 4, 'High'),
  (10348, 5347, 10347, FALSE, FALSE, FALSE, FALSE, 0, 'Low'),
  (10349, 5348, 10348, FALSE, FALSE, FALSE, FALSE, 0, 'Low'),
  (10350, 5349, 10349, FALSE, FALSE, FALSE, TRUE, 1, 'Low'),
  (10351, 5350, 10350, FALSE, TRUE, TRUE, FALSE, 5, 'High'),
  (10352, 5351, 10351, FALSE, TRUE, FALSE, FALSE, 3, 'Low'),
  (10353, 5352, 10352, FALSE, FALSE, FALSE, FALSE, 0, 'Low'),
  (10354, 5353, 10353, FALSE, TRUE, FALSE, TRUE, 4, 'High'),
  (10355, 5354, 10354, FALSE, FALSE, FALSE, TRUE, 1, 'Low'),
  (10356, 5355, 10355, TRUE, FALSE, FALSE, FALSE, 2, 'Low'),
  (10357, 5356, 10356, FALSE, FALSE, FALSE, FALSE, 0, 'Low'),
  (10358, 5357, 10357, FALSE, FALSE, TRUE, FALSE, 2, 'Low'),
  (10359, 5358, 10358, TRUE, FALSE, FALSE, FALSE, 2, 'Low'),
  (10360, 5359, 10359, FALSE, TRUE, FALSE, FALSE, 3, 'Low'),
  (10361, 5360, 10360, FALSE, TRUE, FALSE, TRUE, 4, 'High'),
  (10362, 5361, 10361, FALSE, FALSE, FALSE, FALSE, 0, 'Low'),
  (10363, 5362, 10362, FALSE, FALSE, FALSE, TRUE, 1, 'Low'),
  (10364, 5363, 10363, FALSE, FALSE, FALSE, TRUE, 1, 'Low'),
  (10365, 5364, 10364, FALSE, FALSE, FALSE, FALSE, 0, 'Low'),
  (10366, 5365, 10365, FALSE, FALSE, FALSE, FALSE, 0, 'Low'),
  (10367, 5366, 10366, FALSE, FALSE, FALSE, FALSE, 0, 'Low'),
  (10368, 5367, 10367, FALSE, FALSE, FALSE, FALSE, 0, 'Low'),
  (10369, 5368, 10368, FALSE, FALSE, FALSE, FALSE, 0, 'Low'),
  (10370, 5369, 10369, TRUE, FALSE, FALSE, FALSE, 2, 'Low'),
  (10371, 5370, 10370, FALSE, FALSE, FALSE, FALSE, 0, 'Low'),
  (10372, 5371, 10371, TRUE, FALSE, FALSE, TRUE, 3, 'Low'),
  (10373, 5372, 10372, FALSE, FALSE, FALSE, FALSE, 0, 'Low'),
  (10374, 5373, 10373, FALSE, FALSE, FALSE, FALSE, 0, 'Low'),
  (10375, 5374, 10374, FALSE, FALSE, FALSE, TRUE, 1, 'Low'),
  (10376, 5375, 10375, FALSE, FALSE, FALSE, FALSE, 0, 'Low'),
  (10377, 5376, 10376, FALSE, FALSE, FALSE, FALSE, 0, 'Low'),
  (10378, 5377, 10377, FALSE, FALSE, FALSE, FALSE, 0, 'Low'),
  (10379, 5378, 10378, FALSE, FALSE, FALSE, FALSE, 0, 'Low'),
  (10380, 5379, 10379, TRUE, FALSE, FALSE, FALSE, 2, 'Low'),
  (10381, 5380, 10380, TRUE, FALSE, FALSE, FALSE, 2, 'Low'),
  (10382, 5381, 10381, FALSE, FALSE, FALSE, FALSE, 0, 'Low'),
  (10383, 5382, 10382, TRUE, FALSE, FALSE, TRUE, 3, 'Low'),
  (10384, 5383, 10383, FALSE, FALSE, TRUE, FALSE, 2, 'Low'),
  (10385, 5384, 10384, FALSE, FALSE, FALSE, FALSE, 0, 'Low'),
  (10386, 5385, 10385, FALSE, FALSE, FALSE, FALSE, 0, 'Low'),
  (10387, 5386, 10386, FALSE, TRUE, FALSE, FALSE, 3, 'Low'),
  (10388, 5387, 10387, TRUE, FALSE, FALSE, FALSE, 2, 'Low'),
  (10389, 5388, 10388, FALSE, TRUE, FALSE, FALSE, 3, 'Low'),
  (10390, 5389, 10389, TRUE, FALSE, FALSE, FALSE, 2, 'Low'),
  (10391, 5390, 10390, FALSE, FALSE, FALSE, FALSE, 0, 'Low'),
  (10392, 5391, 10391, FALSE, FALSE, FALSE, FALSE, 0, 'Low'),
  (10393, 5392, 10392, FALSE, TRUE, FALSE, FALSE, 3, 'Low'),
  (10394, 5393, 10393, FALSE, FALSE, FALSE, FALSE, 0, 'Low'),
  (10395, 5394, 10394, FALSE, FALSE, FALSE, FALSE, 0, 'Low'),
  (10396, 5395, 10395, FALSE, FALSE, FALSE, TRUE, 1, 'Low'),
  (10397, 5396, 10396, FALSE, FALSE, FALSE, FALSE, 0, 'Low'),
  (10398, 5397, 10397, FALSE, FALSE, FALSE, TRUE, 1, 'Low'),
  (10399, 5398, 10398, FALSE, FALSE, FALSE, TRUE, 1, 'Low'),
  (10400, 5399, 10399, TRUE, FALSE, FALSE, FALSE, 2, 'Low')
ON CONFLICT (id) DO NOTHING;

INSERT INTO nutrition_assessments (id, child_id, session_id, underweight, stunting, wasting, anemia, nutrition_score, nutrition_risk) VALUES
  (10401, 5400, 10400, FALSE, FALSE, FALSE, FALSE, 0, 'Low'),
  (10402, 5401, 10401, FALSE, FALSE, FALSE, FALSE, 0, 'Low'),
  (10403, 5402, 10402, FALSE, FALSE, FALSE, FALSE, 0, 'Low'),
  (10404, 5403, 10403, FALSE, FALSE, FALSE, FALSE, 0, 'Low'),
  (10405, 5404, 10404, TRUE, FALSE, FALSE, FALSE, 2, 'Low'),
  (10406, 5405, 10405, FALSE, TRUE, FALSE, TRUE, 4, 'High'),
  (10407, 5406, 10406, FALSE, FALSE, FALSE, FALSE, 0, 'Low'),
  (10408, 5407, 10407, FALSE, FALSE, FALSE, FALSE, 0, 'Low'),
  (10409, 5408, 10408, FALSE, FALSE, FALSE, FALSE, 0, 'Low'),
  (10410, 5409, 10409, FALSE, FALSE, FALSE, FALSE, 0, 'Low'),
  (10411, 5410, 10410, FALSE, TRUE, FALSE, FALSE, 3, 'Low'),
  (10412, 5411, 10411, FALSE, FALSE, FALSE, FALSE, 0, 'Low'),
  (10413, 5412, 10412, FALSE, FALSE, FALSE, FALSE, 0, 'Low'),
  (10414, 5413, 10413, FALSE, TRUE, FALSE, FALSE, 3, 'Low'),
  (10415, 5414, 10414, FALSE, FALSE, FALSE, TRUE, 1, 'Low'),
  (10416, 5415, 10415, FALSE, FALSE, FALSE, TRUE, 1, 'Low'),
  (10417, 5416, 10416, FALSE, FALSE, TRUE, TRUE, 3, 'Low'),
  (10418, 5417, 10417, TRUE, FALSE, FALSE, FALSE, 2, 'Low'),
  (10419, 5418, 10418, FALSE, FALSE, FALSE, FALSE, 0, 'Low'),
  (10420, 5419, 10419, FALSE, TRUE, FALSE, FALSE, 3, 'Low'),
  (10421, 5420, 10420, FALSE, TRUE, FALSE, FALSE, 3, 'Low'),
  (10422, 5421, 10421, FALSE, FALSE, FALSE, TRUE, 1, 'Low'),
  (10423, 5422, 10422, FALSE, FALSE, FALSE, FALSE, 0, 'Low'),
  (10424, 5423, 10423, FALSE, FALSE, FALSE, FALSE, 0, 'Low'),
  (10425, 5424, 10424, FALSE, FALSE, TRUE, TRUE, 3, 'Low'),
  (10426, 5425, 10425, FALSE, FALSE, FALSE, TRUE, 1, 'Low'),
  (10427, 5426, 10426, FALSE, FALSE, FALSE, TRUE, 1, 'Low'),
  (10428, 5427, 10427, FALSE, FALSE, FALSE, FALSE, 0, 'Low'),
  (10429, 5428, 10428, FALSE, FALSE, FALSE, FALSE, 0, 'Low'),
  (10430, 5429, 10429, FALSE, FALSE, TRUE, FALSE, 2, 'Low'),
  (10431, 5430, 10430, FALSE, FALSE, FALSE, FALSE, 0, 'Low'),
  (10432, 5431, 10431, FALSE, FALSE, FALSE, FALSE, 0, 'Low'),
  (10433, 5432, 10432, FALSE, TRUE, FALSE, TRUE, 4, 'High'),
  (10434, 5433, 10433, FALSE, FALSE, FALSE, FALSE, 0, 'Low'),
  (10435, 5434, 10434, TRUE, FALSE, FALSE, TRUE, 3, 'Low'),
  (10436, 5435, 10435, FALSE, FALSE, FALSE, TRUE, 1, 'Low'),
  (10437, 5436, 10436, FALSE, FALSE, FALSE, FALSE, 0, 'Low'),
  (10438, 5437, 10437, TRUE, FALSE, FALSE, FALSE, 2, 'Low'),
  (10439, 5438, 10438, FALSE, FALSE, FALSE, TRUE, 1, 'Low'),
  (10440, 5439, 10439, FALSE, FALSE, FALSE, TRUE, 1, 'Low'),
  (10441, 5440, 10440, FALSE, FALSE, FALSE, FALSE, 0, 'Low'),
  (10442, 5441, 10441, FALSE, FALSE, FALSE, TRUE, 1, 'Low'),
  (10443, 5442, 10442, FALSE, FALSE, FALSE, TRUE, 1, 'Low'),
  (10444, 5443, 10443, FALSE, FALSE, FALSE, FALSE, 0, 'Low'),
  (10445, 5444, 10444, FALSE, FALSE, FALSE, FALSE, 0, 'Low'),
  (10446, 5445, 10445, FALSE, FALSE, FALSE, FALSE, 0, 'Low'),
  (10447, 5446, 10446, FALSE, FALSE, FALSE, FALSE, 0, 'Low'),
  (10448, 5447, 10447, TRUE, TRUE, FALSE, FALSE, 5, 'High'),
  (10449, 5448, 10448, TRUE, FALSE, FALSE, FALSE, 2, 'Low'),
  (10450, 5449, 10449, FALSE, FALSE, FALSE, FALSE, 0, 'Low'),
  (10451, 5450, 10450, FALSE, FALSE, FALSE, FALSE, 0, 'Low'),
  (10452, 5451, 10451, FALSE, FALSE, FALSE, FALSE, 0, 'Low'),
  (10453, 5452, 10452, FALSE, FALSE, FALSE, FALSE, 0, 'Low'),
  (10454, 5453, 10453, TRUE, FALSE, TRUE, FALSE, 4, 'High'),
  (10455, 5454, 10454, FALSE, FALSE, FALSE, FALSE, 0, 'Low'),
  (10456, 5455, 10455, FALSE, FALSE, FALSE, TRUE, 1, 'Low'),
  (10457, 5456, 10456, FALSE, FALSE, FALSE, FALSE, 0, 'Low'),
  (10458, 5457, 10457, FALSE, FALSE, TRUE, TRUE, 3, 'Low'),
  (10459, 5458, 10458, FALSE, FALSE, FALSE, FALSE, 0, 'Low'),
  (10460, 5459, 10459, FALSE, FALSE, FALSE, FALSE, 0, 'Low'),
  (10461, 5460, 10460, FALSE, FALSE, FALSE, FALSE, 0, 'Low'),
  (10462, 5461, 10461, TRUE, TRUE, FALSE, FALSE, 5, 'High'),
  (10463, 5462, 10462, FALSE, FALSE, FALSE, FALSE, 0, 'Low'),
  (10464, 5463, 10463, FALSE, FALSE, FALSE, FALSE, 0, 'Low'),
  (10465, 5464, 10464, FALSE, FALSE, FALSE, TRUE, 1, 'Low'),
  (10466, 5465, 10465, FALSE, FALSE, FALSE, FALSE, 0, 'Low'),
  (10467, 5466, 10466, FALSE, FALSE, FALSE, FALSE, 0, 'Low'),
  (10468, 5467, 10467, FALSE, FALSE, TRUE, FALSE, 2, 'Low'),
  (10469, 5468, 10468, FALSE, FALSE, FALSE, TRUE, 1, 'Low'),
  (10470, 5469, 10469, FALSE, FALSE, FALSE, TRUE, 1, 'Low'),
  (10471, 5470, 10470, FALSE, TRUE, FALSE, TRUE, 4, 'High'),
  (10472, 5471, 10471, FALSE, FALSE, FALSE, FALSE, 0, 'Low'),
  (10473, 5472, 10472, FALSE, FALSE, FALSE, TRUE, 1, 'Low'),
  (10474, 5473, 10473, FALSE, FALSE, FALSE, FALSE, 0, 'Low'),
  (10475, 5474, 10474, FALSE, TRUE, FALSE, TRUE, 4, 'High'),
  (10476, 5475, 10475, FALSE, TRUE, FALSE, FALSE, 3, 'Low'),
  (10477, 5476, 10476, FALSE, FALSE, FALSE, FALSE, 0, 'Low'),
  (10478, 5477, 10477, FALSE, FALSE, FALSE, FALSE, 0, 'Low'),
  (10479, 5478, 10478, FALSE, FALSE, FALSE, FALSE, 0, 'Low'),
  (10480, 5479, 10479, FALSE, FALSE, FALSE, TRUE, 1, 'Low'),
  (10481, 5480, 10480, FALSE, FALSE, FALSE, FALSE, 0, 'Low'),
  (10482, 5481, 10481, FALSE, FALSE, FALSE, FALSE, 0, 'Low'),
  (10483, 5482, 10482, FALSE, FALSE, FALSE, FALSE, 0, 'Low'),
  (10484, 5483, 10483, FALSE, FALSE, FALSE, FALSE, 0, 'Low'),
  (10485, 5484, 10484, FALSE, FALSE, FALSE, FALSE, 0, 'Low'),
  (10486, 5485, 10485, FALSE, FALSE, FALSE, FALSE, 0, 'Low'),
  (10487, 5486, 10486, FALSE, FALSE, FALSE, FALSE, 0, 'Low'),
  (10488, 5487, 10487, TRUE, FALSE, TRUE, FALSE, 4, 'High'),
  (10489, 5488, 10488, TRUE, TRUE, FALSE, FALSE, 5, 'High'),
  (10490, 5489, 10489, FALSE, FALSE, FALSE, TRUE, 1, 'Low'),
  (10491, 5490, 10490, FALSE, FALSE, FALSE, FALSE, 0, 'Low'),
  (10492, 5491, 10491, FALSE, FALSE, FALSE, FALSE, 0, 'Low'),
  (10493, 5492, 10492, FALSE, FALSE, FALSE, FALSE, 0, 'Low'),
  (10494, 5493, 10493, FALSE, FALSE, FALSE, FALSE, 0, 'Low'),
  (10495, 5494, 10494, FALSE, TRUE, FALSE, FALSE, 3, 'Low'),
  (10496, 5495, 10495, FALSE, FALSE, FALSE, FALSE, 0, 'Low'),
  (10497, 5496, 10496, TRUE, TRUE, FALSE, FALSE, 5, 'High'),
  (10498, 5497, 10497, FALSE, FALSE, FALSE, TRUE, 1, 'Low'),
  (10499, 5498, 10498, TRUE, FALSE, FALSE, FALSE, 2, 'Low'),
  (10500, 5499, 10499, FALSE, FALSE, FALSE, FALSE, 0, 'Low')
ON CONFLICT (id) DO NOTHING;

INSERT INTO nutrition_assessments (id, child_id, session_id, underweight, stunting, wasting, anemia, nutrition_score, nutrition_risk) VALUES
  (10501, 5500, 10500, FALSE, FALSE, FALSE, FALSE, 0, 'Low'),
  (10502, 5501, 10501, FALSE, FALSE, FALSE, FALSE, 0, 'Low'),
  (10503, 5502, 10502, FALSE, FALSE, FALSE, FALSE, 0, 'Low'),
  (10504, 5503, 10503, TRUE, FALSE, FALSE, FALSE, 2, 'Low'),
  (10505, 5504, 10504, FALSE, FALSE, FALSE, FALSE, 0, 'Low'),
  (10506, 5505, 10505, FALSE, FALSE, FALSE, FALSE, 0, 'Low'),
  (10507, 5506, 10506, FALSE, FALSE, FALSE, FALSE, 0, 'Low'),
  (10508, 5507, 10507, FALSE, FALSE, FALSE, FALSE, 0, 'Low'),
  (10509, 5508, 10508, FALSE, FALSE, FALSE, FALSE, 0, 'Low'),
  (10510, 5509, 10509, FALSE, FALSE, FALSE, FALSE, 0, 'Low'),
  (10511, 5510, 10510, FALSE, FALSE, FALSE, FALSE, 0, 'Low'),
  (10512, 5511, 10511, FALSE, FALSE, FALSE, FALSE, 0, 'Low'),
  (10513, 5512, 10512, FALSE, FALSE, FALSE, FALSE, 0, 'Low'),
  (10514, 5513, 10513, FALSE, FALSE, TRUE, FALSE, 2, 'Low'),
  (10515, 5514, 10514, TRUE, FALSE, FALSE, FALSE, 2, 'Low'),
  (10516, 5515, 10515, TRUE, FALSE, FALSE, TRUE, 3, 'Low'),
  (10517, 5516, 10516, FALSE, FALSE, FALSE, TRUE, 1, 'Low'),
  (10518, 5517, 10517, FALSE, FALSE, FALSE, FALSE, 0, 'Low'),
  (10519, 5518, 10518, FALSE, FALSE, FALSE, FALSE, 0, 'Low'),
  (10520, 5519, 10519, FALSE, FALSE, FALSE, FALSE, 0, 'Low'),
  (10521, 5520, 10520, FALSE, FALSE, FALSE, FALSE, 0, 'Low'),
  (10522, 5521, 10521, FALSE, FALSE, FALSE, FALSE, 0, 'Low'),
  (10523, 5522, 10522, FALSE, FALSE, FALSE, TRUE, 1, 'Low'),
  (10524, 5523, 10523, FALSE, FALSE, TRUE, FALSE, 2, 'Low'),
  (10525, 5524, 10524, FALSE, FALSE, TRUE, TRUE, 3, 'Low'),
  (10526, 5525, 10525, FALSE, FALSE, FALSE, FALSE, 0, 'Low'),
  (10527, 5526, 10526, FALSE, FALSE, FALSE, FALSE, 0, 'Low'),
  (10528, 5527, 10527, FALSE, FALSE, TRUE, FALSE, 2, 'Low'),
  (10529, 5528, 10528, FALSE, TRUE, TRUE, TRUE, 6, 'High'),
  (10530, 5529, 10529, FALSE, TRUE, FALSE, TRUE, 4, 'High'),
  (10531, 5530, 10530, TRUE, FALSE, FALSE, FALSE, 2, 'Low'),
  (10532, 5531, 10531, TRUE, FALSE, FALSE, TRUE, 3, 'Low'),
  (10533, 5532, 10532, TRUE, FALSE, FALSE, TRUE, 3, 'Low'),
  (10534, 5533, 10533, TRUE, TRUE, FALSE, FALSE, 5, 'High'),
  (10535, 5534, 10534, FALSE, FALSE, FALSE, FALSE, 0, 'Low'),
  (10536, 5535, 10535, FALSE, FALSE, FALSE, FALSE, 0, 'Low'),
  (10537, 5536, 10536, FALSE, FALSE, FALSE, FALSE, 0, 'Low'),
  (10538, 5537, 10537, FALSE, FALSE, FALSE, FALSE, 0, 'Low'),
  (10539, 5538, 10538, FALSE, FALSE, FALSE, FALSE, 0, 'Low'),
  (10540, 5539, 10539, FALSE, FALSE, FALSE, FALSE, 0, 'Low'),
  (10541, 5540, 10540, FALSE, FALSE, FALSE, FALSE, 0, 'Low'),
  (10542, 5541, 10541, FALSE, FALSE, FALSE, FALSE, 0, 'Low'),
  (10543, 5542, 10542, FALSE, FALSE, TRUE, FALSE, 2, 'Low'),
  (10544, 5543, 10543, FALSE, TRUE, FALSE, FALSE, 3, 'Low'),
  (10545, 5544, 10544, FALSE, FALSE, FALSE, FALSE, 0, 'Low'),
  (10546, 5545, 10545, TRUE, FALSE, FALSE, FALSE, 2, 'Low'),
  (10547, 5546, 10546, TRUE, FALSE, TRUE, FALSE, 4, 'High'),
  (10548, 5547, 10547, FALSE, FALSE, FALSE, FALSE, 0, 'Low'),
  (10549, 5548, 10548, FALSE, FALSE, FALSE, FALSE, 0, 'Low'),
  (10550, 5549, 10549, FALSE, FALSE, FALSE, FALSE, 0, 'Low'),
  (10551, 5550, 10550, FALSE, FALSE, FALSE, FALSE, 0, 'Low'),
  (10552, 5551, 10551, FALSE, FALSE, FALSE, FALSE, 0, 'Low'),
  (10553, 5552, 10552, FALSE, FALSE, FALSE, FALSE, 0, 'Low'),
  (10554, 5553, 10553, FALSE, FALSE, FALSE, FALSE, 0, 'Low'),
  (10555, 5554, 10554, FALSE, FALSE, FALSE, FALSE, 0, 'Low'),
  (10556, 5555, 10555, FALSE, FALSE, TRUE, FALSE, 2, 'Low'),
  (10557, 5556, 10556, FALSE, TRUE, FALSE, FALSE, 3, 'Low'),
  (10558, 5557, 10557, FALSE, FALSE, FALSE, FALSE, 0, 'Low'),
  (10559, 5558, 10558, FALSE, TRUE, FALSE, FALSE, 3, 'Low'),
  (10560, 5559, 10559, FALSE, FALSE, FALSE, FALSE, 0, 'Low'),
  (10561, 5560, 10560, FALSE, TRUE, FALSE, FALSE, 3, 'Low'),
  (10562, 5561, 10561, FALSE, FALSE, TRUE, FALSE, 2, 'Low'),
  (10563, 5562, 10562, FALSE, TRUE, TRUE, FALSE, 5, 'High'),
  (10564, 5563, 10563, FALSE, FALSE, FALSE, FALSE, 0, 'Low'),
  (10565, 5564, 10564, FALSE, FALSE, FALSE, FALSE, 0, 'Low'),
  (10566, 5565, 10565, FALSE, TRUE, FALSE, FALSE, 3, 'Low'),
  (10567, 5566, 10566, FALSE, FALSE, FALSE, FALSE, 0, 'Low'),
  (10568, 5567, 10567, TRUE, FALSE, FALSE, FALSE, 2, 'Low'),
  (10569, 5568, 10568, FALSE, FALSE, FALSE, FALSE, 0, 'Low'),
  (10570, 5569, 10569, FALSE, FALSE, FALSE, TRUE, 1, 'Low'),
  (10571, 5570, 10570, FALSE, FALSE, FALSE, TRUE, 1, 'Low'),
  (10572, 5571, 10571, FALSE, FALSE, FALSE, TRUE, 1, 'Low'),
  (10573, 5572, 10572, FALSE, FALSE, FALSE, FALSE, 0, 'Low'),
  (10574, 5573, 10573, FALSE, FALSE, FALSE, TRUE, 1, 'Low'),
  (10575, 5574, 10574, FALSE, FALSE, FALSE, TRUE, 1, 'Low'),
  (10576, 5575, 10575, FALSE, FALSE, FALSE, TRUE, 1, 'Low'),
  (10577, 5576, 10576, FALSE, TRUE, FALSE, FALSE, 3, 'Low'),
  (10578, 5577, 10577, FALSE, FALSE, FALSE, FALSE, 0, 'Low'),
  (10579, 5578, 10578, FALSE, FALSE, FALSE, FALSE, 0, 'Low'),
  (10580, 5579, 10579, FALSE, FALSE, FALSE, FALSE, 0, 'Low'),
  (10581, 5580, 10580, FALSE, TRUE, TRUE, TRUE, 6, 'High'),
  (10582, 5581, 10581, FALSE, FALSE, FALSE, FALSE, 0, 'Low'),
  (10583, 5582, 10582, FALSE, FALSE, FALSE, FALSE, 0, 'Low'),
  (10584, 5583, 10583, FALSE, TRUE, FALSE, FALSE, 3, 'Low'),
  (10585, 5584, 10584, FALSE, FALSE, FALSE, FALSE, 0, 'Low'),
  (10586, 5585, 10585, FALSE, FALSE, FALSE, FALSE, 0, 'Low'),
  (10587, 5586, 10586, FALSE, FALSE, FALSE, FALSE, 0, 'Low'),
  (10588, 5587, 10587, TRUE, FALSE, FALSE, FALSE, 2, 'Low'),
  (10589, 5588, 10588, TRUE, FALSE, TRUE, TRUE, 5, 'High'),
  (10590, 5589, 10589, TRUE, FALSE, FALSE, FALSE, 2, 'Low'),
  (10591, 5590, 10590, TRUE, FALSE, FALSE, FALSE, 2, 'Low'),
  (10592, 5591, 10591, FALSE, FALSE, FALSE, FALSE, 0, 'Low'),
  (10593, 5592, 10592, FALSE, FALSE, FALSE, FALSE, 0, 'Low'),
  (10594, 5593, 10593, FALSE, FALSE, FALSE, FALSE, 0, 'Low'),
  (10595, 5594, 10594, TRUE, FALSE, FALSE, FALSE, 2, 'Low'),
  (10596, 5595, 10595, TRUE, FALSE, FALSE, FALSE, 2, 'Low'),
  (10597, 5596, 10596, TRUE, FALSE, FALSE, FALSE, 2, 'Low'),
  (10598, 5597, 10597, FALSE, FALSE, TRUE, TRUE, 3, 'Low'),
  (10599, 5598, 10598, FALSE, TRUE, FALSE, TRUE, 4, 'High'),
  (10600, 5599, 10599, FALSE, FALSE, FALSE, FALSE, 0, 'Low')
ON CONFLICT (id) DO NOTHING;

INSERT INTO nutrition_assessments (id, child_id, session_id, underweight, stunting, wasting, anemia, nutrition_score, nutrition_risk) VALUES
  (10601, 5600, 10600, TRUE, TRUE, FALSE, FALSE, 5, 'High'),
  (10602, 5601, 10601, FALSE, TRUE, FALSE, FALSE, 3, 'Low'),
  (10603, 5602, 10602, TRUE, FALSE, FALSE, TRUE, 3, 'Low'),
  (10604, 5603, 10603, FALSE, FALSE, FALSE, TRUE, 1, 'Low'),
  (10605, 5604, 10604, TRUE, TRUE, FALSE, FALSE, 5, 'High'),
  (10606, 5605, 10605, FALSE, FALSE, FALSE, FALSE, 0, 'Low'),
  (10607, 5606, 10606, TRUE, FALSE, FALSE, FALSE, 2, 'Low'),
  (10608, 5607, 10607, TRUE, FALSE, FALSE, FALSE, 2, 'Low'),
  (10609, 5608, 10608, TRUE, FALSE, FALSE, TRUE, 3, 'Low'),
  (10610, 5609, 10609, FALSE, FALSE, FALSE, FALSE, 0, 'Low'),
  (10611, 5610, 10610, FALSE, FALSE, FALSE, FALSE, 0, 'Low'),
  (10612, 5611, 10611, FALSE, FALSE, FALSE, TRUE, 1, 'Low'),
  (10613, 5612, 10612, TRUE, FALSE, FALSE, TRUE, 3, 'Low'),
  (10614, 5613, 10613, FALSE, FALSE, FALSE, TRUE, 1, 'Low'),
  (10615, 5614, 10614, FALSE, FALSE, FALSE, FALSE, 0, 'Low'),
  (10616, 5615, 10615, TRUE, FALSE, FALSE, TRUE, 3, 'Low'),
  (10617, 5616, 10616, FALSE, FALSE, FALSE, TRUE, 1, 'Low'),
  (10618, 5617, 10617, FALSE, FALSE, FALSE, FALSE, 0, 'Low'),
  (10619, 5618, 10618, TRUE, FALSE, FALSE, FALSE, 2, 'Low'),
  (10620, 5619, 10619, FALSE, FALSE, FALSE, FALSE, 0, 'Low'),
  (10621, 5620, 10620, TRUE, FALSE, FALSE, FALSE, 2, 'Low'),
  (10622, 5621, 10621, FALSE, TRUE, TRUE, FALSE, 5, 'High'),
  (10623, 5622, 10622, FALSE, FALSE, FALSE, FALSE, 0, 'Low'),
  (10624, 5623, 10623, FALSE, FALSE, FALSE, TRUE, 1, 'Low'),
  (10625, 5624, 10624, FALSE, FALSE, FALSE, FALSE, 0, 'Low'),
  (10626, 5625, 10625, FALSE, FALSE, FALSE, FALSE, 0, 'Low'),
  (10627, 5626, 10626, TRUE, TRUE, FALSE, FALSE, 5, 'High'),
  (10628, 5627, 10627, FALSE, FALSE, FALSE, FALSE, 0, 'Low'),
  (10629, 5628, 10628, TRUE, FALSE, FALSE, FALSE, 2, 'Low'),
  (10630, 5629, 10629, TRUE, FALSE, TRUE, FALSE, 4, 'High'),
  (10631, 5630, 10630, FALSE, FALSE, FALSE, FALSE, 0, 'Low'),
  (10632, 5631, 10631, FALSE, FALSE, FALSE, TRUE, 1, 'Low'),
  (10633, 5632, 10632, TRUE, TRUE, FALSE, TRUE, 6, 'High'),
  (10634, 5633, 10633, FALSE, FALSE, FALSE, TRUE, 1, 'Low'),
  (10635, 5634, 10634, TRUE, FALSE, FALSE, TRUE, 3, 'Low'),
  (10636, 5635, 10635, FALSE, TRUE, FALSE, FALSE, 3, 'Low'),
  (10637, 5636, 10636, FALSE, FALSE, FALSE, FALSE, 0, 'Low'),
  (10638, 5637, 10637, FALSE, FALSE, FALSE, FALSE, 0, 'Low'),
  (10639, 5638, 10638, FALSE, FALSE, FALSE, FALSE, 0, 'Low'),
  (10640, 5639, 10639, FALSE, FALSE, FALSE, FALSE, 0, 'Low'),
  (10641, 5640, 10640, FALSE, FALSE, FALSE, FALSE, 0, 'Low'),
  (10642, 5641, 10641, FALSE, FALSE, TRUE, TRUE, 3, 'Low'),
  (10643, 5642, 10642, FALSE, TRUE, FALSE, TRUE, 4, 'High'),
  (10644, 5643, 10643, TRUE, FALSE, FALSE, FALSE, 2, 'Low'),
  (10645, 5644, 10644, FALSE, FALSE, TRUE, FALSE, 2, 'Low'),
  (10646, 5645, 10645, FALSE, FALSE, FALSE, FALSE, 0, 'Low'),
  (10647, 5646, 10646, FALSE, TRUE, FALSE, TRUE, 4, 'High'),
  (10648, 5647, 10647, FALSE, TRUE, FALSE, FALSE, 3, 'Low'),
  (10649, 5648, 10648, FALSE, FALSE, FALSE, FALSE, 0, 'Low'),
  (10650, 5649, 10649, TRUE, TRUE, FALSE, FALSE, 5, 'High'),
  (10651, 5650, 10650, FALSE, FALSE, FALSE, FALSE, 0, 'Low'),
  (10652, 5651, 10651, FALSE, FALSE, TRUE, FALSE, 2, 'Low'),
  (10653, 5652, 10652, FALSE, FALSE, FALSE, FALSE, 0, 'Low'),
  (10654, 5653, 10653, TRUE, FALSE, FALSE, TRUE, 3, 'Low'),
  (10655, 5654, 10654, FALSE, FALSE, FALSE, TRUE, 1, 'Low'),
  (10656, 5655, 10655, FALSE, FALSE, FALSE, TRUE, 1, 'Low'),
  (10657, 5656, 10656, FALSE, TRUE, FALSE, FALSE, 3, 'Low'),
  (10658, 5657, 10657, FALSE, FALSE, FALSE, TRUE, 1, 'Low'),
  (10659, 5658, 10658, TRUE, FALSE, FALSE, FALSE, 2, 'Low'),
  (10660, 5659, 10659, FALSE, FALSE, FALSE, FALSE, 0, 'Low'),
  (10661, 5660, 10660, FALSE, FALSE, FALSE, FALSE, 0, 'Low'),
  (10662, 5661, 10661, FALSE, FALSE, FALSE, FALSE, 0, 'Low'),
  (10663, 5662, 10662, FALSE, FALSE, TRUE, FALSE, 2, 'Low'),
  (10664, 5663, 10663, FALSE, FALSE, FALSE, TRUE, 1, 'Low'),
  (10665, 5664, 10664, FALSE, TRUE, FALSE, FALSE, 3, 'Low'),
  (10666, 5665, 10665, TRUE, FALSE, FALSE, FALSE, 2, 'Low'),
  (10667, 5666, 10666, FALSE, FALSE, FALSE, TRUE, 1, 'Low'),
  (10668, 5667, 10667, FALSE, FALSE, FALSE, FALSE, 0, 'Low'),
  (10669, 5668, 10668, FALSE, FALSE, FALSE, FALSE, 0, 'Low'),
  (10670, 5669, 10669, FALSE, FALSE, FALSE, TRUE, 1, 'Low'),
  (10671, 5670, 10670, TRUE, FALSE, FALSE, TRUE, 3, 'Low'),
  (10672, 5671, 10671, FALSE, FALSE, FALSE, TRUE, 1, 'Low'),
  (10673, 5672, 10672, FALSE, FALSE, TRUE, FALSE, 2, 'Low'),
  (10674, 5673, 10673, FALSE, FALSE, FALSE, TRUE, 1, 'Low'),
  (10675, 5674, 10674, FALSE, FALSE, FALSE, TRUE, 1, 'Low'),
  (10676, 5675, 10675, FALSE, TRUE, TRUE, FALSE, 5, 'High'),
  (10677, 5676, 10676, FALSE, TRUE, FALSE, TRUE, 4, 'High'),
  (10678, 5677, 10677, FALSE, FALSE, FALSE, FALSE, 0, 'Low'),
  (10679, 5678, 10678, TRUE, FALSE, FALSE, FALSE, 2, 'Low'),
  (10680, 5679, 10679, FALSE, FALSE, FALSE, TRUE, 1, 'Low'),
  (10681, 5680, 10680, FALSE, TRUE, FALSE, FALSE, 3, 'Low'),
  (10682, 5681, 10681, FALSE, FALSE, FALSE, TRUE, 1, 'Low'),
  (10683, 5682, 10682, FALSE, TRUE, FALSE, FALSE, 3, 'Low'),
  (10684, 5683, 10683, FALSE, FALSE, FALSE, FALSE, 0, 'Low'),
  (10685, 5684, 10684, FALSE, FALSE, FALSE, FALSE, 0, 'Low'),
  (10686, 5685, 10685, TRUE, FALSE, FALSE, FALSE, 2, 'Low'),
  (10687, 5686, 10686, FALSE, FALSE, FALSE, TRUE, 1, 'Low'),
  (10688, 5687, 10687, FALSE, FALSE, FALSE, FALSE, 0, 'Low'),
  (10689, 5688, 10688, FALSE, FALSE, FALSE, FALSE, 0, 'Low'),
  (10690, 5689, 10689, FALSE, FALSE, TRUE, FALSE, 2, 'Low'),
  (10691, 5690, 10690, FALSE, FALSE, FALSE, FALSE, 0, 'Low'),
  (10692, 5691, 10691, FALSE, FALSE, FALSE, FALSE, 0, 'Low'),
  (10693, 5692, 10692, FALSE, FALSE, FALSE, FALSE, 0, 'Low'),
  (10694, 5693, 10693, FALSE, TRUE, FALSE, FALSE, 3, 'Low'),
  (10695, 5694, 10694, FALSE, FALSE, FALSE, FALSE, 0, 'Low'),
  (10696, 5695, 10695, FALSE, FALSE, FALSE, FALSE, 0, 'Low'),
  (10697, 5696, 10696, FALSE, FALSE, FALSE, FALSE, 0, 'Low'),
  (10698, 5697, 10697, FALSE, FALSE, TRUE, FALSE, 2, 'Low'),
  (10699, 5698, 10698, FALSE, FALSE, FALSE, FALSE, 0, 'Low'),
  (10700, 5699, 10699, FALSE, FALSE, FALSE, TRUE, 1, 'Low')
ON CONFLICT (id) DO NOTHING;

INSERT INTO nutrition_assessments (id, child_id, session_id, underweight, stunting, wasting, anemia, nutrition_score, nutrition_risk) VALUES
  (10701, 5700, 10700, FALSE, TRUE, FALSE, FALSE, 3, 'Low'),
  (10702, 5701, 10701, FALSE, FALSE, FALSE, TRUE, 1, 'Low'),
  (10703, 5702, 10702, FALSE, FALSE, TRUE, FALSE, 2, 'Low'),
  (10704, 5703, 10703, FALSE, FALSE, FALSE, TRUE, 1, 'Low'),
  (10705, 5704, 10704, FALSE, FALSE, FALSE, TRUE, 1, 'Low'),
  (10706, 5705, 10705, FALSE, FALSE, TRUE, TRUE, 3, 'Low'),
  (10707, 5706, 10706, FALSE, FALSE, FALSE, FALSE, 0, 'Low'),
  (10708, 5707, 10707, FALSE, FALSE, FALSE, TRUE, 1, 'Low'),
  (10709, 5708, 10708, FALSE, TRUE, FALSE, FALSE, 3, 'Low'),
  (10710, 5709, 10709, FALSE, FALSE, FALSE, FALSE, 0, 'Low'),
  (10711, 5710, 10710, FALSE, FALSE, FALSE, FALSE, 0, 'Low'),
  (10712, 5711, 10711, TRUE, FALSE, FALSE, FALSE, 2, 'Low'),
  (10713, 5712, 10712, FALSE, FALSE, FALSE, FALSE, 0, 'Low'),
  (10714, 5713, 10713, TRUE, FALSE, TRUE, FALSE, 4, 'High'),
  (10715, 5714, 10714, FALSE, FALSE, FALSE, FALSE, 0, 'Low'),
  (10716, 5715, 10715, TRUE, FALSE, FALSE, FALSE, 2, 'Low'),
  (10717, 5716, 10716, FALSE, FALSE, TRUE, TRUE, 3, 'Low'),
  (10718, 5717, 10717, FALSE, TRUE, FALSE, FALSE, 3, 'Low'),
  (10719, 5718, 10718, FALSE, FALSE, TRUE, FALSE, 2, 'Low'),
  (10720, 5719, 10719, FALSE, FALSE, FALSE, FALSE, 0, 'Low'),
  (10721, 5720, 10720, FALSE, FALSE, FALSE, FALSE, 0, 'Low'),
  (10722, 5721, 10721, FALSE, FALSE, FALSE, FALSE, 0, 'Low'),
  (10723, 5722, 10722, TRUE, FALSE, FALSE, FALSE, 2, 'Low'),
  (10724, 5723, 10723, FALSE, TRUE, FALSE, FALSE, 3, 'Low'),
  (10725, 5724, 10724, FALSE, FALSE, FALSE, FALSE, 0, 'Low'),
  (10726, 5725, 10725, FALSE, FALSE, FALSE, FALSE, 0, 'Low'),
  (10727, 5726, 10726, FALSE, FALSE, FALSE, FALSE, 0, 'Low'),
  (10728, 5727, 10727, FALSE, FALSE, FALSE, FALSE, 0, 'Low'),
  (10729, 5728, 10728, FALSE, FALSE, FALSE, FALSE, 0, 'Low'),
  (10730, 5729, 10729, TRUE, FALSE, FALSE, FALSE, 2, 'Low'),
  (10731, 5730, 10730, TRUE, FALSE, FALSE, FALSE, 2, 'Low'),
  (10732, 5731, 10731, FALSE, FALSE, FALSE, TRUE, 1, 'Low'),
  (10733, 5732, 10732, FALSE, FALSE, FALSE, FALSE, 0, 'Low'),
  (10734, 5733, 10733, FALSE, FALSE, FALSE, FALSE, 0, 'Low'),
  (10735, 5734, 10734, FALSE, FALSE, FALSE, FALSE, 0, 'Low'),
  (10736, 5735, 10735, FALSE, TRUE, FALSE, FALSE, 3, 'Low'),
  (10737, 5736, 10736, TRUE, FALSE, FALSE, TRUE, 3, 'Low'),
  (10738, 5737, 10737, TRUE, FALSE, FALSE, FALSE, 2, 'Low'),
  (10739, 5738, 10738, FALSE, FALSE, FALSE, FALSE, 0, 'Low'),
  (10740, 5739, 10739, FALSE, FALSE, FALSE, FALSE, 0, 'Low'),
  (10741, 5740, 10740, FALSE, FALSE, FALSE, FALSE, 0, 'Low'),
  (10742, 5741, 10741, FALSE, FALSE, FALSE, FALSE, 0, 'Low'),
  (10743, 5742, 10742, TRUE, FALSE, FALSE, FALSE, 2, 'Low'),
  (10744, 5743, 10743, FALSE, FALSE, FALSE, FALSE, 0, 'Low'),
  (10745, 5744, 10744, FALSE, FALSE, FALSE, FALSE, 0, 'Low'),
  (10746, 5745, 10745, FALSE, FALSE, FALSE, FALSE, 0, 'Low'),
  (10747, 5746, 10746, FALSE, FALSE, FALSE, FALSE, 0, 'Low'),
  (10748, 5747, 10747, FALSE, FALSE, FALSE, FALSE, 0, 'Low'),
  (10749, 5748, 10748, FALSE, FALSE, FALSE, FALSE, 0, 'Low'),
  (10750, 5749, 10749, FALSE, FALSE, FALSE, TRUE, 1, 'Low'),
  (10751, 5750, 10750, TRUE, FALSE, FALSE, TRUE, 3, 'Low'),
  (10752, 5751, 10751, FALSE, FALSE, TRUE, FALSE, 2, 'Low'),
  (10753, 5752, 10752, TRUE, FALSE, FALSE, FALSE, 2, 'Low'),
  (10754, 5753, 10753, TRUE, FALSE, FALSE, FALSE, 2, 'Low'),
  (10755, 5754, 10754, TRUE, FALSE, FALSE, FALSE, 2, 'Low'),
  (10756, 5755, 10755, TRUE, FALSE, FALSE, FALSE, 2, 'Low'),
  (10757, 5756, 10756, FALSE, FALSE, FALSE, FALSE, 0, 'Low'),
  (10758, 5757, 10757, TRUE, FALSE, FALSE, FALSE, 2, 'Low'),
  (10759, 5758, 10758, FALSE, FALSE, FALSE, TRUE, 1, 'Low'),
  (10760, 5759, 10759, FALSE, FALSE, TRUE, TRUE, 3, 'Low'),
  (10761, 5760, 10760, FALSE, FALSE, FALSE, FALSE, 0, 'Low'),
  (10762, 5761, 10761, FALSE, FALSE, FALSE, FALSE, 0, 'Low'),
  (10763, 5762, 10762, FALSE, TRUE, TRUE, FALSE, 5, 'High'),
  (10764, 5763, 10763, FALSE, FALSE, FALSE, FALSE, 0, 'Low'),
  (10765, 5764, 10764, FALSE, FALSE, FALSE, FALSE, 0, 'Low'),
  (10766, 5765, 10765, FALSE, FALSE, FALSE, FALSE, 0, 'Low'),
  (10767, 5766, 10766, TRUE, FALSE, FALSE, FALSE, 2, 'Low'),
  (10768, 5767, 10767, FALSE, FALSE, TRUE, FALSE, 2, 'Low'),
  (10769, 5768, 10768, FALSE, FALSE, FALSE, TRUE, 1, 'Low'),
  (10770, 5769, 10769, FALSE, FALSE, FALSE, FALSE, 0, 'Low'),
  (10771, 5770, 10770, TRUE, FALSE, FALSE, FALSE, 2, 'Low'),
  (10772, 5771, 10771, FALSE, FALSE, FALSE, FALSE, 0, 'Low'),
  (10773, 5772, 10772, FALSE, FALSE, FALSE, FALSE, 0, 'Low'),
  (10774, 5773, 10773, TRUE, FALSE, FALSE, FALSE, 2, 'Low'),
  (10775, 5774, 10774, FALSE, FALSE, FALSE, TRUE, 1, 'Low'),
  (10776, 5775, 10775, FALSE, FALSE, FALSE, FALSE, 0, 'Low'),
  (10777, 5776, 10776, FALSE, FALSE, FALSE, FALSE, 0, 'Low'),
  (10778, 5777, 10777, FALSE, FALSE, FALSE, FALSE, 0, 'Low'),
  (10779, 5778, 10778, FALSE, FALSE, FALSE, FALSE, 0, 'Low'),
  (10780, 5779, 10779, FALSE, FALSE, FALSE, TRUE, 1, 'Low'),
  (10781, 5780, 10780, FALSE, FALSE, FALSE, FALSE, 0, 'Low'),
  (10782, 5781, 10781, FALSE, FALSE, FALSE, TRUE, 1, 'Low'),
  (10783, 5782, 10782, FALSE, FALSE, FALSE, FALSE, 0, 'Low'),
  (10784, 5783, 10783, FALSE, FALSE, FALSE, FALSE, 0, 'Low'),
  (10785, 5784, 10784, FALSE, FALSE, FALSE, FALSE, 0, 'Low'),
  (10786, 5785, 10785, FALSE, FALSE, FALSE, FALSE, 0, 'Low'),
  (10787, 5786, 10786, FALSE, FALSE, TRUE, FALSE, 2, 'Low'),
  (10788, 5787, 10787, FALSE, FALSE, FALSE, FALSE, 0, 'Low'),
  (10789, 5788, 10788, FALSE, FALSE, FALSE, FALSE, 0, 'Low'),
  (10790, 5789, 10789, FALSE, TRUE, FALSE, TRUE, 4, 'High'),
  (10791, 5790, 10790, TRUE, FALSE, FALSE, FALSE, 2, 'Low'),
  (10792, 5791, 10791, FALSE, TRUE, FALSE, FALSE, 3, 'Low'),
  (10793, 5792, 10792, TRUE, FALSE, FALSE, FALSE, 2, 'Low'),
  (10794, 5793, 10793, FALSE, FALSE, FALSE, TRUE, 1, 'Low'),
  (10795, 5794, 10794, FALSE, FALSE, FALSE, FALSE, 0, 'Low'),
  (10796, 5795, 10795, FALSE, FALSE, FALSE, FALSE, 0, 'Low'),
  (10797, 5796, 10796, FALSE, FALSE, FALSE, FALSE, 0, 'Low'),
  (10798, 5797, 10797, FALSE, FALSE, FALSE, TRUE, 1, 'Low'),
  (10799, 5798, 10798, FALSE, FALSE, FALSE, FALSE, 0, 'Low'),
  (10800, 5799, 10799, FALSE, FALSE, FALSE, TRUE, 1, 'Low')
ON CONFLICT (id) DO NOTHING;

INSERT INTO nutrition_assessments (id, child_id, session_id, underweight, stunting, wasting, anemia, nutrition_score, nutrition_risk) VALUES
  (10801, 5800, 10800, FALSE, FALSE, FALSE, FALSE, 0, 'Low'),
  (10802, 5801, 10801, FALSE, FALSE, FALSE, FALSE, 0, 'Low'),
  (10803, 5802, 10802, FALSE, FALSE, FALSE, FALSE, 0, 'Low'),
  (10804, 5803, 10803, FALSE, FALSE, FALSE, FALSE, 0, 'Low'),
  (10805, 5804, 10804, TRUE, FALSE, FALSE, FALSE, 2, 'Low'),
  (10806, 5805, 10805, FALSE, TRUE, FALSE, TRUE, 4, 'High'),
  (10807, 5806, 10806, FALSE, TRUE, TRUE, FALSE, 5, 'High'),
  (10808, 5807, 10807, TRUE, FALSE, FALSE, TRUE, 3, 'Low'),
  (10809, 5808, 10808, FALSE, FALSE, FALSE, FALSE, 0, 'Low'),
  (10810, 5809, 10809, FALSE, FALSE, FALSE, FALSE, 0, 'Low'),
  (10811, 5810, 10810, FALSE, FALSE, FALSE, TRUE, 1, 'Low'),
  (10812, 5811, 10811, FALSE, FALSE, FALSE, TRUE, 1, 'Low'),
  (10813, 5812, 10812, FALSE, FALSE, FALSE, FALSE, 0, 'Low'),
  (10814, 5813, 10813, FALSE, FALSE, FALSE, FALSE, 0, 'Low'),
  (10815, 5814, 10814, FALSE, FALSE, FALSE, TRUE, 1, 'Low'),
  (10816, 5815, 10815, FALSE, FALSE, FALSE, FALSE, 0, 'Low'),
  (10817, 5816, 10816, TRUE, FALSE, FALSE, FALSE, 2, 'Low'),
  (10818, 5817, 10817, FALSE, FALSE, FALSE, FALSE, 0, 'Low'),
  (10819, 5818, 10818, FALSE, FALSE, FALSE, TRUE, 1, 'Low'),
  (10820, 5819, 10819, FALSE, FALSE, FALSE, TRUE, 1, 'Low'),
  (10821, 5820, 10820, FALSE, FALSE, TRUE, FALSE, 2, 'Low'),
  (10822, 5821, 10821, FALSE, FALSE, FALSE, FALSE, 0, 'Low'),
  (10823, 5822, 10822, TRUE, FALSE, TRUE, FALSE, 4, 'High'),
  (10824, 5823, 10823, FALSE, FALSE, FALSE, FALSE, 0, 'Low'),
  (10825, 5824, 10824, FALSE, FALSE, FALSE, FALSE, 0, 'Low'),
  (10826, 5825, 10825, FALSE, FALSE, FALSE, FALSE, 0, 'Low'),
  (10827, 5826, 10826, FALSE, FALSE, FALSE, TRUE, 1, 'Low'),
  (10828, 5827, 10827, FALSE, FALSE, FALSE, FALSE, 0, 'Low'),
  (10829, 5828, 10828, FALSE, FALSE, TRUE, TRUE, 3, 'Low'),
  (10830, 5829, 10829, TRUE, FALSE, FALSE, TRUE, 3, 'Low'),
  (10831, 5830, 10830, FALSE, FALSE, FALSE, FALSE, 0, 'Low'),
  (10832, 5831, 10831, TRUE, FALSE, FALSE, FALSE, 2, 'Low'),
  (10833, 5832, 10832, FALSE, FALSE, FALSE, FALSE, 0, 'Low'),
  (10834, 5833, 10833, FALSE, FALSE, FALSE, TRUE, 1, 'Low'),
  (10835, 5834, 10834, FALSE, FALSE, FALSE, FALSE, 0, 'Low'),
  (10836, 5835, 10835, FALSE, FALSE, FALSE, FALSE, 0, 'Low'),
  (10837, 5836, 10836, FALSE, FALSE, FALSE, TRUE, 1, 'Low'),
  (10838, 5837, 10837, FALSE, FALSE, FALSE, FALSE, 0, 'Low'),
  (10839, 5838, 10838, FALSE, FALSE, FALSE, FALSE, 0, 'Low'),
  (10840, 5839, 10839, FALSE, FALSE, FALSE, FALSE, 0, 'Low'),
  (10841, 5840, 10840, TRUE, FALSE, FALSE, FALSE, 2, 'Low'),
  (10842, 5841, 10841, FALSE, FALSE, TRUE, TRUE, 3, 'Low'),
  (10843, 5842, 10842, FALSE, FALSE, FALSE, FALSE, 0, 'Low'),
  (10844, 5843, 10843, TRUE, FALSE, FALSE, FALSE, 2, 'Low'),
  (10845, 5844, 10844, FALSE, FALSE, FALSE, FALSE, 0, 'Low'),
  (10846, 5845, 10845, FALSE, FALSE, FALSE, TRUE, 1, 'Low'),
  (10847, 5846, 10846, FALSE, FALSE, TRUE, FALSE, 2, 'Low'),
  (10848, 5847, 10847, FALSE, FALSE, FALSE, FALSE, 0, 'Low'),
  (10849, 5848, 10848, FALSE, TRUE, FALSE, FALSE, 3, 'Low'),
  (10850, 5849, 10849, FALSE, TRUE, FALSE, FALSE, 3, 'Low'),
  (10851, 5850, 10850, TRUE, FALSE, FALSE, FALSE, 2, 'Low'),
  (10852, 5851, 10851, TRUE, FALSE, FALSE, FALSE, 2, 'Low'),
  (10853, 5852, 10852, FALSE, FALSE, FALSE, FALSE, 0, 'Low'),
  (10854, 5853, 10853, FALSE, FALSE, FALSE, FALSE, 0, 'Low'),
  (10855, 5854, 10854, FALSE, FALSE, FALSE, FALSE, 0, 'Low'),
  (10856, 5855, 10855, FALSE, FALSE, FALSE, FALSE, 0, 'Low'),
  (10857, 5856, 10856, FALSE, TRUE, FALSE, FALSE, 3, 'Low'),
  (10858, 5857, 10857, FALSE, FALSE, FALSE, FALSE, 0, 'Low'),
  (10859, 5858, 10858, FALSE, FALSE, FALSE, TRUE, 1, 'Low'),
  (10860, 5859, 10859, FALSE, FALSE, FALSE, TRUE, 1, 'Low'),
  (10861, 5860, 10860, FALSE, FALSE, FALSE, FALSE, 0, 'Low'),
  (10862, 5861, 10861, FALSE, FALSE, FALSE, TRUE, 1, 'Low'),
  (10863, 5862, 10862, TRUE, TRUE, FALSE, FALSE, 5, 'High'),
  (10864, 5863, 10863, FALSE, FALSE, FALSE, FALSE, 0, 'Low'),
  (10865, 5864, 10864, FALSE, FALSE, FALSE, FALSE, 0, 'Low'),
  (10866, 5865, 10865, FALSE, FALSE, FALSE, TRUE, 1, 'Low'),
  (10867, 5866, 10866, FALSE, FALSE, FALSE, TRUE, 1, 'Low'),
  (10868, 5867, 10867, TRUE, FALSE, FALSE, TRUE, 3, 'Low'),
  (10869, 5868, 10868, TRUE, FALSE, FALSE, FALSE, 2, 'Low'),
  (10870, 5869, 10869, TRUE, FALSE, FALSE, FALSE, 2, 'Low'),
  (10871, 5870, 10870, TRUE, FALSE, FALSE, FALSE, 2, 'Low'),
  (10872, 5871, 10871, FALSE, FALSE, FALSE, FALSE, 0, 'Low'),
  (10873, 5872, 10872, FALSE, FALSE, FALSE, FALSE, 0, 'Low'),
  (10874, 5873, 10873, FALSE, FALSE, TRUE, FALSE, 2, 'Low'),
  (10875, 5874, 10874, TRUE, TRUE, TRUE, FALSE, 7, 'High'),
  (10876, 5875, 10875, FALSE, FALSE, FALSE, FALSE, 0, 'Low'),
  (10877, 5876, 10876, FALSE, FALSE, FALSE, TRUE, 1, 'Low'),
  (10878, 5877, 10877, FALSE, FALSE, FALSE, FALSE, 0, 'Low'),
  (10879, 5878, 10878, TRUE, TRUE, TRUE, FALSE, 7, 'High'),
  (10880, 5879, 10879, TRUE, FALSE, FALSE, FALSE, 2, 'Low'),
  (10881, 5880, 10880, FALSE, FALSE, FALSE, FALSE, 0, 'Low'),
  (10882, 5881, 10881, TRUE, FALSE, TRUE, FALSE, 4, 'High'),
  (10883, 5882, 10882, FALSE, FALSE, FALSE, FALSE, 0, 'Low'),
  (10884, 5883, 10883, FALSE, TRUE, FALSE, FALSE, 3, 'Low'),
  (10885, 5884, 10884, FALSE, FALSE, FALSE, FALSE, 0, 'Low'),
  (10886, 5885, 10885, FALSE, FALSE, FALSE, FALSE, 0, 'Low'),
  (10887, 5886, 10886, FALSE, FALSE, FALSE, TRUE, 1, 'Low'),
  (10888, 5887, 10887, TRUE, TRUE, TRUE, FALSE, 7, 'High'),
  (10889, 5888, 10888, FALSE, FALSE, FALSE, FALSE, 0, 'Low'),
  (10890, 5889, 10889, FALSE, FALSE, FALSE, FALSE, 0, 'Low'),
  (10891, 5890, 10890, TRUE, FALSE, FALSE, FALSE, 2, 'Low'),
  (10892, 5891, 10891, FALSE, TRUE, FALSE, FALSE, 3, 'Low'),
  (10893, 5892, 10892, FALSE, FALSE, FALSE, FALSE, 0, 'Low'),
  (10894, 5893, 10893, FALSE, TRUE, FALSE, FALSE, 3, 'Low'),
  (10895, 5894, 10894, FALSE, FALSE, FALSE, FALSE, 0, 'Low'),
  (10896, 5895, 10895, FALSE, FALSE, FALSE, FALSE, 0, 'Low'),
  (10897, 5896, 10896, FALSE, TRUE, FALSE, FALSE, 3, 'Low'),
  (10898, 5897, 10897, FALSE, FALSE, FALSE, TRUE, 1, 'Low'),
  (10899, 5898, 10898, FALSE, FALSE, FALSE, FALSE, 0, 'Low'),
  (10900, 5899, 10899, FALSE, FALSE, FALSE, FALSE, 0, 'Low')
ON CONFLICT (id) DO NOTHING;

INSERT INTO nutrition_assessments (id, child_id, session_id, underweight, stunting, wasting, anemia, nutrition_score, nutrition_risk) VALUES
  (10901, 5900, 10900, TRUE, FALSE, FALSE, TRUE, 3, 'Low'),
  (10902, 5901, 10901, FALSE, FALSE, FALSE, TRUE, 1, 'Low'),
  (10903, 5902, 10902, TRUE, FALSE, FALSE, FALSE, 2, 'Low'),
  (10904, 5903, 10903, TRUE, FALSE, TRUE, FALSE, 4, 'High'),
  (10905, 5904, 10904, TRUE, FALSE, FALSE, FALSE, 2, 'Low'),
  (10906, 5905, 10905, FALSE, FALSE, FALSE, FALSE, 0, 'Low'),
  (10907, 5906, 10906, FALSE, FALSE, FALSE, TRUE, 1, 'Low'),
  (10908, 5907, 10907, FALSE, FALSE, FALSE, TRUE, 1, 'Low'),
  (10909, 5908, 10908, FALSE, FALSE, FALSE, TRUE, 1, 'Low'),
  (10910, 5909, 10909, FALSE, FALSE, FALSE, FALSE, 0, 'Low'),
  (10911, 5910, 10910, FALSE, FALSE, FALSE, FALSE, 0, 'Low'),
  (10912, 5911, 10911, FALSE, FALSE, FALSE, FALSE, 0, 'Low'),
  (10913, 5912, 10912, FALSE, FALSE, FALSE, TRUE, 1, 'Low'),
  (10914, 5913, 10913, FALSE, TRUE, FALSE, TRUE, 4, 'High'),
  (10915, 5914, 10914, FALSE, FALSE, FALSE, FALSE, 0, 'Low'),
  (10916, 5915, 10915, FALSE, FALSE, TRUE, TRUE, 3, 'Low'),
  (10917, 5916, 10916, FALSE, FALSE, FALSE, FALSE, 0, 'Low'),
  (10918, 5917, 10917, FALSE, TRUE, FALSE, TRUE, 4, 'High'),
  (10919, 5918, 10918, FALSE, FALSE, FALSE, FALSE, 0, 'Low'),
  (10920, 5919, 10919, FALSE, TRUE, FALSE, FALSE, 3, 'Low'),
  (10921, 5920, 10920, TRUE, FALSE, FALSE, FALSE, 2, 'Low'),
  (10922, 5921, 10921, FALSE, TRUE, FALSE, FALSE, 3, 'Low'),
  (10923, 5922, 10922, FALSE, TRUE, FALSE, FALSE, 3, 'Low'),
  (10924, 5923, 10923, FALSE, FALSE, FALSE, TRUE, 1, 'Low'),
  (10925, 5924, 10924, FALSE, FALSE, FALSE, TRUE, 1, 'Low'),
  (10926, 5925, 10925, FALSE, FALSE, FALSE, TRUE, 1, 'Low'),
  (10927, 5926, 10926, TRUE, FALSE, FALSE, TRUE, 3, 'Low'),
  (10928, 5927, 10927, TRUE, FALSE, TRUE, TRUE, 5, 'High'),
  (10929, 5928, 10928, TRUE, FALSE, FALSE, FALSE, 2, 'Low'),
  (10930, 5929, 10929, FALSE, FALSE, TRUE, FALSE, 2, 'Low'),
  (10931, 5930, 10930, FALSE, FALSE, FALSE, FALSE, 0, 'Low'),
  (10932, 5931, 10931, FALSE, FALSE, FALSE, TRUE, 1, 'Low'),
  (10933, 5932, 10932, FALSE, FALSE, FALSE, TRUE, 1, 'Low'),
  (10934, 5933, 10933, TRUE, FALSE, FALSE, TRUE, 3, 'Low'),
  (10935, 5934, 10934, FALSE, FALSE, TRUE, FALSE, 2, 'Low'),
  (10936, 5935, 10935, FALSE, FALSE, TRUE, TRUE, 3, 'Low'),
  (10937, 5936, 10936, FALSE, FALSE, FALSE, TRUE, 1, 'Low'),
  (10938, 5937, 10937, TRUE, FALSE, FALSE, FALSE, 2, 'Low'),
  (10939, 5938, 10938, FALSE, FALSE, FALSE, FALSE, 0, 'Low'),
  (10940, 5939, 10939, FALSE, FALSE, TRUE, TRUE, 3, 'Low'),
  (10941, 5940, 10940, FALSE, FALSE, FALSE, FALSE, 0, 'Low'),
  (10942, 5941, 10941, FALSE, FALSE, FALSE, FALSE, 0, 'Low'),
  (10943, 5942, 10942, FALSE, FALSE, FALSE, FALSE, 0, 'Low'),
  (10944, 5943, 10943, FALSE, FALSE, FALSE, FALSE, 0, 'Low'),
  (10945, 5944, 10944, FALSE, FALSE, FALSE, FALSE, 0, 'Low'),
  (10946, 5945, 10945, TRUE, FALSE, FALSE, TRUE, 3, 'Low'),
  (10947, 5946, 10946, FALSE, FALSE, FALSE, FALSE, 0, 'Low'),
  (10948, 5947, 10947, TRUE, TRUE, FALSE, FALSE, 5, 'High'),
  (10949, 5948, 10948, FALSE, TRUE, TRUE, FALSE, 5, 'High'),
  (10950, 5949, 10949, FALSE, FALSE, FALSE, TRUE, 1, 'Low'),
  (10951, 5950, 10950, FALSE, TRUE, FALSE, FALSE, 3, 'Low'),
  (10952, 5951, 10951, FALSE, FALSE, FALSE, FALSE, 0, 'Low'),
  (10953, 5952, 10952, FALSE, FALSE, FALSE, FALSE, 0, 'Low'),
  (10954, 5953, 10953, FALSE, TRUE, FALSE, FALSE, 3, 'Low'),
  (10955, 5954, 10954, FALSE, FALSE, TRUE, FALSE, 2, 'Low'),
  (10956, 5955, 10955, FALSE, FALSE, FALSE, TRUE, 1, 'Low'),
  (10957, 5956, 10956, FALSE, FALSE, FALSE, TRUE, 1, 'Low'),
  (10958, 5957, 10957, TRUE, FALSE, FALSE, FALSE, 2, 'Low'),
  (10959, 5958, 10958, TRUE, TRUE, FALSE, FALSE, 5, 'High'),
  (10960, 5959, 10959, FALSE, TRUE, FALSE, FALSE, 3, 'Low'),
  (10961, 5960, 10960, FALSE, FALSE, TRUE, TRUE, 3, 'Low'),
  (10962, 5961, 10961, FALSE, FALSE, FALSE, TRUE, 1, 'Low'),
  (10963, 5962, 10962, FALSE, FALSE, FALSE, FALSE, 0, 'Low'),
  (10964, 5963, 10963, FALSE, FALSE, FALSE, TRUE, 1, 'Low'),
  (10965, 5964, 10964, FALSE, FALSE, FALSE, FALSE, 0, 'Low'),
  (10966, 5965, 10965, FALSE, FALSE, FALSE, FALSE, 0, 'Low'),
  (10967, 5966, 10966, FALSE, FALSE, FALSE, FALSE, 0, 'Low'),
  (10968, 5967, 10967, FALSE, FALSE, FALSE, TRUE, 1, 'Low'),
  (10969, 5968, 10968, TRUE, FALSE, FALSE, TRUE, 3, 'Low'),
  (10970, 5969, 10969, FALSE, FALSE, FALSE, FALSE, 0, 'Low'),
  (10971, 5970, 10970, FALSE, TRUE, FALSE, FALSE, 3, 'Low'),
  (10972, 5971, 10971, FALSE, FALSE, FALSE, TRUE, 1, 'Low'),
  (10973, 5972, 10972, FALSE, FALSE, FALSE, FALSE, 0, 'Low'),
  (10974, 5973, 10973, FALSE, FALSE, FALSE, FALSE, 0, 'Low'),
  (10975, 5974, 10974, FALSE, FALSE, FALSE, FALSE, 0, 'Low'),
  (10976, 5975, 10975, TRUE, TRUE, FALSE, FALSE, 5, 'High'),
  (10977, 5976, 10976, FALSE, TRUE, FALSE, FALSE, 3, 'Low'),
  (10978, 5977, 10977, FALSE, FALSE, FALSE, FALSE, 0, 'Low'),
  (10979, 5978, 10978, FALSE, FALSE, FALSE, FALSE, 0, 'Low'),
  (10980, 5979, 10979, FALSE, TRUE, FALSE, TRUE, 4, 'High'),
  (10981, 5980, 10980, FALSE, FALSE, FALSE, TRUE, 1, 'Low'),
  (10982, 5981, 10981, FALSE, FALSE, FALSE, TRUE, 1, 'Low'),
  (10983, 5982, 10982, FALSE, FALSE, FALSE, TRUE, 1, 'Low'),
  (10984, 5983, 10983, FALSE, TRUE, FALSE, FALSE, 3, 'Low'),
  (10985, 5984, 10984, FALSE, FALSE, FALSE, FALSE, 0, 'Low'),
  (10986, 5985, 10985, FALSE, FALSE, FALSE, TRUE, 1, 'Low'),
  (10987, 5986, 10986, TRUE, FALSE, FALSE, FALSE, 2, 'Low'),
  (10988, 5987, 10987, FALSE, FALSE, FALSE, FALSE, 0, 'Low'),
  (10989, 5988, 10988, FALSE, FALSE, FALSE, FALSE, 0, 'Low'),
  (10990, 5989, 10989, FALSE, FALSE, FALSE, FALSE, 0, 'Low'),
  (10991, 5990, 10990, FALSE, FALSE, TRUE, FALSE, 2, 'Low'),
  (10992, 5991, 10991, FALSE, FALSE, TRUE, TRUE, 3, 'Low'),
  (10993, 5992, 10992, FALSE, TRUE, FALSE, FALSE, 3, 'Low'),
  (10994, 5993, 10993, TRUE, FALSE, FALSE, TRUE, 3, 'Low'),
  (10995, 5994, 10994, FALSE, FALSE, FALSE, FALSE, 0, 'Low'),
  (10996, 5995, 10995, TRUE, FALSE, TRUE, FALSE, 4, 'High'),
  (10997, 5996, 10996, FALSE, FALSE, FALSE, FALSE, 0, 'Low'),
  (10998, 5997, 10997, FALSE, FALSE, FALSE, FALSE, 0, 'Low'),
  (10999, 5998, 10998, FALSE, FALSE, FALSE, FALSE, 0, 'Low'),
  (11000, 5999, 10999, FALSE, FALSE, FALSE, FALSE, 0, 'Low')
ON CONFLICT (id) DO NOTHING;

-- 7. ENVIRONMENT ASSESSMENTS

INSERT INTO environment_assessments (id, child_id, session_id, parent_child_interaction_score, parent_mental_health_score, home_stimulation_score, play_materials, caregiver_engagement, language_exposure, safe_water, toilet_facility) VALUES
  (10001, 5000, 10000, 3, 2, 6, TRUE, 'Medium', 'Inadequate', FALSE, TRUE),
  (10002, 5001, 10001, 4, 2, 5, TRUE, 'Medium', 'Adequate', FALSE, TRUE),
  (10003, 5002, 10002, 1, 8, 4, TRUE, 'Medium', 'Adequate', FALSE, TRUE),
  (10004, 5003, 10003, 5, 4, 3, TRUE, 'Medium', 'Adequate', TRUE, TRUE),
  (10005, 5004, 10004, 7, 5, 9, TRUE, 'Medium', 'Adequate', TRUE, TRUE),
  (10006, 5005, 10005, 1, 3, 3, TRUE, 'High', 'Adequate', TRUE, TRUE),
  (10007, 5006, 10006, 6, 1, 8, FALSE, 'Low', 'Adequate', TRUE, TRUE),
  (10008, 5007, 10007, 4, 1, 1, TRUE, 'Medium', 'Inadequate', FALSE, TRUE),
  (10009, 5008, 10008, 2, 1, 8, TRUE, 'Medium', 'Adequate', TRUE, TRUE),
  (10010, 5009, 10009, 2, 6, 7, TRUE, 'Medium', 'Adequate', TRUE, TRUE),
  (10011, 5010, 10010, 1, 8, 5, FALSE, 'High', 'Inadequate', TRUE, FALSE),
  (10012, 5011, 10011, 4, 7, 5, TRUE, 'Medium', 'Adequate', TRUE, FALSE),
  (10013, 5012, 10012, 5, 9, 4, TRUE, 'Low', 'Adequate', TRUE, TRUE),
  (10014, 5013, 10013, 6, 3, 4, FALSE, 'Medium', 'Adequate', TRUE, FALSE),
  (10015, 5014, 10014, 6, 1, 8, FALSE, 'High', 'Adequate', TRUE, TRUE),
  (10016, 5015, 10015, 8, 4, 8, TRUE, 'High', 'Inadequate', FALSE, FALSE),
  (10017, 5016, 10016, 4, 8, 2, FALSE, 'Medium', 'Inadequate', FALSE, TRUE),
  (10018, 5017, 10017, 2, 5, 5, TRUE, 'High', 'Adequate', TRUE, TRUE),
  (10019, 5018, 10018, 8, 2, 7, TRUE, 'High', 'Adequate', FALSE, TRUE),
  (10020, 5019, 10019, 9, 7, 1, FALSE, 'Low', 'Inadequate', FALSE, TRUE),
  (10021, 5020, 10020, 3, 6, 2, TRUE, 'Medium', 'Adequate', TRUE, TRUE),
  (10022, 5021, 10021, 2, 9, 6, TRUE, 'Medium', 'Adequate', TRUE, TRUE),
  (10023, 5022, 10022, 5, 1, 9, TRUE, 'High', 'Adequate', TRUE, TRUE),
  (10024, 5023, 10023, 3, 5, 1, TRUE, 'Medium', 'Adequate', TRUE, TRUE),
  (10025, 5024, 10024, 4, 5, 6, TRUE, 'High', 'Adequate', TRUE, TRUE),
  (10026, 5025, 10025, 4, 6, 1, TRUE, 'High', 'Inadequate', TRUE, TRUE),
  (10027, 5026, 10026, 9, 3, 9, TRUE, 'High', 'Inadequate', FALSE, TRUE),
  (10028, 5027, 10027, 8, 1, 1, FALSE, 'High', 'Adequate', TRUE, FALSE),
  (10029, 5028, 10028, 1, 3, 6, TRUE, 'Medium', 'Adequate', TRUE, TRUE),
  (10030, 5029, 10029, 4, 9, 6, TRUE, 'High', 'Adequate', TRUE, TRUE),
  (10031, 5030, 10030, 1, 4, 1, TRUE, 'Medium', 'Adequate', TRUE, FALSE),
  (10032, 5031, 10031, 9, 2, 2, TRUE, 'Medium', 'Adequate', TRUE, FALSE),
  (10033, 5032, 10032, 4, 4, 6, TRUE, 'Medium', 'Adequate', FALSE, TRUE),
  (10034, 5033, 10033, 6, 5, 2, TRUE, 'Medium', 'Adequate', TRUE, TRUE),
  (10035, 5034, 10034, 3, 7, 1, TRUE, 'High', 'Adequate', TRUE, TRUE),
  (10036, 5035, 10035, 2, 1, 1, TRUE, 'Medium', 'Adequate', TRUE, TRUE),
  (10037, 5036, 10036, 3, 8, 4, TRUE, 'High', 'Adequate', TRUE, TRUE),
  (10038, 5037, 10037, 6, 6, 4, TRUE, 'Medium', 'Adequate', TRUE, FALSE),
  (10039, 5038, 10038, 3, 3, 6, TRUE, 'Medium', 'Adequate', TRUE, TRUE),
  (10040, 5039, 10039, 9, 5, 9, TRUE, 'Medium', 'Adequate', TRUE, TRUE),
  (10041, 5040, 10040, 5, 4, 2, FALSE, 'High', 'Adequate', TRUE, FALSE),
  (10042, 5041, 10041, 4, 5, 1, TRUE, 'Medium', 'Inadequate', TRUE, TRUE),
  (10043, 5042, 10042, 3, 2, 7, FALSE, 'High', 'Adequate', TRUE, FALSE),
  (10044, 5043, 10043, 3, 1, 9, TRUE, 'Medium', 'Adequate', TRUE, TRUE),
  (10045, 5044, 10044, 1, 4, 6, TRUE, 'High', 'Adequate', TRUE, TRUE),
  (10046, 5045, 10045, 5, 4, 7, TRUE, 'High', 'Adequate', FALSE, TRUE),
  (10047, 5046, 10046, 3, 7, 8, TRUE, 'Medium', 'Adequate', FALSE, TRUE),
  (10048, 5047, 10047, 2, 1, 9, FALSE, 'Medium', 'Adequate', TRUE, FALSE),
  (10049, 5048, 10048, 7, 9, 2, TRUE, 'High', 'Adequate', TRUE, FALSE),
  (10050, 5049, 10049, 7, 1, 7, TRUE, 'High', 'Adequate', TRUE, TRUE),
  (10051, 5050, 10050, 3, 6, 8, TRUE, 'Medium', 'Adequate', FALSE, FALSE),
  (10052, 5051, 10051, 1, 9, 7, TRUE, 'Medium', 'Adequate', TRUE, TRUE),
  (10053, 5052, 10052, 9, 6, 4, TRUE, 'Medium', 'Inadequate', TRUE, FALSE),
  (10054, 5053, 10053, 3, 4, 6, TRUE, 'High', 'Adequate', TRUE, TRUE),
  (10055, 5054, 10054, 4, 2, 7, TRUE, 'High', 'Adequate', TRUE, FALSE),
  (10056, 5055, 10055, 4, 4, 8, TRUE, 'Medium', 'Adequate', TRUE, FALSE),
  (10057, 5056, 10056, 8, 9, 8, TRUE, 'Medium', 'Adequate', TRUE, TRUE),
  (10058, 5057, 10057, 2, 2, 3, FALSE, 'High', 'Adequate', TRUE, TRUE),
  (10059, 5058, 10058, 4, 8, 1, TRUE, 'Medium', 'Adequate', TRUE, TRUE),
  (10060, 5059, 10059, 4, 9, 4, TRUE, 'Medium', 'Adequate', TRUE, FALSE),
  (10061, 5060, 10060, 2, 6, 9, TRUE, 'High', 'Adequate', FALSE, FALSE),
  (10062, 5061, 10061, 5, 3, 2, TRUE, 'High', 'Adequate', TRUE, FALSE),
  (10063, 5062, 10062, 7, 7, 8, TRUE, 'Medium', 'Inadequate', TRUE, TRUE),
  (10064, 5063, 10063, 9, 5, 3, TRUE, 'Medium', 'Adequate', TRUE, TRUE),
  (10065, 5064, 10064, 8, 5, 7, TRUE, 'High', 'Adequate', TRUE, TRUE),
  (10066, 5065, 10065, 3, 5, 2, TRUE, 'Low', 'Inadequate', TRUE, TRUE),
  (10067, 5066, 10066, 2, 9, 1, TRUE, 'High', 'Adequate', TRUE, TRUE),
  (10068, 5067, 10067, 9, 7, 1, TRUE, 'High', 'Adequate', TRUE, TRUE),
  (10069, 5068, 10068, 2, 4, 3, FALSE, 'Medium', 'Adequate', TRUE, TRUE),
  (10070, 5069, 10069, 6, 7, 7, TRUE, 'Medium', 'Adequate', TRUE, TRUE),
  (10071, 5070, 10070, 5, 4, 9, TRUE, 'High', 'Adequate', TRUE, TRUE),
  (10072, 5071, 10071, 3, 7, 1, FALSE, 'Medium', 'Adequate', TRUE, FALSE),
  (10073, 5072, 10072, 2, 8, 8, TRUE, 'Medium', 'Adequate', TRUE, FALSE),
  (10074, 5073, 10073, 8, 3, 2, FALSE, 'Medium', 'Adequate', TRUE, FALSE),
  (10075, 5074, 10074, 6, 3, 7, TRUE, 'Low', 'Adequate', TRUE, TRUE),
  (10076, 5075, 10075, 1, 5, 4, FALSE, 'Medium', 'Inadequate', FALSE, FALSE),
  (10077, 5076, 10076, 7, 8, 6, TRUE, 'Low', 'Inadequate', TRUE, TRUE),
  (10078, 5077, 10077, 5, 9, 1, TRUE, 'High', 'Adequate', TRUE, TRUE),
  (10079, 5078, 10078, 7, 7, 7, FALSE, 'Low', 'Adequate', TRUE, TRUE),
  (10080, 5079, 10079, 4, 3, 3, TRUE, 'High', 'Inadequate', TRUE, FALSE),
  (10081, 5080, 10080, 2, 2, 8, TRUE, 'Low', 'Adequate', TRUE, TRUE),
  (10082, 5081, 10081, 8, 2, 4, TRUE, 'Medium', 'Adequate', TRUE, TRUE),
  (10083, 5082, 10082, 1, 2, 9, FALSE, 'Low', 'Adequate', TRUE, FALSE),
  (10084, 5083, 10083, 8, 9, 4, FALSE, 'High', 'Inadequate', FALSE, TRUE),
  (10085, 5084, 10084, 7, 3, 5, TRUE, 'Medium', 'Adequate', FALSE, FALSE),
  (10086, 5085, 10085, 8, 8, 9, TRUE, 'Medium', 'Adequate', TRUE, TRUE),
  (10087, 5086, 10086, 4, 6, 6, FALSE, 'Low', 'Adequate', TRUE, TRUE),
  (10088, 5087, 10087, 9, 4, 7, TRUE, 'Medium', 'Inadequate', FALSE, FALSE),
  (10089, 5088, 10088, 7, 5, 4, TRUE, 'Medium', 'Adequate', TRUE, FALSE),
  (10090, 5089, 10089, 2, 3, 1, TRUE, 'Low', 'Inadequate', TRUE, TRUE),
  (10091, 5090, 10090, 7, 3, 6, TRUE, 'Low', 'Inadequate', FALSE, TRUE),
  (10092, 5091, 10091, 8, 8, 5, TRUE, 'Medium', 'Adequate', TRUE, TRUE),
  (10093, 5092, 10092, 4, 1, 6, FALSE, 'Medium', 'Adequate', TRUE, FALSE),
  (10094, 5093, 10093, 4, 1, 3, TRUE, 'Low', 'Adequate', TRUE, FALSE),
  (10095, 5094, 10094, 6, 5, 5, TRUE, 'Medium', 'Adequate', FALSE, FALSE),
  (10096, 5095, 10095, 8, 6, 4, FALSE, 'High', 'Adequate', FALSE, TRUE),
  (10097, 5096, 10096, 1, 5, 4, TRUE, 'High', 'Inadequate', FALSE, TRUE),
  (10098, 5097, 10097, 1, 3, 8, TRUE, 'Medium', 'Adequate', TRUE, TRUE),
  (10099, 5098, 10098, 5, 8, 7, TRUE, 'Low', 'Inadequate', TRUE, TRUE),
  (10100, 5099, 10099, 1, 4, 3, FALSE, 'Medium', 'Adequate', TRUE, TRUE)
ON CONFLICT (id) DO NOTHING;

INSERT INTO environment_assessments (id, child_id, session_id, parent_child_interaction_score, parent_mental_health_score, home_stimulation_score, play_materials, caregiver_engagement, language_exposure, safe_water, toilet_facility) VALUES
  (10101, 5100, 10100, 1, 7, 7, TRUE, 'High', 'Adequate', TRUE, TRUE),
  (10102, 5101, 10101, 3, 8, 1, TRUE, 'Medium', 'Adequate', TRUE, FALSE),
  (10103, 5102, 10102, 4, 1, 7, TRUE, 'Low', 'Inadequate', FALSE, TRUE),
  (10104, 5103, 10103, 1, 2, 9, TRUE, 'Medium', 'Inadequate', TRUE, TRUE),
  (10105, 5104, 10104, 1, 8, 7, TRUE, 'High', 'Adequate', TRUE, TRUE),
  (10106, 5105, 10105, 8, 2, 5, TRUE, 'Low', 'Adequate', TRUE, TRUE),
  (10107, 5106, 10106, 4, 3, 9, FALSE, 'High', 'Inadequate', TRUE, FALSE),
  (10108, 5107, 10107, 7, 6, 3, FALSE, 'High', 'Inadequate', TRUE, TRUE),
  (10109, 5108, 10108, 6, 4, 7, FALSE, 'Low', 'Adequate', TRUE, FALSE),
  (10110, 5109, 10109, 4, 1, 1, FALSE, 'Medium', 'Adequate', TRUE, TRUE),
  (10111, 5110, 10110, 7, 8, 8, FALSE, 'Low', 'Adequate', TRUE, TRUE),
  (10112, 5111, 10111, 4, 6, 4, TRUE, 'High', 'Adequate', TRUE, TRUE),
  (10113, 5112, 10112, 3, 9, 4, TRUE, 'High', 'Adequate', TRUE, FALSE),
  (10114, 5113, 10113, 9, 9, 1, FALSE, 'Low', 'Adequate', TRUE, TRUE),
  (10115, 5114, 10114, 6, 3, 8, TRUE, 'High', 'Adequate', TRUE, TRUE),
  (10116, 5115, 10115, 3, 2, 7, TRUE, 'High', 'Adequate', TRUE, TRUE),
  (10117, 5116, 10116, 9, 2, 9, TRUE, 'Low', 'Adequate', FALSE, FALSE),
  (10118, 5117, 10117, 3, 7, 5, TRUE, 'High', 'Adequate', TRUE, TRUE),
  (10119, 5118, 10118, 4, 2, 7, FALSE, 'High', 'Adequate', TRUE, TRUE),
  (10120, 5119, 10119, 3, 9, 5, FALSE, 'High', 'Adequate', TRUE, TRUE),
  (10121, 5120, 10120, 8, 7, 2, TRUE, 'Medium', 'Inadequate', TRUE, TRUE),
  (10122, 5121, 10121, 2, 8, 1, TRUE, 'Medium', 'Adequate', FALSE, FALSE),
  (10123, 5122, 10122, 6, 6, 5, FALSE, 'Medium', 'Adequate', TRUE, TRUE),
  (10124, 5123, 10123, 6, 4, 3, TRUE, 'Low', 'Inadequate', FALSE, FALSE),
  (10125, 5124, 10124, 8, 3, 1, TRUE, 'High', 'Adequate', TRUE, TRUE),
  (10126, 5125, 10125, 3, 9, 2, FALSE, 'Medium', 'Adequate', FALSE, TRUE),
  (10127, 5126, 10126, 3, 2, 7, TRUE, 'Low', 'Adequate', TRUE, TRUE),
  (10128, 5127, 10127, 1, 1, 3, TRUE, 'Low', 'Inadequate', FALSE, TRUE),
  (10129, 5128, 10128, 5, 1, 6, TRUE, 'Medium', 'Inadequate', TRUE, TRUE),
  (10130, 5129, 10129, 1, 4, 6, FALSE, 'High', 'Adequate', TRUE, FALSE),
  (10131, 5130, 10130, 8, 2, 8, TRUE, 'Medium', 'Adequate', FALSE, TRUE),
  (10132, 5131, 10131, 7, 4, 8, TRUE, 'Medium', 'Inadequate', TRUE, FALSE),
  (10133, 5132, 10132, 3, 8, 1, TRUE, 'High', 'Adequate', TRUE, FALSE),
  (10134, 5133, 10133, 6, 7, 5, FALSE, 'Medium', 'Adequate', TRUE, TRUE),
  (10135, 5134, 10134, 7, 9, 8, FALSE, 'Medium', 'Adequate', TRUE, TRUE),
  (10136, 5135, 10135, 4, 8, 3, TRUE, 'Low', 'Adequate', TRUE, TRUE),
  (10137, 5136, 10136, 5, 6, 3, FALSE, 'High', 'Adequate', TRUE, TRUE),
  (10138, 5137, 10137, 8, 2, 7, TRUE, 'Low', 'Adequate', TRUE, TRUE),
  (10139, 5138, 10138, 4, 8, 2, TRUE, 'High', 'Inadequate', TRUE, TRUE),
  (10140, 5139, 10139, 6, 5, 5, TRUE, 'High', 'Adequate', FALSE, TRUE),
  (10141, 5140, 10140, 8, 3, 9, TRUE, 'Low', 'Adequate', TRUE, TRUE),
  (10142, 5141, 10141, 1, 4, 6, TRUE, 'High', 'Adequate', TRUE, TRUE),
  (10143, 5142, 10142, 4, 8, 8, TRUE, 'High', 'Adequate', TRUE, TRUE),
  (10144, 5143, 10143, 2, 3, 2, TRUE, 'Medium', 'Inadequate', TRUE, TRUE),
  (10145, 5144, 10144, 8, 8, 3, TRUE, 'Medium', 'Adequate', TRUE, TRUE),
  (10146, 5145, 10145, 8, 7, 6, TRUE, 'Medium', 'Inadequate', FALSE, TRUE),
  (10147, 5146, 10146, 2, 6, 7, FALSE, 'High', 'Adequate', TRUE, FALSE),
  (10148, 5147, 10147, 9, 6, 3, TRUE, 'Low', 'Inadequate', TRUE, TRUE),
  (10149, 5148, 10148, 5, 4, 6, TRUE, 'Medium', 'Adequate', TRUE, FALSE),
  (10150, 5149, 10149, 7, 2, 5, TRUE, 'Low', 'Inadequate', TRUE, FALSE),
  (10151, 5150, 10150, 8, 9, 3, TRUE, 'High', 'Adequate', TRUE, TRUE),
  (10152, 5151, 10151, 1, 5, 8, TRUE, 'Medium', 'Inadequate', TRUE, TRUE),
  (10153, 5152, 10152, 7, 8, 6, TRUE, 'Medium', 'Adequate', TRUE, FALSE),
  (10154, 5153, 10153, 4, 2, 9, TRUE, 'Medium', 'Adequate', FALSE, TRUE),
  (10155, 5154, 10154, 6, 8, 9, TRUE, 'Medium', 'Adequate', TRUE, TRUE),
  (10156, 5155, 10155, 3, 4, 7, TRUE, 'Medium', 'Adequate', FALSE, TRUE),
  (10157, 5156, 10156, 9, 7, 5, TRUE, 'Low', 'Inadequate', TRUE, TRUE),
  (10158, 5157, 10157, 6, 4, 3, FALSE, 'High', 'Adequate', FALSE, TRUE),
  (10159, 5158, 10158, 4, 9, 7, FALSE, 'Medium', 'Adequate', TRUE, FALSE),
  (10160, 5159, 10159, 6, 9, 7, TRUE, 'Medium', 'Inadequate', FALSE, TRUE),
  (10161, 5160, 10160, 6, 9, 6, TRUE, 'Low', 'Adequate', TRUE, TRUE),
  (10162, 5161, 10161, 4, 7, 8, TRUE, 'Medium', 'Adequate', TRUE, TRUE),
  (10163, 5162, 10162, 2, 2, 4, TRUE, 'High', 'Adequate', TRUE, TRUE),
  (10164, 5163, 10163, 3, 5, 7, FALSE, 'Medium', 'Adequate', TRUE, TRUE),
  (10165, 5164, 10164, 8, 3, 3, FALSE, 'Medium', 'Adequate', FALSE, TRUE),
  (10166, 5165, 10165, 4, 8, 5, TRUE, 'High', 'Adequate', TRUE, TRUE),
  (10167, 5166, 10166, 8, 2, 8, TRUE, 'Medium', 'Adequate', TRUE, TRUE),
  (10168, 5167, 10167, 9, 3, 7, TRUE, 'Medium', 'Adequate', FALSE, FALSE),
  (10169, 5168, 10168, 3, 7, 2, FALSE, 'Low', 'Adequate', TRUE, TRUE),
  (10170, 5169, 10169, 7, 9, 5, FALSE, 'Low', 'Inadequate', TRUE, FALSE),
  (10171, 5170, 10170, 9, 8, 7, TRUE, 'Medium', 'Adequate', TRUE, TRUE),
  (10172, 5171, 10171, 6, 3, 6, TRUE, 'Medium', 'Adequate', FALSE, TRUE),
  (10173, 5172, 10172, 8, 6, 5, FALSE, 'Low', 'Adequate', TRUE, TRUE),
  (10174, 5173, 10173, 8, 7, 6, FALSE, 'Medium', 'Adequate', TRUE, FALSE),
  (10175, 5174, 10174, 9, 3, 5, FALSE, 'High', 'Adequate', TRUE, TRUE),
  (10176, 5175, 10175, 8, 8, 2, TRUE, 'Medium', 'Adequate', TRUE, FALSE),
  (10177, 5176, 10176, 5, 3, 2, TRUE, 'High', 'Adequate', TRUE, TRUE),
  (10178, 5177, 10177, 6, 7, 5, TRUE, 'Low', 'Adequate', FALSE, TRUE),
  (10179, 5178, 10178, 2, 1, 9, TRUE, 'Low', 'Adequate', TRUE, FALSE),
  (10180, 5179, 10179, 6, 4, 3, TRUE, 'Medium', 'Adequate', TRUE, TRUE),
  (10181, 5180, 10180, 4, 8, 2, TRUE, 'Medium', 'Adequate', TRUE, FALSE),
  (10182, 5181, 10181, 3, 1, 3, FALSE, 'High', 'Adequate', TRUE, TRUE),
  (10183, 5182, 10182, 1, 8, 6, TRUE, 'Medium', 'Adequate', TRUE, TRUE),
  (10184, 5183, 10183, 5, 4, 2, FALSE, 'Medium', 'Adequate', TRUE, TRUE),
  (10185, 5184, 10184, 7, 2, 1, FALSE, 'Medium', 'Adequate', TRUE, TRUE),
  (10186, 5185, 10185, 5, 7, 7, TRUE, 'Medium', 'Adequate', TRUE, FALSE),
  (10187, 5186, 10186, 4, 1, 5, FALSE, 'Medium', 'Adequate', TRUE, TRUE),
  (10188, 5187, 10187, 1, 9, 8, FALSE, 'Low', 'Adequate', TRUE, TRUE),
  (10189, 5188, 10188, 5, 8, 7, FALSE, 'Low', 'Inadequate', TRUE, FALSE),
  (10190, 5189, 10189, 3, 8, 2, FALSE, 'Medium', 'Adequate', FALSE, TRUE),
  (10191, 5190, 10190, 4, 3, 6, TRUE, 'Medium', 'Inadequate', TRUE, TRUE),
  (10192, 5191, 10191, 6, 6, 9, TRUE, 'High', 'Inadequate', TRUE, TRUE),
  (10193, 5192, 10192, 5, 6, 6, TRUE, 'Medium', 'Inadequate', TRUE, TRUE),
  (10194, 5193, 10193, 9, 7, 4, TRUE, 'High', 'Adequate', TRUE, FALSE),
  (10195, 5194, 10194, 1, 9, 7, TRUE, 'Medium', 'Adequate', TRUE, TRUE),
  (10196, 5195, 10195, 5, 7, 5, FALSE, 'Low', 'Adequate', TRUE, FALSE),
  (10197, 5196, 10196, 5, 7, 2, TRUE, 'Medium', 'Adequate', TRUE, TRUE),
  (10198, 5197, 10197, 8, 8, 5, TRUE, 'Medium', 'Adequate', TRUE, TRUE),
  (10199, 5198, 10198, 5, 4, 3, FALSE, 'High', 'Adequate', TRUE, TRUE),
  (10200, 5199, 10199, 9, 7, 7, FALSE, 'Low', 'Inadequate', TRUE, FALSE)
ON CONFLICT (id) DO NOTHING;

INSERT INTO environment_assessments (id, child_id, session_id, parent_child_interaction_score, parent_mental_health_score, home_stimulation_score, play_materials, caregiver_engagement, language_exposure, safe_water, toilet_facility) VALUES
  (10201, 5200, 10200, 7, 6, 3, TRUE, 'Low', 'Adequate', TRUE, TRUE),
  (10202, 5201, 10201, 1, 3, 4, TRUE, 'High', 'Adequate', TRUE, FALSE),
  (10203, 5202, 10202, 2, 8, 9, TRUE, 'Medium', 'Adequate', FALSE, TRUE),
  (10204, 5203, 10203, 5, 9, 1, FALSE, 'High', 'Adequate', TRUE, TRUE),
  (10205, 5204, 10204, 8, 4, 9, TRUE, 'Medium', 'Adequate', TRUE, FALSE),
  (10206, 5205, 10205, 4, 2, 4, TRUE, 'High', 'Adequate', TRUE, TRUE),
  (10207, 5206, 10206, 5, 7, 5, TRUE, 'Medium', 'Adequate', TRUE, TRUE),
  (10208, 5207, 10207, 6, 9, 7, FALSE, 'Low', 'Adequate', TRUE, TRUE),
  (10209, 5208, 10208, 1, 3, 2, TRUE, 'Medium', 'Adequate', TRUE, TRUE),
  (10210, 5209, 10209, 3, 8, 7, FALSE, 'Medium', 'Adequate', TRUE, TRUE),
  (10211, 5210, 10210, 8, 6, 1, FALSE, 'Medium', 'Adequate', FALSE, TRUE),
  (10212, 5211, 10211, 8, 2, 5, TRUE, 'High', 'Inadequate', TRUE, TRUE),
  (10213, 5212, 10212, 3, 6, 3, TRUE, 'High', 'Adequate', FALSE, TRUE),
  (10214, 5213, 10213, 3, 1, 2, TRUE, 'High', 'Adequate', TRUE, TRUE),
  (10215, 5214, 10214, 7, 2, 1, FALSE, 'Medium', 'Adequate', TRUE, TRUE),
  (10216, 5215, 10215, 7, 4, 5, FALSE, 'Medium', 'Adequate', FALSE, TRUE),
  (10217, 5216, 10216, 2, 1, 5, FALSE, 'Low', 'Adequate', TRUE, TRUE),
  (10218, 5217, 10217, 3, 3, 6, FALSE, 'High', 'Adequate', FALSE, TRUE),
  (10219, 5218, 10218, 7, 6, 4, FALSE, 'Medium', 'Adequate', FALSE, TRUE),
  (10220, 5219, 10219, 5, 3, 3, TRUE, 'Low', 'Adequate', TRUE, FALSE),
  (10221, 5220, 10220, 3, 6, 5, TRUE, 'Low', 'Adequate', TRUE, FALSE),
  (10222, 5221, 10221, 5, 7, 5, TRUE, 'High', 'Adequate', TRUE, TRUE),
  (10223, 5222, 10222, 6, 8, 4, FALSE, 'Low', 'Adequate', TRUE, FALSE),
  (10224, 5223, 10223, 5, 1, 3, TRUE, 'Medium', 'Adequate', TRUE, TRUE),
  (10225, 5224, 10224, 1, 4, 2, FALSE, 'Medium', 'Adequate', TRUE, FALSE),
  (10226, 5225, 10225, 8, 3, 6, TRUE, 'High', 'Adequate', TRUE, TRUE),
  (10227, 5226, 10226, 1, 8, 6, TRUE, 'High', 'Adequate', TRUE, TRUE),
  (10228, 5227, 10227, 6, 4, 8, FALSE, 'Low', 'Inadequate', TRUE, TRUE),
  (10229, 5228, 10228, 7, 6, 1, TRUE, 'Medium', 'Adequate', FALSE, FALSE),
  (10230, 5229, 10229, 3, 8, 1, TRUE, 'Low', 'Adequate', FALSE, TRUE),
  (10231, 5230, 10230, 5, 9, 1, TRUE, 'Medium', 'Adequate', FALSE, TRUE),
  (10232, 5231, 10231, 7, 6, 3, TRUE, 'Low', 'Adequate', TRUE, TRUE),
  (10233, 5232, 10232, 3, 5, 2, TRUE, 'Medium', 'Inadequate', FALSE, TRUE),
  (10234, 5233, 10233, 4, 7, 6, TRUE, 'Medium', 'Adequate', TRUE, FALSE),
  (10235, 5234, 10234, 6, 1, 2, TRUE, 'Low', 'Inadequate', TRUE, TRUE),
  (10236, 5235, 10235, 5, 3, 6, TRUE, 'Medium', 'Adequate', TRUE, TRUE),
  (10237, 5236, 10236, 9, 8, 2, TRUE, 'Medium', 'Adequate', FALSE, TRUE),
  (10238, 5237, 10237, 7, 7, 7, TRUE, 'Medium', 'Adequate', FALSE, TRUE),
  (10239, 5238, 10238, 8, 7, 2, FALSE, 'Medium', 'Inadequate', FALSE, FALSE),
  (10240, 5239, 10239, 2, 8, 5, TRUE, 'Low', 'Adequate', TRUE, TRUE),
  (10241, 5240, 10240, 1, 4, 2, FALSE, 'High', 'Inadequate', TRUE, TRUE),
  (10242, 5241, 10241, 3, 4, 1, FALSE, 'Medium', 'Adequate', TRUE, TRUE),
  (10243, 5242, 10242, 3, 1, 5, TRUE, 'Medium', 'Adequate', TRUE, TRUE),
  (10244, 5243, 10243, 5, 6, 5, TRUE, 'High', 'Adequate', TRUE, FALSE),
  (10245, 5244, 10244, 6, 9, 9, FALSE, 'Medium', 'Adequate', TRUE, TRUE),
  (10246, 5245, 10245, 6, 8, 5, FALSE, 'Medium', 'Adequate', TRUE, TRUE),
  (10247, 5246, 10246, 2, 4, 4, TRUE, 'High', 'Adequate', TRUE, TRUE),
  (10248, 5247, 10247, 4, 8, 8, FALSE, 'High', 'Adequate', FALSE, TRUE),
  (10249, 5248, 10248, 5, 9, 7, FALSE, 'High', 'Inadequate', TRUE, TRUE),
  (10250, 5249, 10249, 7, 7, 3, TRUE, 'Medium', 'Adequate', TRUE, TRUE),
  (10251, 5250, 10250, 6, 1, 2, FALSE, 'Medium', 'Adequate', FALSE, TRUE),
  (10252, 5251, 10251, 1, 1, 3, TRUE, 'High', 'Adequate', TRUE, TRUE),
  (10253, 5252, 10252, 5, 8, 9, TRUE, 'Medium', 'Adequate', TRUE, TRUE),
  (10254, 5253, 10253, 3, 5, 8, TRUE, 'Medium', 'Adequate', TRUE, TRUE),
  (10255, 5254, 10254, 2, 8, 1, FALSE, 'High', 'Inadequate', TRUE, TRUE),
  (10256, 5255, 10255, 9, 4, 8, TRUE, 'Medium', 'Adequate', TRUE, TRUE),
  (10257, 5256, 10256, 4, 5, 3, FALSE, 'Medium', 'Inadequate', TRUE, TRUE),
  (10258, 5257, 10257, 4, 1, 1, TRUE, 'High', 'Adequate', FALSE, TRUE),
  (10259, 5258, 10258, 7, 4, 2, TRUE, 'High', 'Adequate', TRUE, TRUE),
  (10260, 5259, 10259, 4, 7, 8, TRUE, 'Medium', 'Adequate', TRUE, FALSE),
  (10261, 5260, 10260, 2, 6, 9, TRUE, 'High', 'Adequate', TRUE, TRUE),
  (10262, 5261, 10261, 6, 7, 3, TRUE, 'High', 'Adequate', FALSE, TRUE),
  (10263, 5262, 10262, 4, 8, 1, TRUE, 'Medium', 'Adequate', TRUE, TRUE),
  (10264, 5263, 10263, 7, 9, 8, TRUE, 'Medium', 'Adequate', FALSE, TRUE),
  (10265, 5264, 10264, 2, 6, 9, FALSE, 'Medium', 'Adequate', TRUE, TRUE),
  (10266, 5265, 10265, 2, 2, 2, FALSE, 'High', 'Adequate', TRUE, FALSE),
  (10267, 5266, 10266, 8, 3, 6, FALSE, 'Medium', 'Inadequate', TRUE, TRUE),
  (10268, 5267, 10267, 9, 9, 5, TRUE, 'Low', 'Adequate', TRUE, TRUE),
  (10269, 5268, 10268, 7, 6, 7, TRUE, 'Medium', 'Adequate', TRUE, FALSE),
  (10270, 5269, 10269, 8, 3, 2, TRUE, 'Medium', 'Adequate', TRUE, TRUE),
  (10271, 5270, 10270, 6, 3, 4, TRUE, 'Low', 'Adequate', FALSE, TRUE),
  (10272, 5271, 10271, 5, 8, 1, TRUE, 'Medium', 'Inadequate', TRUE, TRUE),
  (10273, 5272, 10272, 7, 9, 6, TRUE, 'Low', 'Adequate', TRUE, FALSE),
  (10274, 5273, 10273, 9, 2, 5, TRUE, 'Medium', 'Adequate', TRUE, FALSE),
  (10275, 5274, 10274, 4, 7, 8, TRUE, 'Low', 'Adequate', TRUE, TRUE),
  (10276, 5275, 10275, 6, 5, 2, TRUE, 'High', 'Adequate', TRUE, FALSE),
  (10277, 5276, 10276, 7, 2, 8, FALSE, 'Medium', 'Adequate', TRUE, TRUE),
  (10278, 5277, 10277, 6, 4, 7, TRUE, 'High', 'Adequate', TRUE, TRUE),
  (10279, 5278, 10278, 9, 2, 7, FALSE, 'Low', 'Adequate', TRUE, TRUE),
  (10280, 5279, 10279, 5, 3, 2, TRUE, 'Medium', 'Adequate', TRUE, TRUE),
  (10281, 5280, 10280, 5, 2, 8, TRUE, 'Low', 'Adequate', TRUE, TRUE),
  (10282, 5281, 10281, 3, 3, 1, FALSE, 'Medium', 'Adequate', TRUE, TRUE),
  (10283, 5282, 10282, 3, 5, 9, FALSE, 'Low', 'Adequate', TRUE, TRUE),
  (10284, 5283, 10283, 1, 1, 1, TRUE, 'High', 'Adequate', TRUE, TRUE),
  (10285, 5284, 10284, 3, 8, 3, TRUE, 'High', 'Adequate', TRUE, TRUE),
  (10286, 5285, 10285, 2, 1, 2, TRUE, 'High', 'Inadequate', TRUE, TRUE),
  (10287, 5286, 10286, 5, 1, 2, TRUE, 'High', 'Inadequate', FALSE, TRUE),
  (10288, 5287, 10287, 2, 4, 6, TRUE, 'Low', 'Adequate', TRUE, TRUE),
  (10289, 5288, 10288, 7, 6, 2, TRUE, 'High', 'Adequate', TRUE, TRUE),
  (10290, 5289, 10289, 4, 3, 5, FALSE, 'Low', 'Adequate', TRUE, TRUE),
  (10291, 5290, 10290, 9, 2, 9, TRUE, 'High', 'Adequate', TRUE, FALSE),
  (10292, 5291, 10291, 6, 6, 7, TRUE, 'Low', 'Adequate', TRUE, FALSE),
  (10293, 5292, 10292, 9, 5, 7, TRUE, 'Medium', 'Inadequate', TRUE, FALSE),
  (10294, 5293, 10293, 2, 1, 4, FALSE, 'Medium', 'Adequate', TRUE, TRUE),
  (10295, 5294, 10294, 5, 9, 2, FALSE, 'Medium', 'Adequate', FALSE, TRUE),
  (10296, 5295, 10295, 3, 5, 4, TRUE, 'Medium', 'Inadequate', TRUE, FALSE),
  (10297, 5296, 10296, 7, 1, 5, TRUE, 'Medium', 'Adequate', TRUE, TRUE),
  (10298, 5297, 10297, 6, 5, 7, TRUE, 'Low', 'Adequate', TRUE, TRUE),
  (10299, 5298, 10298, 3, 2, 1, TRUE, 'High', 'Adequate', TRUE, TRUE),
  (10300, 5299, 10299, 8, 4, 3, TRUE, 'Medium', 'Inadequate', TRUE, FALSE)
ON CONFLICT (id) DO NOTHING;

INSERT INTO environment_assessments (id, child_id, session_id, parent_child_interaction_score, parent_mental_health_score, home_stimulation_score, play_materials, caregiver_engagement, language_exposure, safe_water, toilet_facility) VALUES
  (10301, 5300, 10300, 6, 6, 9, TRUE, 'High', 'Adequate', TRUE, FALSE),
  (10302, 5301, 10301, 2, 7, 2, TRUE, 'Medium', 'Inadequate', TRUE, TRUE),
  (10303, 5302, 10302, 7, 6, 8, TRUE, 'Low', 'Inadequate', TRUE, TRUE),
  (10304, 5303, 10303, 1, 7, 7, TRUE, 'High', 'Adequate', TRUE, FALSE),
  (10305, 5304, 10304, 3, 6, 6, TRUE, 'Medium', 'Adequate', TRUE, FALSE),
  (10306, 5305, 10305, 1, 3, 8, TRUE, 'Medium', 'Adequate', TRUE, TRUE),
  (10307, 5306, 10306, 7, 3, 9, TRUE, 'High', 'Adequate', TRUE, FALSE),
  (10308, 5307, 10307, 1, 5, 3, TRUE, 'High', 'Adequate', TRUE, TRUE),
  (10309, 5308, 10308, 8, 8, 1, TRUE, 'High', 'Inadequate', TRUE, TRUE),
  (10310, 5309, 10309, 7, 6, 6, TRUE, 'Medium', 'Adequate', FALSE, FALSE),
  (10311, 5310, 10310, 2, 4, 7, TRUE, 'Medium', 'Adequate', TRUE, TRUE),
  (10312, 5311, 10311, 6, 4, 4, TRUE, 'High', 'Adequate', TRUE, TRUE),
  (10313, 5312, 10312, 5, 9, 7, FALSE, 'Medium', 'Adequate', TRUE, TRUE),
  (10314, 5313, 10313, 2, 1, 8, FALSE, 'Medium', 'Inadequate', TRUE, FALSE),
  (10315, 5314, 10314, 8, 5, 7, TRUE, 'Medium', 'Inadequate', TRUE, FALSE),
  (10316, 5315, 10315, 6, 7, 4, TRUE, 'Low', 'Adequate', TRUE, FALSE),
  (10317, 5316, 10316, 5, 1, 2, TRUE, 'High', 'Adequate', FALSE, FALSE),
  (10318, 5317, 10317, 9, 3, 4, TRUE, 'Medium', 'Adequate', TRUE, TRUE),
  (10319, 5318, 10318, 8, 7, 1, FALSE, 'Medium', 'Adequate', TRUE, TRUE),
  (10320, 5319, 10319, 7, 4, 1, TRUE, 'Medium', 'Adequate', TRUE, TRUE),
  (10321, 5320, 10320, 3, 3, 2, TRUE, 'Medium', 'Adequate', FALSE, TRUE),
  (10322, 5321, 10321, 1, 6, 7, TRUE, 'Low', 'Adequate', TRUE, TRUE),
  (10323, 5322, 10322, 6, 1, 6, FALSE, 'High', 'Adequate', TRUE, FALSE),
  (10324, 5323, 10323, 5, 9, 5, FALSE, 'Medium', 'Adequate', FALSE, TRUE),
  (10325, 5324, 10324, 6, 5, 6, FALSE, 'Medium', 'Adequate', TRUE, FALSE),
  (10326, 5325, 10325, 6, 3, 4, FALSE, 'Medium', 'Adequate', TRUE, FALSE),
  (10327, 5326, 10326, 8, 1, 4, TRUE, 'Medium', 'Adequate', FALSE, TRUE),
  (10328, 5327, 10327, 3, 1, 2, FALSE, 'High', 'Adequate', TRUE, TRUE),
  (10329, 5328, 10328, 7, 7, 3, TRUE, 'Medium', 'Adequate', TRUE, TRUE),
  (10330, 5329, 10329, 5, 7, 5, TRUE, 'High', 'Adequate', TRUE, TRUE),
  (10331, 5330, 10330, 5, 5, 5, FALSE, 'High', 'Adequate', TRUE, FALSE),
  (10332, 5331, 10331, 2, 1, 1, TRUE, 'Medium', 'Adequate', TRUE, FALSE),
  (10333, 5332, 10332, 1, 4, 2, TRUE, 'Medium', 'Adequate', TRUE, FALSE),
  (10334, 5333, 10333, 2, 4, 2, TRUE, 'Medium', 'Adequate', FALSE, TRUE),
  (10335, 5334, 10334, 1, 7, 4, TRUE, 'Medium', 'Inadequate', FALSE, TRUE),
  (10336, 5335, 10335, 2, 7, 1, FALSE, 'Medium', 'Adequate', FALSE, TRUE),
  (10337, 5336, 10336, 9, 8, 3, TRUE, 'Medium', 'Adequate', TRUE, TRUE),
  (10338, 5337, 10337, 5, 5, 5, FALSE, 'Medium', 'Adequate', TRUE, TRUE),
  (10339, 5338, 10338, 2, 8, 5, TRUE, 'Low', 'Inadequate', TRUE, TRUE),
  (10340, 5339, 10339, 1, 6, 4, TRUE, 'High', 'Adequate', TRUE, TRUE),
  (10341, 5340, 10340, 9, 2, 8, TRUE, 'Medium', 'Adequate', FALSE, TRUE),
  (10342, 5341, 10341, 6, 4, 4, TRUE, 'Medium', 'Adequate', FALSE, TRUE),
  (10343, 5342, 10342, 6, 1, 8, FALSE, 'Medium', 'Adequate', TRUE, FALSE),
  (10344, 5343, 10343, 3, 3, 4, TRUE, 'Medium', 'Adequate', TRUE, TRUE),
  (10345, 5344, 10344, 1, 2, 6, TRUE, 'High', 'Adequate', TRUE, TRUE),
  (10346, 5345, 10345, 1, 5, 4, TRUE, 'Medium', 'Adequate', FALSE, TRUE),
  (10347, 5346, 10346, 5, 8, 3, FALSE, 'Low', 'Adequate', TRUE, TRUE),
  (10348, 5347, 10347, 2, 2, 8, FALSE, 'High', 'Adequate', TRUE, TRUE),
  (10349, 5348, 10348, 6, 9, 3, TRUE, 'Medium', 'Adequate', TRUE, TRUE),
  (10350, 5349, 10349, 4, 2, 4, TRUE, 'High', 'Adequate', TRUE, TRUE),
  (10351, 5350, 10350, 1, 8, 2, FALSE, 'High', 'Inadequate', FALSE, TRUE),
  (10352, 5351, 10351, 6, 9, 5, FALSE, 'High', 'Adequate', TRUE, TRUE),
  (10353, 5352, 10352, 7, 7, 1, FALSE, 'Medium', 'Inadequate', TRUE, TRUE),
  (10354, 5353, 10353, 3, 5, 8, TRUE, 'Medium', 'Adequate', TRUE, TRUE),
  (10355, 5354, 10354, 6, 8, 9, TRUE, 'High', 'Inadequate', FALSE, TRUE),
  (10356, 5355, 10355, 4, 9, 4, TRUE, 'Medium', 'Adequate', FALSE, TRUE),
  (10357, 5356, 10356, 3, 7, 6, FALSE, 'Low', 'Adequate', FALSE, TRUE),
  (10358, 5357, 10357, 5, 4, 4, FALSE, 'High', 'Inadequate', TRUE, FALSE),
  (10359, 5358, 10358, 1, 7, 2, FALSE, 'High', 'Adequate', TRUE, TRUE),
  (10360, 5359, 10359, 6, 2, 1, TRUE, 'Low', 'Adequate', TRUE, TRUE),
  (10361, 5360, 10360, 8, 6, 4, TRUE, 'Low', 'Adequate', TRUE, TRUE),
  (10362, 5361, 10361, 5, 6, 6, TRUE, 'High', 'Adequate', FALSE, TRUE),
  (10363, 5362, 10362, 6, 4, 7, TRUE, 'High', 'Inadequate', TRUE, FALSE),
  (10364, 5363, 10363, 3, 7, 3, FALSE, 'High', 'Inadequate', TRUE, TRUE),
  (10365, 5364, 10364, 5, 1, 7, TRUE, 'Medium', 'Adequate', TRUE, TRUE),
  (10366, 5365, 10365, 4, 9, 7, TRUE, 'Medium', 'Inadequate', TRUE, TRUE),
  (10367, 5366, 10366, 2, 8, 9, TRUE, 'Medium', 'Adequate', TRUE, FALSE),
  (10368, 5367, 10367, 9, 4, 8, TRUE, 'Medium', 'Adequate', FALSE, TRUE),
  (10369, 5368, 10368, 1, 6, 9, FALSE, 'Low', 'Adequate', TRUE, TRUE),
  (10370, 5369, 10369, 1, 7, 8, FALSE, 'Low', 'Adequate', TRUE, FALSE),
  (10371, 5370, 10370, 6, 4, 6, TRUE, 'Medium', 'Adequate', TRUE, FALSE),
  (10372, 5371, 10371, 1, 9, 6, TRUE, 'Medium', 'Adequate', TRUE, FALSE),
  (10373, 5372, 10372, 3, 2, 6, TRUE, 'Medium', 'Adequate', TRUE, FALSE),
  (10374, 5373, 10373, 4, 8, 4, FALSE, 'High', 'Adequate', TRUE, TRUE),
  (10375, 5374, 10374, 1, 3, 1, TRUE, 'Medium', 'Adequate', TRUE, TRUE),
  (10376, 5375, 10375, 4, 5, 7, TRUE, 'High', 'Adequate', FALSE, TRUE),
  (10377, 5376, 10376, 8, 9, 3, TRUE, 'Low', 'Adequate', TRUE, TRUE),
  (10378, 5377, 10377, 4, 1, 1, FALSE, 'Low', 'Adequate', TRUE, TRUE),
  (10379, 5378, 10378, 7, 5, 4, FALSE, 'High', 'Adequate', TRUE, TRUE),
  (10380, 5379, 10379, 9, 4, 8, FALSE, 'Medium', 'Inadequate', FALSE, TRUE),
  (10381, 5380, 10380, 5, 6, 7, TRUE, 'High', 'Adequate', TRUE, TRUE),
  (10382, 5381, 10381, 3, 1, 8, TRUE, 'High', 'Inadequate', TRUE, TRUE),
  (10383, 5382, 10382, 5, 2, 5, TRUE, 'Medium', 'Adequate', TRUE, TRUE),
  (10384, 5383, 10383, 9, 1, 5, FALSE, 'High', 'Adequate', FALSE, TRUE),
  (10385, 5384, 10384, 2, 8, 7, FALSE, 'Medium', 'Adequate', TRUE, FALSE),
  (10386, 5385, 10385, 5, 9, 4, TRUE, 'Low', 'Adequate', TRUE, TRUE),
  (10387, 5386, 10386, 4, 3, 4, TRUE, 'Medium', 'Adequate', TRUE, TRUE),
  (10388, 5387, 10387, 1, 2, 8, TRUE, 'Low', 'Adequate', TRUE, TRUE),
  (10389, 5388, 10388, 9, 3, 8, TRUE, 'Medium', 'Adequate', TRUE, TRUE),
  (10390, 5389, 10389, 5, 4, 5, TRUE, 'Medium', 'Adequate', TRUE, TRUE),
  (10391, 5390, 10390, 3, 1, 4, TRUE, 'Medium', 'Adequate', FALSE, TRUE),
  (10392, 5391, 10391, 4, 4, 8, FALSE, 'Medium', 'Adequate', TRUE, FALSE),
  (10393, 5392, 10392, 7, 6, 4, TRUE, 'High', 'Adequate', FALSE, TRUE),
  (10394, 5393, 10393, 9, 1, 6, TRUE, 'Medium', 'Adequate', TRUE, TRUE),
  (10395, 5394, 10394, 4, 7, 7, FALSE, 'Low', 'Adequate', TRUE, TRUE),
  (10396, 5395, 10395, 1, 8, 8, TRUE, 'Medium', 'Adequate', TRUE, FALSE),
  (10397, 5396, 10396, 7, 9, 1, TRUE, 'Low', 'Adequate', TRUE, TRUE),
  (10398, 5397, 10397, 3, 3, 1, FALSE, 'High', 'Adequate', TRUE, TRUE),
  (10399, 5398, 10398, 4, 1, 6, TRUE, 'High', 'Adequate', TRUE, FALSE),
  (10400, 5399, 10399, 7, 5, 5, FALSE, 'Medium', 'Adequate', TRUE, TRUE)
ON CONFLICT (id) DO NOTHING;

INSERT INTO environment_assessments (id, child_id, session_id, parent_child_interaction_score, parent_mental_health_score, home_stimulation_score, play_materials, caregiver_engagement, language_exposure, safe_water, toilet_facility) VALUES
  (10401, 5400, 10400, 3, 7, 8, FALSE, 'High', 'Adequate', TRUE, TRUE),
  (10402, 5401, 10401, 3, 5, 9, TRUE, 'High', 'Adequate', FALSE, TRUE),
  (10403, 5402, 10402, 8, 9, 1, TRUE, 'Low', 'Adequate', FALSE, TRUE),
  (10404, 5403, 10403, 5, 7, 3, TRUE, 'High', 'Adequate', FALSE, TRUE),
  (10405, 5404, 10404, 9, 1, 2, TRUE, 'Low', 'Adequate', TRUE, TRUE),
  (10406, 5405, 10405, 1, 7, 1, TRUE, 'Medium', 'Adequate', FALSE, TRUE),
  (10407, 5406, 10406, 1, 4, 6, TRUE, 'Medium', 'Adequate', TRUE, TRUE),
  (10408, 5407, 10407, 7, 7, 5, TRUE, 'Medium', 'Adequate', FALSE, TRUE),
  (10409, 5408, 10408, 5, 4, 5, TRUE, 'Low', 'Adequate', TRUE, FALSE),
  (10410, 5409, 10409, 5, 1, 8, TRUE, 'Medium', 'Adequate', TRUE, FALSE),
  (10411, 5410, 10410, 3, 4, 6, FALSE, 'High', 'Adequate', TRUE, TRUE),
  (10412, 5411, 10411, 2, 8, 1, TRUE, 'Medium', 'Adequate', TRUE, TRUE),
  (10413, 5412, 10412, 3, 6, 6, TRUE, 'Low', 'Adequate', TRUE, TRUE),
  (10414, 5413, 10413, 7, 7, 3, TRUE, 'Medium', 'Adequate', TRUE, TRUE),
  (10415, 5414, 10414, 7, 2, 1, TRUE, 'Medium', 'Adequate', TRUE, FALSE),
  (10416, 5415, 10415, 4, 8, 9, TRUE, 'Low', 'Adequate', FALSE, TRUE),
  (10417, 5416, 10416, 1, 6, 4, FALSE, 'Medium', 'Adequate', TRUE, TRUE),
  (10418, 5417, 10417, 5, 8, 8, FALSE, 'Low', 'Adequate', TRUE, TRUE),
  (10419, 5418, 10418, 4, 5, 2, TRUE, 'Medium', 'Adequate', TRUE, FALSE),
  (10420, 5419, 10419, 5, 6, 2, TRUE, 'Medium', 'Adequate', TRUE, FALSE),
  (10421, 5420, 10420, 1, 3, 6, TRUE, 'High', 'Adequate', TRUE, TRUE),
  (10422, 5421, 10421, 3, 7, 4, TRUE, 'Medium', 'Adequate', TRUE, TRUE),
  (10423, 5422, 10422, 2, 4, 2, TRUE, 'Medium', 'Adequate', TRUE, TRUE),
  (10424, 5423, 10423, 1, 2, 1, TRUE, 'High', 'Adequate', TRUE, TRUE),
  (10425, 5424, 10424, 7, 3, 3, TRUE, 'Medium', 'Inadequate', TRUE, TRUE),
  (10426, 5425, 10425, 3, 3, 7, TRUE, 'Medium', 'Inadequate', TRUE, TRUE),
  (10427, 5426, 10426, 6, 8, 3, TRUE, 'High', 'Adequate', TRUE, FALSE),
  (10428, 5427, 10427, 9, 2, 1, TRUE, 'Medium', 'Adequate', TRUE, FALSE),
  (10429, 5428, 10428, 6, 9, 3, TRUE, 'High', 'Adequate', FALSE, TRUE),
  (10430, 5429, 10429, 4, 6, 9, TRUE, 'High', 'Adequate', TRUE, TRUE),
  (10431, 5430, 10430, 2, 7, 7, FALSE, 'Medium', 'Adequate', FALSE, TRUE),
  (10432, 5431, 10431, 6, 7, 5, FALSE, 'Medium', 'Adequate', TRUE, TRUE),
  (10433, 5432, 10432, 4, 5, 3, FALSE, 'Low', 'Adequate', TRUE, FALSE),
  (10434, 5433, 10433, 7, 7, 4, TRUE, 'Medium', 'Adequate', TRUE, TRUE),
  (10435, 5434, 10434, 7, 2, 6, FALSE, 'Low', 'Adequate', TRUE, TRUE),
  (10436, 5435, 10435, 8, 2, 6, TRUE, 'Medium', 'Inadequate', TRUE, FALSE),
  (10437, 5436, 10436, 3, 2, 5, FALSE, 'High', 'Inadequate', FALSE, TRUE),
  (10438, 5437, 10437, 5, 2, 4, TRUE, 'High', 'Adequate', TRUE, TRUE),
  (10439, 5438, 10438, 8, 5, 6, TRUE, 'Medium', 'Adequate', TRUE, TRUE),
  (10440, 5439, 10439, 3, 2, 7, TRUE, 'High', 'Adequate', TRUE, TRUE),
  (10441, 5440, 10440, 4, 9, 3, TRUE, 'High', 'Adequate', TRUE, TRUE),
  (10442, 5441, 10441, 2, 4, 2, TRUE, 'Medium', 'Inadequate', TRUE, TRUE),
  (10443, 5442, 10442, 5, 1, 3, FALSE, 'Low', 'Adequate', FALSE, TRUE),
  (10444, 5443, 10443, 7, 2, 4, TRUE, 'Low', 'Adequate', TRUE, FALSE),
  (10445, 5444, 10444, 1, 9, 1, TRUE, 'High', 'Inadequate', TRUE, FALSE),
  (10446, 5445, 10445, 3, 7, 7, FALSE, 'Medium', 'Adequate', TRUE, FALSE),
  (10447, 5446, 10446, 9, 4, 1, TRUE, 'Low', 'Inadequate', TRUE, TRUE),
  (10448, 5447, 10447, 2, 1, 6, FALSE, 'Medium', 'Adequate', TRUE, FALSE),
  (10449, 5448, 10448, 9, 4, 2, FALSE, 'High', 'Inadequate', TRUE, FALSE),
  (10450, 5449, 10449, 2, 4, 4, TRUE, 'Medium', 'Inadequate', TRUE, TRUE),
  (10451, 5450, 10450, 6, 2, 5, TRUE, 'High', 'Adequate', FALSE, TRUE),
  (10452, 5451, 10451, 1, 2, 6, TRUE, 'Medium', 'Inadequate', TRUE, FALSE),
  (10453, 5452, 10452, 4, 7, 2, TRUE, 'High', 'Adequate', TRUE, TRUE),
  (10454, 5453, 10453, 6, 1, 8, TRUE, 'Medium', 'Adequate', TRUE, TRUE),
  (10455, 5454, 10454, 1, 7, 6, TRUE, 'Medium', 'Adequate', FALSE, TRUE),
  (10456, 5455, 10455, 9, 6, 9, TRUE, 'Medium', 'Adequate', TRUE, FALSE),
  (10457, 5456, 10456, 7, 5, 4, TRUE, 'High', 'Adequate', FALSE, TRUE),
  (10458, 5457, 10457, 2, 4, 6, TRUE, 'High', 'Adequate', TRUE, TRUE),
  (10459, 5458, 10458, 1, 4, 1, TRUE, 'Medium', 'Adequate', TRUE, TRUE),
  (10460, 5459, 10459, 8, 1, 8, TRUE, 'Medium', 'Adequate', TRUE, TRUE),
  (10461, 5460, 10460, 2, 5, 6, TRUE, 'Medium', 'Inadequate', FALSE, TRUE),
  (10462, 5461, 10461, 9, 2, 7, TRUE, 'Medium', 'Adequate', TRUE, FALSE),
  (10463, 5462, 10462, 4, 7, 7, TRUE, 'Medium', 'Adequate', TRUE, TRUE),
  (10464, 5463, 10463, 8, 7, 6, FALSE, 'Medium', 'Adequate', TRUE, TRUE),
  (10465, 5464, 10464, 9, 4, 7, FALSE, 'High', 'Adequate', TRUE, TRUE),
  (10466, 5465, 10465, 8, 6, 5, TRUE, 'Medium', 'Inadequate', FALSE, TRUE),
  (10467, 5466, 10466, 2, 7, 3, TRUE, 'Medium', 'Adequate', FALSE, FALSE),
  (10468, 5467, 10467, 5, 8, 4, TRUE, 'High', 'Adequate', FALSE, TRUE),
  (10469, 5468, 10468, 7, 6, 5, TRUE, 'Medium', 'Adequate', TRUE, TRUE),
  (10470, 5469, 10469, 2, 3, 5, TRUE, 'Medium', 'Adequate', TRUE, TRUE),
  (10471, 5470, 10470, 5, 8, 8, FALSE, 'Medium', 'Adequate', TRUE, TRUE),
  (10472, 5471, 10471, 6, 4, 1, FALSE, 'High', 'Adequate', FALSE, FALSE),
  (10473, 5472, 10472, 2, 5, 3, TRUE, 'Medium', 'Inadequate', TRUE, FALSE),
  (10474, 5473, 10473, 3, 2, 2, FALSE, 'High', 'Adequate', TRUE, FALSE),
  (10475, 5474, 10474, 7, 8, 7, TRUE, 'Medium', 'Adequate', TRUE, TRUE),
  (10476, 5475, 10475, 7, 1, 3, TRUE, 'Medium', 'Adequate', TRUE, FALSE),
  (10477, 5476, 10476, 5, 6, 8, TRUE, 'High', 'Adequate', TRUE, TRUE),
  (10478, 5477, 10477, 5, 4, 9, FALSE, 'Medium', 'Adequate', TRUE, TRUE),
  (10479, 5478, 10478, 2, 3, 8, FALSE, 'Medium', 'Adequate', TRUE, TRUE),
  (10480, 5479, 10479, 7, 3, 5, TRUE, 'Medium', 'Inadequate', TRUE, FALSE),
  (10481, 5480, 10480, 3, 2, 2, FALSE, 'Low', 'Adequate', TRUE, TRUE),
  (10482, 5481, 10481, 4, 9, 1, TRUE, 'High', 'Adequate', TRUE, TRUE),
  (10483, 5482, 10482, 1, 2, 3, FALSE, 'Medium', 'Adequate', TRUE, TRUE),
  (10484, 5483, 10483, 1, 4, 2, TRUE, 'Medium', 'Inadequate', TRUE, FALSE),
  (10485, 5484, 10484, 7, 7, 7, TRUE, 'Medium', 'Adequate', TRUE, FALSE),
  (10486, 5485, 10485, 6, 9, 1, TRUE, 'High', 'Adequate', FALSE, TRUE),
  (10487, 5486, 10486, 5, 8, 7, TRUE, 'High', 'Adequate', TRUE, TRUE),
  (10488, 5487, 10487, 6, 5, 6, FALSE, 'Medium', 'Adequate', TRUE, TRUE),
  (10489, 5488, 10488, 6, 4, 8, FALSE, 'Medium', 'Adequate', TRUE, TRUE),
  (10490, 5489, 10489, 9, 6, 5, TRUE, 'Low', 'Inadequate', TRUE, TRUE),
  (10491, 5490, 10490, 1, 6, 4, TRUE, 'Low', 'Adequate', TRUE, TRUE),
  (10492, 5491, 10491, 9, 8, 9, FALSE, 'Medium', 'Inadequate', FALSE, TRUE),
  (10493, 5492, 10492, 1, 1, 4, TRUE, 'Medium', 'Adequate', TRUE, TRUE),
  (10494, 5493, 10493, 1, 4, 3, TRUE, 'Medium', 'Adequate', TRUE, TRUE),
  (10495, 5494, 10494, 8, 5, 9, FALSE, 'Medium', 'Adequate', TRUE, TRUE),
  (10496, 5495, 10495, 7, 5, 3, TRUE, 'Medium', 'Adequate', TRUE, FALSE),
  (10497, 5496, 10496, 6, 2, 6, TRUE, 'Low', 'Inadequate', FALSE, TRUE),
  (10498, 5497, 10497, 1, 2, 8, TRUE, 'Medium', 'Inadequate', TRUE, TRUE),
  (10499, 5498, 10498, 6, 4, 8, TRUE, 'Medium', 'Inadequate', TRUE, TRUE),
  (10500, 5499, 10499, 7, 8, 1, FALSE, 'High', 'Adequate', TRUE, TRUE)
ON CONFLICT (id) DO NOTHING;

INSERT INTO environment_assessments (id, child_id, session_id, parent_child_interaction_score, parent_mental_health_score, home_stimulation_score, play_materials, caregiver_engagement, language_exposure, safe_water, toilet_facility) VALUES
  (10501, 5500, 10500, 9, 2, 8, FALSE, 'Low', 'Inadequate', TRUE, TRUE),
  (10502, 5501, 10501, 1, 7, 5, FALSE, 'Medium', 'Inadequate', TRUE, TRUE),
  (10503, 5502, 10502, 7, 4, 1, FALSE, 'Low', 'Inadequate', TRUE, FALSE),
  (10504, 5503, 10503, 8, 9, 8, FALSE, 'High', 'Adequate', TRUE, TRUE),
  (10505, 5504, 10504, 4, 9, 8, TRUE, 'Medium', 'Adequate', FALSE, TRUE),
  (10506, 5505, 10505, 5, 9, 2, TRUE, 'Medium', 'Adequate', TRUE, FALSE),
  (10507, 5506, 10506, 8, 3, 5, TRUE, 'Medium', 'Inadequate', TRUE, FALSE),
  (10508, 5507, 10507, 9, 8, 1, TRUE, 'Medium', 'Adequate', TRUE, TRUE),
  (10509, 5508, 10508, 1, 4, 7, FALSE, 'Medium', 'Adequate', TRUE, TRUE),
  (10510, 5509, 10509, 6, 4, 7, FALSE, 'Medium', 'Adequate', TRUE, TRUE),
  (10511, 5510, 10510, 5, 2, 2, TRUE, 'Medium', 'Adequate', FALSE, TRUE),
  (10512, 5511, 10511, 3, 1, 1, FALSE, 'Low', 'Inadequate', TRUE, FALSE),
  (10513, 5512, 10512, 9, 8, 4, TRUE, 'Low', 'Adequate', FALSE, TRUE),
  (10514, 5513, 10513, 3, 6, 1, TRUE, 'Medium', 'Inadequate', TRUE, FALSE),
  (10515, 5514, 10514, 3, 4, 3, TRUE, 'Medium', 'Adequate', TRUE, TRUE),
  (10516, 5515, 10515, 9, 1, 9, TRUE, 'High', 'Inadequate', FALSE, TRUE),
  (10517, 5516, 10516, 3, 6, 2, TRUE, 'Medium', 'Adequate', TRUE, TRUE),
  (10518, 5517, 10517, 2, 8, 7, TRUE, 'High', 'Adequate', TRUE, FALSE),
  (10519, 5518, 10518, 3, 7, 2, FALSE, 'Medium', 'Adequate', TRUE, TRUE),
  (10520, 5519, 10519, 6, 5, 6, TRUE, 'Medium', 'Adequate', TRUE, TRUE),
  (10521, 5520, 10520, 2, 8, 2, TRUE, 'Medium', 'Adequate', TRUE, TRUE),
  (10522, 5521, 10521, 4, 9, 4, TRUE, 'High', 'Adequate', TRUE, TRUE),
  (10523, 5522, 10522, 5, 5, 3, TRUE, 'Medium', 'Adequate', TRUE, TRUE),
  (10524, 5523, 10523, 5, 4, 5, TRUE, 'Medium', 'Inadequate', TRUE, TRUE),
  (10525, 5524, 10524, 2, 9, 4, TRUE, 'High', 'Inadequate', TRUE, TRUE),
  (10526, 5525, 10525, 1, 2, 3, FALSE, 'Low', 'Adequate', TRUE, TRUE),
  (10527, 5526, 10526, 9, 3, 5, FALSE, 'High', 'Adequate', TRUE, TRUE),
  (10528, 5527, 10527, 6, 9, 9, TRUE, 'Medium', 'Adequate', TRUE, TRUE),
  (10529, 5528, 10528, 8, 1, 4, TRUE, 'Medium', 'Adequate', TRUE, TRUE),
  (10530, 5529, 10529, 1, 1, 1, TRUE, 'Medium', 'Inadequate', TRUE, TRUE),
  (10531, 5530, 10530, 4, 6, 4, FALSE, 'Medium', 'Adequate', TRUE, TRUE),
  (10532, 5531, 10531, 4, 7, 2, TRUE, 'Low', 'Adequate', TRUE, TRUE),
  (10533, 5532, 10532, 7, 3, 5, TRUE, 'High', 'Inadequate', TRUE, FALSE),
  (10534, 5533, 10533, 5, 1, 8, TRUE, 'Low', 'Inadequate', FALSE, FALSE),
  (10535, 5534, 10534, 9, 4, 5, TRUE, 'High', 'Adequate', TRUE, FALSE),
  (10536, 5535, 10535, 1, 7, 9, TRUE, 'Low', 'Adequate', TRUE, TRUE),
  (10537, 5536, 10536, 9, 4, 3, TRUE, 'Medium', 'Adequate', TRUE, TRUE),
  (10538, 5537, 10537, 5, 9, 2, FALSE, 'High', 'Adequate', TRUE, FALSE),
  (10539, 5538, 10538, 7, 4, 7, TRUE, 'Medium', 'Adequate', TRUE, FALSE),
  (10540, 5539, 10539, 2, 5, 5, FALSE, 'High', 'Inadequate', TRUE, FALSE),
  (10541, 5540, 10540, 2, 2, 5, TRUE, 'Medium', 'Adequate', TRUE, FALSE),
  (10542, 5541, 10541, 4, 8, 9, TRUE, 'Medium', 'Adequate', TRUE, TRUE),
  (10543, 5542, 10542, 8, 3, 5, FALSE, 'Medium', 'Adequate', FALSE, TRUE),
  (10544, 5543, 10543, 6, 9, 7, TRUE, 'Medium', 'Inadequate', TRUE, TRUE),
  (10545, 5544, 10544, 4, 1, 6, TRUE, 'Medium', 'Inadequate', TRUE, TRUE),
  (10546, 5545, 10545, 7, 9, 5, TRUE, 'High', 'Adequate', TRUE, FALSE),
  (10547, 5546, 10546, 4, 5, 6, FALSE, 'Low', 'Adequate', FALSE, TRUE),
  (10548, 5547, 10547, 5, 5, 6, FALSE, 'High', 'Adequate', TRUE, FALSE),
  (10549, 5548, 10548, 3, 9, 7, FALSE, 'Medium', 'Adequate', FALSE, TRUE),
  (10550, 5549, 10549, 7, 5, 6, TRUE, 'High', 'Inadequate', TRUE, TRUE),
  (10551, 5550, 10550, 8, 7, 6, FALSE, 'Medium', 'Adequate', TRUE, FALSE),
  (10552, 5551, 10551, 8, 6, 1, TRUE, 'High', 'Adequate', FALSE, TRUE),
  (10553, 5552, 10552, 8, 6, 1, TRUE, 'High', 'Adequate', FALSE, TRUE),
  (10554, 5553, 10553, 7, 6, 9, TRUE, 'High', 'Adequate', TRUE, TRUE),
  (10555, 5554, 10554, 2, 7, 6, TRUE, 'High', 'Adequate', TRUE, TRUE),
  (10556, 5555, 10555, 8, 3, 4, FALSE, 'High', 'Adequate', TRUE, TRUE),
  (10557, 5556, 10556, 9, 2, 5, TRUE, 'Medium', 'Adequate', TRUE, FALSE),
  (10558, 5557, 10557, 3, 4, 9, TRUE, 'Medium', 'Adequate', TRUE, TRUE),
  (10559, 5558, 10558, 6, 7, 3, TRUE, 'Low', 'Adequate', TRUE, TRUE),
  (10560, 5559, 10559, 4, 8, 5, TRUE, 'High', 'Adequate', TRUE, TRUE),
  (10561, 5560, 10560, 9, 2, 2, TRUE, 'Medium', 'Adequate', TRUE, TRUE),
  (10562, 5561, 10561, 5, 9, 2, FALSE, 'High', 'Inadequate', TRUE, TRUE),
  (10563, 5562, 10562, 5, 6, 4, TRUE, 'High', 'Inadequate', TRUE, TRUE),
  (10564, 5563, 10563, 9, 1, 7, FALSE, 'High', 'Adequate', FALSE, FALSE),
  (10565, 5564, 10564, 2, 6, 7, FALSE, 'Low', 'Adequate', FALSE, FALSE),
  (10566, 5565, 10565, 8, 9, 2, TRUE, 'Medium', 'Adequate', FALSE, FALSE),
  (10567, 5566, 10566, 3, 7, 8, TRUE, 'Medium', 'Adequate', TRUE, TRUE),
  (10568, 5567, 10567, 6, 8, 5, TRUE, 'High', 'Adequate', FALSE, TRUE),
  (10569, 5568, 10568, 8, 7, 2, TRUE, 'High', 'Adequate', FALSE, TRUE),
  (10570, 5569, 10569, 3, 7, 4, TRUE, 'Medium', 'Adequate', TRUE, TRUE),
  (10571, 5570, 10570, 9, 9, 4, TRUE, 'High', 'Inadequate', TRUE, TRUE),
  (10572, 5571, 10571, 3, 4, 3, TRUE, 'Medium', 'Adequate', TRUE, FALSE),
  (10573, 5572, 10572, 9, 2, 5, FALSE, 'Medium', 'Adequate', FALSE, FALSE),
  (10574, 5573, 10573, 1, 3, 8, FALSE, 'Medium', 'Adequate', TRUE, TRUE),
  (10575, 5574, 10574, 9, 6, 3, FALSE, 'Medium', 'Adequate', TRUE, FALSE),
  (10576, 5575, 10575, 1, 9, 8, FALSE, 'Medium', 'Adequate', TRUE, FALSE),
  (10577, 5576, 10576, 8, 9, 9, FALSE, 'Medium', 'Adequate', TRUE, TRUE),
  (10578, 5577, 10577, 7, 2, 2, TRUE, 'High', 'Adequate', TRUE, TRUE),
  (10579, 5578, 10578, 8, 3, 5, FALSE, 'Medium', 'Adequate', TRUE, TRUE),
  (10580, 5579, 10579, 8, 9, 2, TRUE, 'Medium', 'Adequate', TRUE, TRUE),
  (10581, 5580, 10580, 5, 9, 5, TRUE, 'Medium', 'Adequate', TRUE, TRUE),
  (10582, 5581, 10581, 6, 2, 8, TRUE, 'Low', 'Adequate', TRUE, TRUE),
  (10583, 5582, 10582, 6, 3, 4, TRUE, 'Medium', 'Inadequate', FALSE, FALSE),
  (10584, 5583, 10583, 3, 2, 8, TRUE, 'High', 'Adequate', FALSE, TRUE),
  (10585, 5584, 10584, 8, 6, 9, TRUE, 'Medium', 'Adequate', TRUE, TRUE),
  (10586, 5585, 10585, 2, 6, 7, FALSE, 'High', 'Inadequate', TRUE, TRUE),
  (10587, 5586, 10586, 4, 2, 1, FALSE, 'Medium', 'Adequate', TRUE, TRUE),
  (10588, 5587, 10587, 9, 4, 3, TRUE, 'Medium', 'Adequate', TRUE, TRUE),
  (10589, 5588, 10588, 4, 1, 2, TRUE, 'High', 'Inadequate', TRUE, TRUE),
  (10590, 5589, 10589, 3, 9, 4, TRUE, 'High', 'Adequate', TRUE, TRUE),
  (10591, 5590, 10590, 1, 1, 3, TRUE, 'Low', 'Adequate', FALSE, TRUE),
  (10592, 5591, 10591, 2, 4, 1, FALSE, 'High', 'Adequate', TRUE, TRUE),
  (10593, 5592, 10592, 4, 2, 1, FALSE, 'Medium', 'Adequate', TRUE, FALSE),
  (10594, 5593, 10593, 9, 3, 5, TRUE, 'High', 'Inadequate', TRUE, TRUE),
  (10595, 5594, 10594, 2, 5, 7, TRUE, 'Low', 'Inadequate', TRUE, TRUE),
  (10596, 5595, 10595, 8, 3, 8, TRUE, 'Medium', 'Adequate', TRUE, FALSE),
  (10597, 5596, 10596, 9, 5, 7, TRUE, 'Low', 'Adequate', TRUE, TRUE),
  (10598, 5597, 10597, 1, 2, 6, FALSE, 'Medium', 'Adequate', TRUE, FALSE),
  (10599, 5598, 10598, 7, 4, 3, TRUE, 'Medium', 'Adequate', TRUE, TRUE),
  (10600, 5599, 10599, 9, 6, 2, TRUE, 'Medium', 'Adequate', TRUE, TRUE)
ON CONFLICT (id) DO NOTHING;

INSERT INTO environment_assessments (id, child_id, session_id, parent_child_interaction_score, parent_mental_health_score, home_stimulation_score, play_materials, caregiver_engagement, language_exposure, safe_water, toilet_facility) VALUES
  (10601, 5600, 10600, 1, 3, 1, TRUE, 'High', 'Inadequate', TRUE, FALSE),
  (10602, 5601, 10601, 9, 2, 9, TRUE, 'Medium', 'Adequate', TRUE, TRUE),
  (10603, 5602, 10602, 1, 7, 6, FALSE, 'Medium', 'Adequate', TRUE, TRUE),
  (10604, 5603, 10603, 8, 7, 4, TRUE, 'Medium', 'Adequate', FALSE, TRUE),
  (10605, 5604, 10604, 7, 6, 1, TRUE, 'Medium', 'Inadequate', FALSE, TRUE),
  (10606, 5605, 10605, 3, 4, 2, FALSE, 'Low', 'Inadequate', TRUE, TRUE),
  (10607, 5606, 10606, 2, 1, 3, TRUE, 'Low', 'Adequate', FALSE, TRUE),
  (10608, 5607, 10607, 2, 9, 9, FALSE, 'Medium', 'Adequate', TRUE, TRUE),
  (10609, 5608, 10608, 8, 5, 8, FALSE, 'Medium', 'Inadequate', TRUE, TRUE),
  (10610, 5609, 10609, 1, 9, 9, FALSE, 'Medium', 'Adequate', TRUE, TRUE),
  (10611, 5610, 10610, 9, 5, 3, TRUE, 'Low', 'Adequate', TRUE, TRUE),
  (10612, 5611, 10611, 9, 5, 4, TRUE, 'Medium', 'Adequate', TRUE, TRUE),
  (10613, 5612, 10612, 8, 4, 1, TRUE, 'Medium', 'Adequate', FALSE, TRUE),
  (10614, 5613, 10613, 9, 7, 9, FALSE, 'Medium', 'Adequate', TRUE, TRUE),
  (10615, 5614, 10614, 3, 2, 4, FALSE, 'High', 'Adequate', TRUE, TRUE),
  (10616, 5615, 10615, 1, 9, 2, FALSE, 'Medium', 'Adequate', FALSE, TRUE),
  (10617, 5616, 10616, 9, 9, 8, FALSE, 'High', 'Adequate', TRUE, FALSE),
  (10618, 5617, 10617, 5, 2, 2, TRUE, 'Medium', 'Adequate', TRUE, TRUE),
  (10619, 5618, 10618, 5, 9, 8, TRUE, 'Low', 'Adequate', TRUE, TRUE),
  (10620, 5619, 10619, 4, 9, 6, TRUE, 'High', 'Adequate', TRUE, FALSE),
  (10621, 5620, 10620, 7, 1, 1, TRUE, 'High', 'Inadequate', TRUE, FALSE),
  (10622, 5621, 10621, 9, 4, 7, TRUE, 'Medium', 'Adequate', TRUE, TRUE),
  (10623, 5622, 10622, 3, 5, 4, FALSE, 'Medium', 'Adequate', TRUE, TRUE),
  (10624, 5623, 10623, 5, 6, 9, TRUE, 'Medium', 'Adequate', TRUE, TRUE),
  (10625, 5624, 10624, 6, 9, 3, FALSE, 'Low', 'Adequate', TRUE, TRUE),
  (10626, 5625, 10625, 8, 4, 5, TRUE, 'Medium', 'Adequate', TRUE, FALSE),
  (10627, 5626, 10626, 2, 8, 6, TRUE, 'High', 'Adequate', FALSE, FALSE),
  (10628, 5627, 10627, 1, 8, 1, TRUE, 'Medium', 'Inadequate', TRUE, TRUE),
  (10629, 5628, 10628, 3, 6, 1, TRUE, 'Medium', 'Adequate', TRUE, TRUE),
  (10630, 5629, 10629, 9, 9, 7, FALSE, 'High', 'Adequate', TRUE, FALSE),
  (10631, 5630, 10630, 7, 4, 4, TRUE, 'Medium', 'Adequate', TRUE, FALSE),
  (10632, 5631, 10631, 9, 8, 6, TRUE, 'Medium', 'Adequate', TRUE, FALSE),
  (10633, 5632, 10632, 3, 1, 2, FALSE, 'High', 'Adequate', TRUE, TRUE),
  (10634, 5633, 10633, 7, 3, 3, TRUE, 'Medium', 'Adequate', TRUE, TRUE),
  (10635, 5634, 10634, 4, 7, 5, TRUE, 'Low', 'Adequate', TRUE, FALSE),
  (10636, 5635, 10635, 9, 7, 5, FALSE, 'Medium', 'Adequate', TRUE, TRUE),
  (10637, 5636, 10636, 5, 1, 2, TRUE, 'Medium', 'Adequate', TRUE, TRUE),
  (10638, 5637, 10637, 8, 1, 1, TRUE, 'High', 'Adequate', TRUE, TRUE),
  (10639, 5638, 10638, 1, 2, 9, TRUE, 'Medium', 'Inadequate', TRUE, TRUE),
  (10640, 5639, 10639, 5, 5, 3, TRUE, 'High', 'Adequate', TRUE, TRUE),
  (10641, 5640, 10640, 3, 5, 8, FALSE, 'Low', 'Adequate', TRUE, FALSE),
  (10642, 5641, 10641, 7, 4, 7, TRUE, 'Medium', 'Adequate', TRUE, FALSE),
  (10643, 5642, 10642, 5, 5, 5, TRUE, 'Medium', 'Adequate', TRUE, TRUE),
  (10644, 5643, 10643, 7, 2, 3, TRUE, 'Low', 'Adequate', TRUE, FALSE),
  (10645, 5644, 10644, 6, 3, 2, TRUE, 'Medium', 'Adequate', TRUE, TRUE),
  (10646, 5645, 10645, 5, 3, 6, TRUE, 'Low', 'Adequate', TRUE, TRUE),
  (10647, 5646, 10646, 5, 1, 6, TRUE, 'High', 'Adequate', TRUE, TRUE),
  (10648, 5647, 10647, 5, 1, 1, TRUE, 'Low', 'Adequate', FALSE, TRUE),
  (10649, 5648, 10648, 3, 7, 6, TRUE, 'Medium', 'Adequate', TRUE, TRUE),
  (10650, 5649, 10649, 3, 8, 5, FALSE, 'Medium', 'Inadequate', FALSE, TRUE),
  (10651, 5650, 10650, 8, 3, 3, FALSE, 'High', 'Adequate', TRUE, FALSE),
  (10652, 5651, 10651, 4, 4, 1, TRUE, 'Medium', 'Adequate', TRUE, TRUE),
  (10653, 5652, 10652, 8, 6, 6, TRUE, 'Medium', 'Adequate', FALSE, TRUE),
  (10654, 5653, 10653, 3, 7, 9, FALSE, 'Medium', 'Adequate', FALSE, FALSE),
  (10655, 5654, 10654, 5, 4, 6, FALSE, 'High', 'Inadequate', FALSE, TRUE),
  (10656, 5655, 10655, 1, 6, 1, FALSE, 'High', 'Adequate', FALSE, TRUE),
  (10657, 5656, 10656, 6, 8, 5, TRUE, 'Medium', 'Adequate', TRUE, FALSE),
  (10658, 5657, 10657, 3, 1, 8, TRUE, 'Low', 'Adequate', TRUE, FALSE),
  (10659, 5658, 10658, 8, 5, 7, TRUE, 'Low', 'Inadequate', TRUE, FALSE),
  (10660, 5659, 10659, 6, 7, 8, TRUE, 'Medium', 'Adequate', TRUE, TRUE),
  (10661, 5660, 10660, 7, 8, 9, TRUE, 'High', 'Adequate', FALSE, TRUE),
  (10662, 5661, 10661, 4, 9, 9, FALSE, 'High', 'Adequate', TRUE, TRUE),
  (10663, 5662, 10662, 9, 8, 4, TRUE, 'High', 'Adequate', TRUE, TRUE),
  (10664, 5663, 10663, 2, 6, 6, TRUE, 'Medium', 'Adequate', TRUE, TRUE),
  (10665, 5664, 10664, 8, 9, 8, FALSE, 'Low', 'Adequate', FALSE, TRUE),
  (10666, 5665, 10665, 4, 3, 9, TRUE, 'High', 'Inadequate', TRUE, FALSE),
  (10667, 5666, 10666, 2, 3, 2, TRUE, 'High', 'Adequate', TRUE, TRUE),
  (10668, 5667, 10667, 1, 6, 7, TRUE, 'Medium', 'Adequate', TRUE, FALSE),
  (10669, 5668, 10668, 7, 9, 7, TRUE, 'Low', 'Adequate', FALSE, TRUE),
  (10670, 5669, 10669, 3, 6, 6, TRUE, 'Low', 'Adequate', TRUE, TRUE),
  (10671, 5670, 10670, 5, 3, 6, TRUE, 'Low', 'Inadequate', TRUE, FALSE),
  (10672, 5671, 10671, 6, 4, 7, TRUE, 'Medium', 'Adequate', TRUE, TRUE),
  (10673, 5672, 10672, 4, 7, 2, TRUE, 'Medium', 'Adequate', TRUE, TRUE),
  (10674, 5673, 10673, 1, 8, 3, TRUE, 'Low', 'Inadequate', TRUE, TRUE),
  (10675, 5674, 10674, 5, 9, 6, TRUE, 'Medium', 'Adequate', TRUE, TRUE),
  (10676, 5675, 10675, 4, 7, 8, TRUE, 'Low', 'Adequate', TRUE, TRUE),
  (10677, 5676, 10676, 4, 5, 5, FALSE, 'Low', 'Adequate', TRUE, TRUE),
  (10678, 5677, 10677, 7, 2, 9, FALSE, 'Medium', 'Adequate', TRUE, TRUE),
  (10679, 5678, 10678, 8, 1, 3, TRUE, 'High', 'Adequate', FALSE, TRUE),
  (10680, 5679, 10679, 3, 7, 5, TRUE, 'High', 'Adequate', TRUE, TRUE),
  (10681, 5680, 10680, 6, 8, 3, TRUE, 'High', 'Adequate', TRUE, TRUE),
  (10682, 5681, 10681, 8, 8, 5, TRUE, 'Medium', 'Adequate', TRUE, TRUE),
  (10683, 5682, 10682, 8, 4, 2, FALSE, 'Medium', 'Inadequate', FALSE, TRUE),
  (10684, 5683, 10683, 4, 3, 2, TRUE, 'Medium', 'Inadequate', TRUE, TRUE),
  (10685, 5684, 10684, 3, 7, 5, TRUE, 'Medium', 'Adequate', FALSE, FALSE),
  (10686, 5685, 10685, 7, 5, 8, TRUE, 'Medium', 'Inadequate', TRUE, TRUE),
  (10687, 5686, 10686, 5, 3, 5, FALSE, 'Low', 'Inadequate', FALSE, TRUE),
  (10688, 5687, 10687, 6, 5, 7, FALSE, 'High', 'Adequate', TRUE, FALSE),
  (10689, 5688, 10688, 2, 3, 8, TRUE, 'Low', 'Adequate', TRUE, TRUE),
  (10690, 5689, 10689, 8, 1, 9, TRUE, 'High', 'Adequate', TRUE, TRUE),
  (10691, 5690, 10690, 8, 4, 7, TRUE, 'Medium', 'Adequate', TRUE, TRUE),
  (10692, 5691, 10691, 1, 6, 6, TRUE, 'Medium', 'Adequate', FALSE, TRUE),
  (10693, 5692, 10692, 4, 7, 6, FALSE, 'Low', 'Inadequate', TRUE, TRUE),
  (10694, 5693, 10693, 9, 5, 7, TRUE, 'Medium', 'Inadequate', TRUE, TRUE),
  (10695, 5694, 10694, 9, 1, 6, TRUE, 'Medium', 'Inadequate', TRUE, TRUE),
  (10696, 5695, 10695, 8, 4, 1, TRUE, 'High', 'Adequate', TRUE, TRUE),
  (10697, 5696, 10696, 4, 9, 5, TRUE, 'Medium', 'Adequate', FALSE, FALSE),
  (10698, 5697, 10697, 9, 3, 5, FALSE, 'Medium', 'Inadequate', TRUE, FALSE),
  (10699, 5698, 10698, 6, 9, 6, TRUE, 'High', 'Adequate', TRUE, TRUE),
  (10700, 5699, 10699, 1, 3, 9, FALSE, 'Medium', 'Adequate', FALSE, TRUE)
ON CONFLICT (id) DO NOTHING;

INSERT INTO environment_assessments (id, child_id, session_id, parent_child_interaction_score, parent_mental_health_score, home_stimulation_score, play_materials, caregiver_engagement, language_exposure, safe_water, toilet_facility) VALUES
  (10701, 5700, 10700, 4, 4, 6, TRUE, 'Medium', 'Adequate', TRUE, FALSE),
  (10702, 5701, 10701, 4, 1, 4, FALSE, 'Medium', 'Adequate', FALSE, FALSE),
  (10703, 5702, 10702, 5, 2, 7, TRUE, 'Medium', 'Adequate', TRUE, TRUE),
  (10704, 5703, 10703, 6, 9, 5, TRUE, 'Medium', 'Adequate', TRUE, TRUE),
  (10705, 5704, 10704, 7, 6, 4, TRUE, 'Medium', 'Adequate', TRUE, TRUE),
  (10706, 5705, 10705, 2, 8, 5, TRUE, 'Low', 'Adequate', FALSE, FALSE),
  (10707, 5706, 10706, 2, 4, 4, TRUE, 'Medium', 'Adequate', TRUE, FALSE),
  (10708, 5707, 10707, 1, 2, 6, TRUE, 'Low', 'Inadequate', TRUE, TRUE),
  (10709, 5708, 10708, 8, 3, 9, TRUE, 'High', 'Adequate', TRUE, TRUE),
  (10710, 5709, 10709, 3, 1, 6, TRUE, 'Medium', 'Adequate', TRUE, TRUE),
  (10711, 5710, 10710, 3, 9, 3, TRUE, 'Medium', 'Adequate', TRUE, FALSE),
  (10712, 5711, 10711, 8, 6, 9, FALSE, 'Medium', 'Adequate', TRUE, FALSE),
  (10713, 5712, 10712, 1, 4, 9, FALSE, 'Medium', 'Adequate', TRUE, TRUE),
  (10714, 5713, 10713, 9, 7, 1, TRUE, 'High', 'Adequate', FALSE, TRUE),
  (10715, 5714, 10714, 2, 2, 8, FALSE, 'High', 'Adequate', TRUE, TRUE),
  (10716, 5715, 10715, 7, 4, 1, TRUE, 'High', 'Adequate', TRUE, TRUE),
  (10717, 5716, 10716, 1, 1, 2, TRUE, 'Medium', 'Adequate', TRUE, TRUE),
  (10718, 5717, 10717, 5, 1, 3, FALSE, 'Medium', 'Adequate', TRUE, TRUE),
  (10719, 5718, 10718, 1, 7, 4, TRUE, 'High', 'Adequate', TRUE, FALSE),
  (10720, 5719, 10719, 1, 8, 2, FALSE, 'High', 'Adequate', TRUE, TRUE),
  (10721, 5720, 10720, 4, 3, 5, TRUE, 'Medium', 'Adequate', TRUE, TRUE),
  (10722, 5721, 10721, 8, 4, 3, FALSE, 'High', 'Adequate', TRUE, FALSE),
  (10723, 5722, 10722, 6, 6, 4, FALSE, 'Medium', 'Adequate', TRUE, TRUE),
  (10724, 5723, 10723, 1, 3, 9, FALSE, 'Medium', 'Adequate', TRUE, FALSE),
  (10725, 5724, 10724, 9, 9, 8, TRUE, 'Medium', 'Adequate', FALSE, TRUE),
  (10726, 5725, 10725, 7, 1, 5, TRUE, 'High', 'Adequate', TRUE, TRUE),
  (10727, 5726, 10726, 5, 9, 3, TRUE, 'Low', 'Adequate', TRUE, TRUE),
  (10728, 5727, 10727, 8, 4, 3, TRUE, 'Medium', 'Adequate', FALSE, TRUE),
  (10729, 5728, 10728, 1, 4, 5, FALSE, 'Low', 'Adequate', TRUE, TRUE),
  (10730, 5729, 10729, 4, 1, 2, FALSE, 'High', 'Adequate', TRUE, FALSE),
  (10731, 5730, 10730, 1, 5, 3, TRUE, 'High', 'Adequate', TRUE, TRUE),
  (10732, 5731, 10731, 4, 1, 6, TRUE, 'High', 'Inadequate', TRUE, FALSE),
  (10733, 5732, 10732, 2, 5, 3, TRUE, 'Low', 'Adequate', TRUE, FALSE),
  (10734, 5733, 10733, 4, 7, 6, TRUE, 'High', 'Adequate', FALSE, FALSE),
  (10735, 5734, 10734, 9, 5, 8, TRUE, 'Medium', 'Adequate', TRUE, TRUE),
  (10736, 5735, 10735, 2, 2, 5, TRUE, 'Medium', 'Adequate', TRUE, TRUE),
  (10737, 5736, 10736, 7, 9, 1, TRUE, 'Medium', 'Adequate', TRUE, TRUE),
  (10738, 5737, 10737, 6, 2, 3, FALSE, 'High', 'Adequate', TRUE, TRUE),
  (10739, 5738, 10738, 6, 4, 2, TRUE, 'Low', 'Adequate', TRUE, TRUE),
  (10740, 5739, 10739, 2, 1, 1, FALSE, 'High', 'Adequate', TRUE, TRUE),
  (10741, 5740, 10740, 7, 6, 9, TRUE, 'Medium', 'Adequate', TRUE, TRUE),
  (10742, 5741, 10741, 1, 4, 8, TRUE, 'High', 'Adequate', TRUE, TRUE),
  (10743, 5742, 10742, 5, 8, 2, TRUE, 'Medium', 'Adequate', TRUE, TRUE),
  (10744, 5743, 10743, 7, 2, 2, FALSE, 'Medium', 'Adequate', TRUE, TRUE),
  (10745, 5744, 10744, 4, 8, 4, TRUE, 'High', 'Inadequate', TRUE, TRUE),
  (10746, 5745, 10745, 7, 7, 3, TRUE, 'Low', 'Adequate', TRUE, TRUE),
  (10747, 5746, 10746, 3, 7, 9, TRUE, 'Low', 'Adequate', TRUE, FALSE),
  (10748, 5747, 10747, 7, 6, 5, TRUE, 'High', 'Adequate', TRUE, TRUE),
  (10749, 5748, 10748, 2, 4, 2, TRUE, 'High', 'Adequate', TRUE, TRUE),
  (10750, 5749, 10749, 6, 9, 6, TRUE, 'High', 'Adequate', TRUE, TRUE),
  (10751, 5750, 10750, 6, 7, 8, FALSE, 'Medium', 'Adequate', TRUE, TRUE),
  (10752, 5751, 10751, 4, 3, 7, TRUE, 'Low', 'Adequate', TRUE, FALSE),
  (10753, 5752, 10752, 3, 3, 1, TRUE, 'High', 'Adequate', TRUE, TRUE),
  (10754, 5753, 10753, 4, 6, 2, TRUE, 'High', 'Adequate', TRUE, TRUE),
  (10755, 5754, 10754, 1, 2, 5, TRUE, 'Low', 'Adequate', FALSE, FALSE),
  (10756, 5755, 10755, 4, 3, 6, TRUE, 'Low', 'Inadequate', TRUE, TRUE),
  (10757, 5756, 10756, 5, 3, 2, TRUE, 'Low', 'Adequate', FALSE, TRUE),
  (10758, 5757, 10757, 1, 6, 9, TRUE, 'Medium', 'Adequate', TRUE, TRUE),
  (10759, 5758, 10758, 1, 9, 4, FALSE, 'Medium', 'Inadequate', TRUE, TRUE),
  (10760, 5759, 10759, 9, 9, 1, TRUE, 'Medium', 'Adequate', TRUE, TRUE),
  (10761, 5760, 10760, 4, 6, 5, FALSE, 'High', 'Adequate', TRUE, TRUE),
  (10762, 5761, 10761, 4, 7, 4, TRUE, 'Low', 'Adequate', TRUE, FALSE),
  (10763, 5762, 10762, 1, 5, 6, TRUE, 'Medium', 'Inadequate', TRUE, TRUE),
  (10764, 5763, 10763, 5, 9, 2, TRUE, 'Medium', 'Adequate', TRUE, TRUE),
  (10765, 5764, 10764, 1, 6, 2, TRUE, 'Medium', 'Adequate', TRUE, FALSE),
  (10766, 5765, 10765, 1, 5, 4, FALSE, 'High', 'Adequate', TRUE, TRUE),
  (10767, 5766, 10766, 7, 9, 1, FALSE, 'Low', 'Adequate', TRUE, TRUE),
  (10768, 5767, 10767, 8, 4, 2, FALSE, 'High', 'Adequate', TRUE, FALSE),
  (10769, 5768, 10768, 9, 4, 1, TRUE, 'High', 'Inadequate', FALSE, FALSE),
  (10770, 5769, 10769, 4, 1, 1, TRUE, 'Medium', 'Adequate', TRUE, FALSE),
  (10771, 5770, 10770, 8, 5, 2, TRUE, 'Medium', 'Adequate', FALSE, TRUE),
  (10772, 5771, 10771, 3, 2, 7, TRUE, 'Low', 'Adequate', TRUE, TRUE),
  (10773, 5772, 10772, 5, 9, 6, TRUE, 'Medium', 'Adequate', TRUE, TRUE),
  (10774, 5773, 10773, 2, 2, 1, FALSE, 'Medium', 'Adequate', FALSE, TRUE),
  (10775, 5774, 10774, 5, 6, 5, TRUE, 'Medium', 'Adequate', TRUE, FALSE),
  (10776, 5775, 10775, 6, 9, 8, TRUE, 'Medium', 'Inadequate', FALSE, FALSE),
  (10777, 5776, 10776, 9, 5, 2, FALSE, 'Low', 'Adequate', TRUE, TRUE),
  (10778, 5777, 10777, 8, 7, 9, TRUE, 'High', 'Inadequate', TRUE, TRUE),
  (10779, 5778, 10778, 8, 1, 3, TRUE, 'Medium', 'Adequate', TRUE, TRUE),
  (10780, 5779, 10779, 7, 6, 9, TRUE, 'High', 'Adequate', TRUE, TRUE),
  (10781, 5780, 10780, 9, 9, 6, TRUE, 'Low', 'Adequate', TRUE, TRUE),
  (10782, 5781, 10781, 5, 5, 9, TRUE, 'Medium', 'Adequate', TRUE, FALSE),
  (10783, 5782, 10782, 1, 1, 4, FALSE, 'High', 'Inadequate', TRUE, FALSE),
  (10784, 5783, 10783, 9, 6, 7, FALSE, 'Low', 'Adequate', TRUE, TRUE),
  (10785, 5784, 10784, 9, 6, 4, TRUE, 'Low', 'Adequate', TRUE, TRUE),
  (10786, 5785, 10785, 1, 5, 8, TRUE, 'High', 'Adequate', TRUE, TRUE),
  (10787, 5786, 10786, 4, 2, 5, TRUE, 'Medium', 'Adequate', TRUE, TRUE),
  (10788, 5787, 10787, 1, 8, 3, TRUE, 'High', 'Adequate', TRUE, TRUE),
  (10789, 5788, 10788, 1, 1, 8, TRUE, 'High', 'Adequate', FALSE, FALSE),
  (10790, 5789, 10789, 6, 9, 3, TRUE, 'Low', 'Adequate', FALSE, TRUE),
  (10791, 5790, 10790, 4, 2, 5, TRUE, 'Medium', 'Inadequate', FALSE, TRUE),
  (10792, 5791, 10791, 8, 2, 6, TRUE, 'High', 'Adequate', TRUE, FALSE),
  (10793, 5792, 10792, 4, 4, 9, FALSE, 'Low', 'Adequate', FALSE, TRUE),
  (10794, 5793, 10793, 6, 5, 8, TRUE, 'High', 'Adequate', TRUE, FALSE),
  (10795, 5794, 10794, 9, 7, 1, FALSE, 'Medium', 'Inadequate', FALSE, TRUE),
  (10796, 5795, 10795, 7, 5, 1, FALSE, 'Low', 'Inadequate', TRUE, TRUE),
  (10797, 5796, 10796, 6, 9, 9, FALSE, 'High', 'Inadequate', FALSE, TRUE),
  (10798, 5797, 10797, 5, 3, 9, TRUE, 'Medium', 'Adequate', TRUE, TRUE),
  (10799, 5798, 10798, 4, 3, 4, TRUE, 'Medium', 'Adequate', TRUE, FALSE),
  (10800, 5799, 10799, 1, 6, 1, TRUE, 'Medium', 'Adequate', TRUE, FALSE)
ON CONFLICT (id) DO NOTHING;

INSERT INTO environment_assessments (id, child_id, session_id, parent_child_interaction_score, parent_mental_health_score, home_stimulation_score, play_materials, caregiver_engagement, language_exposure, safe_water, toilet_facility) VALUES
  (10801, 5800, 10800, 9, 9, 8, TRUE, 'High', 'Adequate', TRUE, FALSE),
  (10802, 5801, 10801, 3, 6, 5, TRUE, 'Medium', 'Adequate', TRUE, TRUE),
  (10803, 5802, 10802, 9, 1, 7, TRUE, 'Medium', 'Adequate', TRUE, TRUE),
  (10804, 5803, 10803, 1, 9, 8, TRUE, 'Low', 'Adequate', TRUE, FALSE),
  (10805, 5804, 10804, 5, 7, 2, TRUE, 'Low', 'Adequate', TRUE, TRUE),
  (10806, 5805, 10805, 1, 4, 7, TRUE, 'High', 'Adequate', TRUE, TRUE),
  (10807, 5806, 10806, 7, 9, 3, TRUE, 'High', 'Inadequate', TRUE, TRUE),
  (10808, 5807, 10807, 9, 5, 2, TRUE, 'Medium', 'Adequate', TRUE, TRUE),
  (10809, 5808, 10808, 7, 2, 3, FALSE, 'Medium', 'Adequate', TRUE, TRUE),
  (10810, 5809, 10809, 7, 5, 2, FALSE, 'High', 'Adequate', TRUE, TRUE),
  (10811, 5810, 10810, 6, 5, 6, FALSE, 'Medium', 'Inadequate', FALSE, TRUE),
  (10812, 5811, 10811, 8, 2, 7, FALSE, 'High', 'Adequate', TRUE, TRUE),
  (10813, 5812, 10812, 7, 2, 1, TRUE, 'Medium', 'Adequate', TRUE, TRUE),
  (10814, 5813, 10813, 4, 4, 9, TRUE, 'Medium', 'Inadequate', TRUE, TRUE),
  (10815, 5814, 10814, 2, 9, 3, TRUE, 'Low', 'Adequate', TRUE, FALSE),
  (10816, 5815, 10815, 3, 1, 1, FALSE, 'High', 'Adequate', FALSE, TRUE),
  (10817, 5816, 10816, 5, 5, 2, TRUE, 'Medium', 'Adequate', TRUE, TRUE),
  (10818, 5817, 10817, 4, 5, 3, TRUE, 'Medium', 'Adequate', TRUE, TRUE),
  (10819, 5818, 10818, 3, 6, 6, TRUE, 'Medium', 'Adequate', TRUE, TRUE),
  (10820, 5819, 10819, 4, 7, 4, FALSE, 'High', 'Adequate', FALSE, TRUE),
  (10821, 5820, 10820, 8, 3, 9, TRUE, 'Medium', 'Adequate', TRUE, TRUE),
  (10822, 5821, 10821, 7, 9, 8, TRUE, 'Medium', 'Adequate', TRUE, FALSE),
  (10823, 5822, 10822, 9, 3, 6, TRUE, 'Low', 'Inadequate', TRUE, TRUE),
  (10824, 5823, 10823, 2, 7, 2, TRUE, 'Medium', 'Adequate', TRUE, TRUE),
  (10825, 5824, 10824, 8, 2, 1, TRUE, 'Medium', 'Inadequate', TRUE, TRUE),
  (10826, 5825, 10825, 5, 6, 7, TRUE, 'Low', 'Adequate', FALSE, TRUE),
  (10827, 5826, 10826, 4, 8, 9, TRUE, 'High', 'Adequate', TRUE, TRUE),
  (10828, 5827, 10827, 7, 6, 5, TRUE, 'Low', 'Adequate', TRUE, FALSE),
  (10829, 5828, 10828, 2, 1, 6, FALSE, 'Medium', 'Adequate', TRUE, TRUE),
  (10830, 5829, 10829, 3, 4, 5, TRUE, 'Medium', 'Adequate', TRUE, TRUE),
  (10831, 5830, 10830, 1, 3, 4, FALSE, 'Medium', 'Adequate', TRUE, TRUE),
  (10832, 5831, 10831, 2, 7, 6, FALSE, 'Medium', 'Inadequate', TRUE, TRUE),
  (10833, 5832, 10832, 8, 9, 6, TRUE, 'Medium', 'Inadequate', FALSE, TRUE),
  (10834, 5833, 10833, 5, 4, 5, TRUE, 'Medium', 'Adequate', TRUE, TRUE),
  (10835, 5834, 10834, 2, 4, 1, TRUE, 'High', 'Adequate', TRUE, FALSE),
  (10836, 5835, 10835, 7, 4, 5, FALSE, 'Medium', 'Inadequate', TRUE, TRUE),
  (10837, 5836, 10836, 6, 5, 9, FALSE, 'High', 'Adequate', TRUE, TRUE),
  (10838, 5837, 10837, 2, 3, 2, TRUE, 'High', 'Adequate', FALSE, TRUE),
  (10839, 5838, 10838, 1, 4, 2, TRUE, 'Medium', 'Adequate', TRUE, TRUE),
  (10840, 5839, 10839, 6, 5, 6, TRUE, 'Medium', 'Adequate', TRUE, TRUE),
  (10841, 5840, 10840, 6, 3, 6, FALSE, 'Medium', 'Adequate', TRUE, TRUE),
  (10842, 5841, 10841, 7, 8, 7, TRUE, 'Medium', 'Inadequate', TRUE, TRUE),
  (10843, 5842, 10842, 8, 2, 7, TRUE, 'Medium', 'Inadequate', TRUE, TRUE),
  (10844, 5843, 10843, 4, 7, 7, TRUE, 'High', 'Adequate', TRUE, TRUE),
  (10845, 5844, 10844, 5, 5, 5, FALSE, 'Medium', 'Inadequate', TRUE, TRUE),
  (10846, 5845, 10845, 1, 5, 1, TRUE, 'Low', 'Adequate', FALSE, TRUE),
  (10847, 5846, 10846, 3, 5, 4, TRUE, 'High', 'Inadequate', FALSE, TRUE),
  (10848, 5847, 10847, 8, 9, 4, TRUE, 'Low', 'Adequate', TRUE, TRUE),
  (10849, 5848, 10848, 8, 9, 9, FALSE, 'High', 'Adequate', TRUE, TRUE),
  (10850, 5849, 10849, 8, 3, 8, FALSE, 'High', 'Adequate', TRUE, TRUE),
  (10851, 5850, 10850, 3, 5, 7, TRUE, 'Medium', 'Adequate', TRUE, FALSE),
  (10852, 5851, 10851, 5, 8, 8, TRUE, 'Low', 'Adequate', TRUE, TRUE),
  (10853, 5852, 10852, 1, 1, 5, FALSE, 'Low', 'Inadequate', TRUE, TRUE),
  (10854, 5853, 10853, 1, 7, 6, TRUE, 'Low', 'Adequate', FALSE, TRUE),
  (10855, 5854, 10854, 2, 3, 2, TRUE, 'Medium', 'Adequate', TRUE, TRUE),
  (10856, 5855, 10855, 9, 1, 5, TRUE, 'High', 'Adequate', TRUE, TRUE),
  (10857, 5856, 10856, 9, 9, 9, FALSE, 'High', 'Adequate', TRUE, TRUE),
  (10858, 5857, 10857, 2, 2, 3, TRUE, 'Medium', 'Adequate', TRUE, TRUE),
  (10859, 5858, 10858, 5, 4, 3, TRUE, 'Medium', 'Adequate', TRUE, TRUE),
  (10860, 5859, 10859, 6, 8, 7, TRUE, 'High', 'Adequate', TRUE, FALSE),
  (10861, 5860, 10860, 2, 5, 6, FALSE, 'Medium', 'Inadequate', TRUE, TRUE),
  (10862, 5861, 10861, 8, 2, 7, FALSE, 'High', 'Inadequate', TRUE, TRUE),
  (10863, 5862, 10862, 6, 3, 7, TRUE, 'Medium', 'Adequate', TRUE, FALSE),
  (10864, 5863, 10863, 1, 7, 7, TRUE, 'High', 'Adequate', TRUE, TRUE),
  (10865, 5864, 10864, 3, 3, 3, TRUE, 'Low', 'Inadequate', TRUE, FALSE),
  (10866, 5865, 10865, 4, 9, 8, FALSE, 'Medium', 'Inadequate', TRUE, TRUE),
  (10867, 5866, 10866, 3, 6, 5, TRUE, 'Medium', 'Inadequate', FALSE, TRUE),
  (10868, 5867, 10867, 7, 5, 8, TRUE, 'High', 'Adequate', TRUE, TRUE),
  (10869, 5868, 10868, 8, 8, 3, TRUE, 'Medium', 'Adequate', TRUE, TRUE),
  (10870, 5869, 10869, 2, 2, 9, TRUE, 'Medium', 'Adequate', FALSE, TRUE),
  (10871, 5870, 10870, 6, 9, 9, TRUE, 'Medium', 'Adequate', TRUE, TRUE),
  (10872, 5871, 10871, 6, 4, 6, TRUE, 'Medium', 'Adequate', TRUE, TRUE),
  (10873, 5872, 10872, 8, 5, 7, TRUE, 'High', 'Adequate', TRUE, TRUE),
  (10874, 5873, 10873, 6, 3, 1, FALSE, 'Medium', 'Adequate', TRUE, FALSE),
  (10875, 5874, 10874, 6, 2, 6, FALSE, 'Medium', 'Adequate', TRUE, TRUE),
  (10876, 5875, 10875, 5, 1, 6, TRUE, 'Low', 'Inadequate', TRUE, TRUE),
  (10877, 5876, 10876, 8, 5, 8, TRUE, 'Low', 'Adequate', TRUE, TRUE),
  (10878, 5877, 10877, 3, 2, 5, FALSE, 'High', 'Adequate', TRUE, TRUE),
  (10879, 5878, 10878, 8, 8, 8, FALSE, 'Medium', 'Adequate', TRUE, TRUE),
  (10880, 5879, 10879, 4, 8, 4, TRUE, 'Medium', 'Inadequate', TRUE, TRUE),
  (10881, 5880, 10880, 8, 7, 2, TRUE, 'Low', 'Adequate', TRUE, TRUE),
  (10882, 5881, 10881, 3, 7, 4, TRUE, 'Medium', 'Adequate', TRUE, FALSE),
  (10883, 5882, 10882, 3, 9, 2, TRUE, 'Medium', 'Inadequate', TRUE, TRUE),
  (10884, 5883, 10883, 1, 1, 4, TRUE, 'Medium', 'Adequate', TRUE, TRUE),
  (10885, 5884, 10884, 3, 9, 3, TRUE, 'High', 'Inadequate', FALSE, TRUE),
  (10886, 5885, 10885, 1, 3, 2, FALSE, 'Medium', 'Inadequate', TRUE, TRUE),
  (10887, 5886, 10886, 6, 4, 8, FALSE, 'Medium', 'Adequate', TRUE, TRUE),
  (10888, 5887, 10887, 5, 6, 5, FALSE, 'Medium', 'Adequate', FALSE, TRUE),
  (10889, 5888, 10888, 7, 9, 2, TRUE, 'Low', 'Adequate', FALSE, TRUE),
  (10890, 5889, 10889, 4, 9, 7, FALSE, 'Medium', 'Inadequate', TRUE, FALSE),
  (10891, 5890, 10890, 6, 4, 2, FALSE, 'Low', 'Adequate', TRUE, TRUE),
  (10892, 5891, 10891, 5, 6, 8, FALSE, 'Medium', 'Adequate', TRUE, TRUE),
  (10893, 5892, 10892, 2, 2, 4, TRUE, 'Medium', 'Adequate', FALSE, FALSE),
  (10894, 5893, 10893, 9, 5, 3, TRUE, 'Medium', 'Inadequate', TRUE, TRUE),
  (10895, 5894, 10894, 6, 6, 9, FALSE, 'Medium', 'Adequate', TRUE, FALSE),
  (10896, 5895, 10895, 4, 4, 6, FALSE, 'Medium', 'Adequate', TRUE, TRUE),
  (10897, 5896, 10896, 3, 5, 4, TRUE, 'Medium', 'Adequate', FALSE, FALSE),
  (10898, 5897, 10897, 6, 3, 8, FALSE, 'High', 'Adequate', TRUE, TRUE),
  (10899, 5898, 10898, 3, 5, 8, TRUE, 'High', 'Inadequate', TRUE, FALSE),
  (10900, 5899, 10899, 4, 3, 6, FALSE, 'High', 'Inadequate', TRUE, TRUE)
ON CONFLICT (id) DO NOTHING;

INSERT INTO environment_assessments (id, child_id, session_id, parent_child_interaction_score, parent_mental_health_score, home_stimulation_score, play_materials, caregiver_engagement, language_exposure, safe_water, toilet_facility) VALUES
  (10901, 5900, 10900, 6, 3, 5, TRUE, 'Medium', 'Adequate', TRUE, FALSE),
  (10902, 5901, 10901, 3, 7, 2, TRUE, 'Low', 'Adequate', FALSE, FALSE),
  (10903, 5902, 10902, 9, 1, 2, TRUE, 'Medium', 'Adequate', TRUE, FALSE),
  (10904, 5903, 10903, 9, 7, 1, FALSE, 'Low', 'Adequate', TRUE, FALSE),
  (10905, 5904, 10904, 5, 1, 6, TRUE, 'Medium', 'Adequate', TRUE, TRUE),
  (10906, 5905, 10905, 5, 8, 2, TRUE, 'High', 'Inadequate', FALSE, TRUE),
  (10907, 5906, 10906, 3, 4, 9, TRUE, 'Medium', 'Adequate', FALSE, TRUE),
  (10908, 5907, 10907, 4, 2, 3, FALSE, 'Medium', 'Adequate', TRUE, FALSE),
  (10909, 5908, 10908, 7, 6, 8, TRUE, 'Low', 'Adequate', TRUE, TRUE),
  (10910, 5909, 10909, 3, 9, 7, TRUE, 'Medium', 'Inadequate', TRUE, TRUE),
  (10911, 5910, 10910, 8, 7, 7, TRUE, 'High', 'Adequate', FALSE, TRUE),
  (10912, 5911, 10911, 4, 1, 3, TRUE, 'Medium', 'Adequate', TRUE, TRUE),
  (10913, 5912, 10912, 4, 8, 1, FALSE, 'Medium', 'Adequate', TRUE, FALSE),
  (10914, 5913, 10913, 9, 8, 7, FALSE, 'Medium', 'Adequate', TRUE, TRUE),
  (10915, 5914, 10914, 3, 9, 2, TRUE, 'Low', 'Adequate', TRUE, TRUE),
  (10916, 5915, 10915, 9, 3, 3, TRUE, 'Medium', 'Adequate', TRUE, FALSE),
  (10917, 5916, 10916, 2, 1, 8, FALSE, 'High', 'Adequate', TRUE, TRUE),
  (10918, 5917, 10917, 2, 4, 8, FALSE, 'Medium', 'Inadequate', TRUE, TRUE),
  (10919, 5918, 10918, 7, 7, 1, TRUE, 'Medium', 'Inadequate', TRUE, TRUE),
  (10920, 5919, 10919, 8, 3, 2, TRUE, 'High', 'Adequate', TRUE, TRUE),
  (10921, 5920, 10920, 8, 5, 5, TRUE, 'Medium', 'Adequate', TRUE, TRUE),
  (10922, 5921, 10921, 1, 2, 7, TRUE, 'Medium', 'Adequate', TRUE, FALSE),
  (10923, 5922, 10922, 8, 2, 5, TRUE, 'Medium', 'Inadequate', TRUE, FALSE),
  (10924, 5923, 10923, 5, 9, 4, TRUE, 'High', 'Adequate', FALSE, TRUE),
  (10925, 5924, 10924, 5, 4, 6, TRUE, 'High', 'Inadequate', TRUE, TRUE),
  (10926, 5925, 10925, 6, 7, 7, TRUE, 'Medium', 'Adequate', TRUE, TRUE),
  (10927, 5926, 10926, 9, 5, 2, TRUE, 'Medium', 'Adequate', TRUE, TRUE),
  (10928, 5927, 10927, 6, 5, 2, TRUE, 'Medium', 'Adequate', FALSE, FALSE),
  (10929, 5928, 10928, 7, 1, 5, TRUE, 'Medium', 'Adequate', TRUE, TRUE),
  (10930, 5929, 10929, 6, 6, 5, TRUE, 'Medium', 'Adequate', TRUE, TRUE),
  (10931, 5930, 10930, 8, 9, 3, TRUE, 'Medium', 'Adequate', TRUE, TRUE),
  (10932, 5931, 10931, 4, 9, 2, FALSE, 'Medium', 'Adequate', TRUE, TRUE),
  (10933, 5932, 10932, 5, 9, 3, TRUE, 'Medium', 'Adequate', TRUE, TRUE),
  (10934, 5933, 10933, 6, 5, 1, TRUE, 'High', 'Adequate', TRUE, TRUE),
  (10935, 5934, 10934, 8, 6, 1, FALSE, 'Medium', 'Adequate', FALSE, TRUE),
  (10936, 5935, 10935, 1, 1, 8, TRUE, 'Medium', 'Adequate', TRUE, FALSE),
  (10937, 5936, 10936, 6, 5, 4, TRUE, 'Medium', 'Adequate', TRUE, TRUE),
  (10938, 5937, 10937, 3, 4, 3, TRUE, 'High', 'Inadequate', TRUE, TRUE),
  (10939, 5938, 10938, 1, 3, 9, FALSE, 'Low', 'Inadequate', TRUE, TRUE),
  (10940, 5939, 10939, 9, 5, 6, TRUE, 'High', 'Adequate', FALSE, FALSE),
  (10941, 5940, 10940, 5, 4, 1, TRUE, 'Low', 'Adequate', TRUE, TRUE),
  (10942, 5941, 10941, 2, 4, 4, TRUE, 'High', 'Adequate', TRUE, TRUE),
  (10943, 5942, 10942, 1, 9, 4, FALSE, 'Medium', 'Adequate', TRUE, TRUE),
  (10944, 5943, 10943, 5, 8, 4, FALSE, 'High', 'Adequate', TRUE, FALSE),
  (10945, 5944, 10944, 3, 6, 6, FALSE, 'Medium', 'Adequate', FALSE, FALSE),
  (10946, 5945, 10945, 9, 1, 7, TRUE, 'High', 'Inadequate', TRUE, TRUE),
  (10947, 5946, 10946, 2, 1, 4, TRUE, 'Low', 'Adequate', TRUE, TRUE),
  (10948, 5947, 10947, 9, 7, 3, TRUE, 'Medium', 'Adequate', TRUE, TRUE),
  (10949, 5948, 10948, 6, 9, 1, TRUE, 'Low', 'Adequate', TRUE, TRUE),
  (10950, 5949, 10949, 1, 2, 8, TRUE, 'High', 'Inadequate', TRUE, FALSE),
  (10951, 5950, 10950, 1, 1, 3, FALSE, 'Medium', 'Adequate', TRUE, TRUE),
  (10952, 5951, 10951, 6, 7, 7, FALSE, 'Medium', 'Adequate', TRUE, TRUE),
  (10953, 5952, 10952, 7, 7, 4, TRUE, 'Medium', 'Adequate', FALSE, FALSE),
  (10954, 5953, 10953, 8, 3, 1, TRUE, 'Medium', 'Adequate', FALSE, TRUE),
  (10955, 5954, 10954, 6, 2, 1, TRUE, 'Medium', 'Inadequate', FALSE, TRUE),
  (10956, 5955, 10955, 6, 5, 2, TRUE, 'Medium', 'Adequate', TRUE, TRUE),
  (10957, 5956, 10956, 6, 7, 2, TRUE, 'High', 'Inadequate', FALSE, TRUE),
  (10958, 5957, 10957, 1, 5, 8, TRUE, 'Low', 'Adequate', TRUE, TRUE),
  (10959, 5958, 10958, 5, 3, 5, TRUE, 'Medium', 'Adequate', TRUE, TRUE),
  (10960, 5959, 10959, 7, 7, 9, TRUE, 'High', 'Adequate', TRUE, TRUE),
  (10961, 5960, 10960, 8, 5, 4, TRUE, 'High', 'Adequate', TRUE, FALSE),
  (10962, 5961, 10961, 3, 4, 4, TRUE, 'Low', 'Inadequate', TRUE, TRUE),
  (10963, 5962, 10962, 7, 5, 6, FALSE, 'High', 'Adequate', TRUE, FALSE),
  (10964, 5963, 10963, 2, 7, 8, FALSE, 'Medium', 'Adequate', TRUE, TRUE),
  (10965, 5964, 10964, 4, 4, 4, TRUE, 'High', 'Adequate', TRUE, TRUE),
  (10966, 5965, 10965, 3, 7, 7, TRUE, 'Medium', 'Adequate', TRUE, FALSE),
  (10967, 5966, 10966, 1, 3, 4, FALSE, 'Medium', 'Adequate', TRUE, TRUE),
  (10968, 5967, 10967, 4, 5, 6, TRUE, 'High', 'Inadequate', TRUE, TRUE),
  (10969, 5968, 10968, 9, 3, 1, TRUE, 'Medium', 'Adequate', TRUE, TRUE),
  (10970, 5969, 10969, 4, 1, 5, TRUE, 'High', 'Adequate', TRUE, TRUE),
  (10971, 5970, 10970, 3, 4, 5, TRUE, 'Medium', 'Adequate', TRUE, TRUE),
  (10972, 5971, 10971, 5, 3, 8, FALSE, 'Low', 'Adequate', TRUE, TRUE),
  (10973, 5972, 10972, 3, 5, 7, TRUE, 'Medium', 'Adequate', TRUE, TRUE),
  (10974, 5973, 10973, 6, 5, 4, FALSE, 'Medium', 'Adequate', TRUE, FALSE),
  (10975, 5974, 10974, 8, 2, 5, TRUE, 'Medium', 'Inadequate', FALSE, TRUE),
  (10976, 5975, 10975, 8, 1, 1, TRUE, 'Medium', 'Adequate', TRUE, FALSE),
  (10977, 5976, 10976, 3, 9, 2, TRUE, 'High', 'Adequate', TRUE, TRUE),
  (10978, 5977, 10977, 1, 9, 3, TRUE, 'Medium', 'Inadequate', FALSE, TRUE),
  (10979, 5978, 10978, 5, 3, 7, FALSE, 'High', 'Adequate', FALSE, TRUE),
  (10980, 5979, 10979, 9, 5, 1, TRUE, 'High', 'Adequate', TRUE, TRUE),
  (10981, 5980, 10980, 7, 2, 2, FALSE, 'High', 'Adequate', TRUE, TRUE),
  (10982, 5981, 10981, 2, 4, 2, TRUE, 'Medium', 'Adequate', FALSE, TRUE),
  (10983, 5982, 10982, 7, 7, 9, FALSE, 'Low', 'Adequate', TRUE, TRUE),
  (10984, 5983, 10983, 2, 8, 9, FALSE, 'Low', 'Inadequate', FALSE, FALSE),
  (10985, 5984, 10984, 8, 5, 1, FALSE, 'Medium', 'Adequate', TRUE, TRUE),
  (10986, 5985, 10985, 8, 2, 6, TRUE, 'High', 'Adequate', TRUE, TRUE),
  (10987, 5986, 10986, 8, 9, 9, FALSE, 'High', 'Inadequate', FALSE, TRUE),
  (10988, 5987, 10987, 7, 3, 4, TRUE, 'High', 'Adequate', TRUE, FALSE),
  (10989, 5988, 10988, 3, 9, 1, TRUE, 'Medium', 'Adequate', TRUE, TRUE),
  (10990, 5989, 10989, 1, 5, 4, TRUE, 'Low', 'Adequate', FALSE, TRUE),
  (10991, 5990, 10990, 2, 3, 2, FALSE, 'High', 'Adequate', TRUE, FALSE),
  (10992, 5991, 10991, 6, 9, 7, FALSE, 'High', 'Adequate', TRUE, TRUE),
  (10993, 5992, 10992, 5, 5, 7, FALSE, 'Medium', 'Adequate', TRUE, FALSE),
  (10994, 5993, 10993, 1, 8, 7, TRUE, 'High', 'Inadequate', TRUE, FALSE),
  (10995, 5994, 10994, 6, 1, 7, TRUE, 'Low', 'Inadequate', TRUE, TRUE),
  (10996, 5995, 10995, 4, 3, 1, FALSE, 'Medium', 'Adequate', FALSE, TRUE),
  (10997, 5996, 10996, 4, 1, 7, FALSE, 'High', 'Adequate', TRUE, TRUE),
  (10998, 5997, 10997, 7, 6, 4, TRUE, 'Medium', 'Adequate', TRUE, TRUE),
  (10999, 5998, 10998, 8, 4, 8, FALSE, 'Low', 'Inadequate', TRUE, FALSE),
  (11000, 5999, 10999, 1, 1, 6, FALSE, 'High', 'Adequate', FALSE, TRUE)
ON CONFLICT (id) DO NOTHING;

-- 8. DATASETS TABLE + REGISTRATION

-- Add district_ids column if missing (table already created in section 0a)
ALTER TABLE datasets ADD COLUMN IF NOT EXISTS district_ids int[] DEFAULT NULL;

-- RLS for datasets
ALTER TABLE datasets ENABLE ROW LEVEL SECURITY;
DO $$ BEGIN
  CREATE POLICY "Anyone can read datasets" ON datasets FOR SELECT USING (true);
EXCEPTION WHEN duplicate_object THEN NULL;
END $$;

-- Register existing App Data as default (if not exists)
INSERT INTO datasets (id, name, name_te, project_id, district_id, state_id, is_default)
SELECT 1, 'App Data', ' ', p.id, p.district_id, d.state_id, true
FROM projects p JOIN districts d ON p.district_id = d.id
WHERE p.id = (SELECT MIN(id) FROM projects WHERE id < 200)
ON CONFLICT (id) DO NOTHING;

-- Register ECD Sample Data (multi-district)
INSERT INTO datasets (id, name, name_te, project_id, district_id, state_id, is_default, district_ids)
VALUES (2, 'ECD Sample Data', 'ECD  ', 200, 200, 1, false, '{200,201,202,203}')
ON CONFLICT (id) DO UPDATE SET project_id = EXCLUDED.project_id, district_id = EXCLUDED.district_id, district_ids = EXCLUDED.district_ids;

-- Update sequences to avoid conflicts
SELECT setval('districts_id_seq', GREATEST((SELECT MAX(id) FROM districts), 203));
SELECT setval('projects_id_seq', GREATEST((SELECT MAX(id) FROM projects), 203));
SELECT setval('sectors_id_seq', GREATEST((SELECT MAX(id) FROM sectors), 211));
SELECT setval('anganwadi_centres_id_seq', GREATEST((SELECT MAX(id) FROM anganwadi_centres), 1108));
SELECT setval('children_id_seq', GREATEST((SELECT MAX(id) FROM children), 6100));
SELECT setval('screening_sessions_id_seq', GREATEST((SELECT MAX(id) FROM screening_sessions), 11100));
SELECT setval('screening_results_id_seq', GREATEST((SELECT MAX(id) FROM screening_results), 11100));

-- Done! ECD Sample Dataset imported successfully.
-- Total: 1000 children, 263 referrals, 1000 follow-ups