-- ============================================================
-- Bal Vikas ECD App — Mock Data for Pilot
-- Run this AFTER schema.sql in Supabase SQL Editor
--
-- 1 State, 1 District, 1 Project, 2 Sectors, 10 AWCs
-- 10 AWWs, 200 Children, 200 Parents, 7 Officials
-- ============================================================

-- ============================================================
-- 1. GEOGRAPHIC HIERARCHY
-- ============================================================

INSERT INTO states (id, name, code) VALUES
  (1, 'Andhra Pradesh', 'AP');

INSERT INTO districts (id, state_id, name, code) VALUES
  (1, 1, 'Visakhapatnam', 'VSP');

INSERT INTO projects (id, district_id, name, code) VALUES
  (1, 1, 'Visakhapatnam Urban', 'VSP_U');

INSERT INTO sectors (id, project_id, name, code) VALUES
  (1, 1, 'Gajuwaka', 'SEC_01'),
  (2, 1, 'Pendurthi', 'SEC_02');

-- ============================================================
-- 2. ANGANWADI CENTRES (10 AWCs, 5 per sector)
-- ============================================================

INSERT INTO anganwadi_centres (id, sector_id, centre_code, name, address) VALUES
  (1,  1, '1001', 'AWC Gajuwaka-1',   'Ward 1, Gajuwaka, Visakhapatnam'),
  (2,  1, '1002', 'AWC Gajuwaka-2',   'Ward 2, Gajuwaka, Visakhapatnam'),
  (3,  1, '1003', 'AWC Gajuwaka-3',   'Ward 3, Gajuwaka, Visakhapatnam'),
  (4,  1, '1004', 'AWC Gajuwaka-4',   'Ward 4, Gajuwaka, Visakhapatnam'),
  (5,  1, '1005', 'AWC Gajuwaka-5',   'Ward 5, Gajuwaka, Visakhapatnam'),
  (6,  2, '1006', 'AWC Pendurthi-1',  'Ward 1, Pendurthi, Visakhapatnam'),
  (7,  2, '1007', 'AWC Pendurthi-2',  'Ward 2, Pendurthi, Visakhapatnam'),
  (8,  2, '1008', 'AWC Pendurthi-3',  'Ward 3, Pendurthi, Visakhapatnam'),
  (9,  2, '1009', 'AWC Pendurthi-4',  'Ward 4, Pendurthi, Visakhapatnam'),
  (10, 2, '1010', 'AWC Pendurthi-5',  'Ward 5, Pendurthi, Visakhapatnam');

-- ============================================================
-- 3. OFFICIALS (CDPO, Supervisors, DW, CW, EO, Senior Official)
-- ============================================================

INSERT INTO users (id, phone, name, role, gender, project_id, preferred_language) VALUES
  ('00000000-0000-0000-0000-000000000001', '8000000001', 'Rajeshwari Devi', 'CDPO', 'female', 1, 'te');

INSERT INTO users (id, phone, name, role, gender, sector_id, preferred_language) VALUES
  ('00000000-0000-0000-0000-000000000002', '8000000002', 'Saraswathi Kumari', 'SUPERVISOR', 'female', 1, 'te'),
  ('00000000-0000-0000-0000-000000000003', '8000000003', 'Bhavani Prasad', 'SUPERVISOR', 'female', 2, 'te');

INSERT INTO users (id, phone, name, role, gender, district_id, preferred_language) VALUES
  ('00000000-0000-0000-0000-000000000004', '8000000004', 'Venkata Lakshmi', 'DW', 'female', 1, 'te');

INSERT INTO users (id, phone, name, role, gender, project_id, preferred_language) VALUES
  ('00000000-0000-0000-0000-000000000005', '8000000005', 'Padmavathi Reddy', 'CW', 'female', 1, 'te'),
  ('00000000-0000-0000-0000-000000000006', '8000000006', 'Srinivasa Rao', 'EO', 'male', 1, 'te');

INSERT INTO users (id, phone, name, role, gender, state_id, preferred_language) VALUES
  ('00000000-0000-0000-0000-000000000007', '8000000007', 'Ramachandra Murthy', 'SENIOR_OFFICIAL', 'male', 1, 'te');

-- ============================================================
-- 4. AWWs (10 Anganwadi Workers, one per AWC)
-- ============================================================

INSERT INTO users (id, phone, name, role, gender, awc_id, preferred_language) VALUES
  ('10000000-0000-0000-0000-000000000001', '7000000001', 'Lakshmi Devi',   'AWW', 'female', 1,  'te'),
  ('10000000-0000-0000-0000-000000000002', '7000000002', 'Padma Kumari',   'AWW', 'female', 2,  'te'),
  ('10000000-0000-0000-0000-000000000003', '7000000003', 'Sridevi Rani',   'AWW', 'female', 3,  'te'),
  ('10000000-0000-0000-0000-000000000004', '7000000004', 'Anuradha Devi',  'AWW', 'female', 4,  'te'),
  ('10000000-0000-0000-0000-000000000005', '7000000005', 'Kavitha Kumari', 'AWW', 'female', 5,  'te'),
  ('10000000-0000-0000-0000-000000000006', '7000000006', 'Sunitha Devi',   'AWW', 'female', 6,  'te'),
  ('10000000-0000-0000-0000-000000000007', '7000000007', 'Radha Kumari',   'AWW', 'female', 7,  'te'),
  ('10000000-0000-0000-0000-000000000008', '7000000008', 'Vijaya Lakshmi', 'AWW', 'female', 8,  'te'),
  ('10000000-0000-0000-0000-000000000009', '7000000009', 'Manga Devi',     'AWW', 'female', 9,  'te'),
  ('10000000-0000-0000-0000-000000000010', '7000000010', 'Durga Bhavani',  'AWW', 'female', 10, 'te');

-- ============================================================
-- 5. PARENTS (200 parents, one per child)
--    Phones: 9000000001 to 9000000200
-- ============================================================

-- Parent names: mix of Telugu male and female names
INSERT INTO users (id, phone, name, role, gender, preferred_language) VALUES
  -- AWC 1 parents (children 1-20)
  ('20000000-0000-0000-0000-000000000001', '9000000001', 'Ramesh Kumar',      'PARENT', 'male',   'te'),
  ('20000000-0000-0000-0000-000000000002', '9000000002', 'Sumalatha Devi',    'PARENT', 'female', 'te'),
  ('20000000-0000-0000-0000-000000000003', '9000000003', 'Nagaraju Reddy',    'PARENT', 'male',   'te'),
  ('20000000-0000-0000-0000-000000000004', '9000000004', 'Pushpalatha Kumari','PARENT', 'female', 'te'),
  ('20000000-0000-0000-0000-000000000005', '9000000005', 'Srikanth Rao',      'PARENT', 'male',   'te'),
  ('20000000-0000-0000-0000-000000000006', '9000000006', 'Annapurna Devi',    'PARENT', 'female', 'te'),
  ('20000000-0000-0000-0000-000000000007', '9000000007', 'Venkatesh Babu',    'PARENT', 'male',   'te'),
  ('20000000-0000-0000-0000-000000000008', '9000000008', 'Sarojini Kumari',   'PARENT', 'female', 'te'),
  ('20000000-0000-0000-0000-000000000009', '9000000009', 'Prasad Varma',      'PARENT', 'male',   'te'),
  ('20000000-0000-0000-0000-000000000010', '9000000010', 'Kamala Devi',       'PARENT', 'female', 'te'),
  ('20000000-0000-0000-0000-000000000011', '9000000011', 'Ravi Shankar',      'PARENT', 'male',   'te'),
  ('20000000-0000-0000-0000-000000000012', '9000000012', 'Jyothi Lakshmi',    'PARENT', 'female', 'te'),
  ('20000000-0000-0000-0000-000000000013', '9000000013', 'Suresh Babu',       'PARENT', 'male',   'te'),
  ('20000000-0000-0000-0000-000000000014', '9000000014', 'Hemalatha Rani',    'PARENT', 'female', 'te'),
  ('20000000-0000-0000-0000-000000000015', '9000000015', 'Kishore Kumar',     'PARENT', 'male',   'te'),
  ('20000000-0000-0000-0000-000000000016', '9000000016', 'Nagamani Devi',     'PARENT', 'female', 'te'),
  ('20000000-0000-0000-0000-000000000017', '9000000017', 'Mohan Rao',         'PARENT', 'male',   'te'),
  ('20000000-0000-0000-0000-000000000018', '9000000018', 'Swarnalatha Kumari','PARENT', 'female', 'te'),
  ('20000000-0000-0000-0000-000000000019', '9000000019', 'Apparao Naidu',     'PARENT', 'male',   'te'),
  ('20000000-0000-0000-0000-000000000020', '9000000020', 'Varalakshmi Devi',  'PARENT', 'female', 'te'),
  -- AWC 2 parents (children 21-40)
  ('20000000-0000-0000-0000-000000000021', '9000000021', 'Srinivas Reddy',    'PARENT', 'male',   'te'),
  ('20000000-0000-0000-0000-000000000022', '9000000022', 'Manjula Kumari',    'PARENT', 'female', 'te'),
  ('20000000-0000-0000-0000-000000000023', '9000000023', 'Raghuram Prasad',   'PARENT', 'male',   'te'),
  ('20000000-0000-0000-0000-000000000024', '9000000024', 'Shanthi Devi',      'PARENT', 'female', 'te'),
  ('20000000-0000-0000-0000-000000000025', '9000000025', 'Chakrapani Rao',    'PARENT', 'male',   'te'),
  ('20000000-0000-0000-0000-000000000026', '9000000026', 'Tulasi Kumari',     'PARENT', 'female', 'te'),
  ('20000000-0000-0000-0000-000000000027', '9000000027', 'Ganesh Babu',       'PARENT', 'male',   'te'),
  ('20000000-0000-0000-0000-000000000028', '9000000028', 'Radha Devi',        'PARENT', 'female', 'te'),
  ('20000000-0000-0000-0000-000000000029', '9000000029', 'Harish Varma',      'PARENT', 'male',   'te'),
  ('20000000-0000-0000-0000-000000000030', '9000000030', 'Lalitha Kumari',    'PARENT', 'female', 'te'),
  ('20000000-0000-0000-0000-000000000031', '9000000031', 'Ramana Murthy',     'PARENT', 'male',   'te'),
  ('20000000-0000-0000-0000-000000000032', '9000000032', 'Bhagyalakshmi Devi','PARENT', 'female', 'te'),
  ('20000000-0000-0000-0000-000000000033', '9000000033', 'Narasimha Rao',     'PARENT', 'male',   'te'),
  ('20000000-0000-0000-0000-000000000034', '9000000034', 'Vijaya Kumari',     'PARENT', 'female', 'te'),
  ('20000000-0000-0000-0000-000000000035', '9000000035', 'Satyanarayan Reddy','PARENT', 'male',   'te'),
  ('20000000-0000-0000-0000-000000000036', '9000000036', 'Sita Devi',         'PARENT', 'female', 'te'),
  ('20000000-0000-0000-0000-000000000037', '9000000037', 'Venkateswara Rao',  'PARENT', 'male',   'te'),
  ('20000000-0000-0000-0000-000000000038', '9000000038', 'Parvathi Kumari',   'PARENT', 'female', 'te'),
  ('20000000-0000-0000-0000-000000000039', '9000000039', 'Bhaskar Naidu',     'PARENT', 'male',   'te'),
  ('20000000-0000-0000-0000-000000000040', '9000000040', 'Suguna Devi',       'PARENT', 'female', 'te'),
  -- AWC 3 parents (children 41-60)
  ('20000000-0000-0000-0000-000000000041', '9000000041', 'Tirupathi Rao',     'PARENT', 'male',   'te'),
  ('20000000-0000-0000-0000-000000000042', '9000000042', 'Ratnamma Kumari',   'PARENT', 'female', 'te'),
  ('20000000-0000-0000-0000-000000000043', '9000000043', 'Krishna Murthy',    'PARENT', 'male',   'te'),
  ('20000000-0000-0000-0000-000000000044', '9000000044', 'Savithri Devi',     'PARENT', 'female', 'te'),
  ('20000000-0000-0000-0000-000000000045', '9000000045', 'Simhachalam Reddy', 'PARENT', 'male',   'te'),
  ('20000000-0000-0000-0000-000000000046', '9000000046', 'Mahalakshmi Kumari','PARENT', 'female', 'te'),
  ('20000000-0000-0000-0000-000000000047', '9000000047', 'Durga Prasad',      'PARENT', 'male',   'te'),
  ('20000000-0000-0000-0000-000000000048', '9000000048', 'Seetamma Devi',     'PARENT', 'female', 'te'),
  ('20000000-0000-0000-0000-000000000049', '9000000049', 'Kondala Rao',       'PARENT', 'male',   'te'),
  ('20000000-0000-0000-0000-000000000050', '9000000050', 'Ammaji Kumari',     'PARENT', 'female', 'te'),
  ('20000000-0000-0000-0000-000000000051', '9000000051', 'Satyam Babu',       'PARENT', 'male',   'te'),
  ('20000000-0000-0000-0000-000000000052', '9000000052', 'Kanaka Durga',      'PARENT', 'female', 'te'),
  ('20000000-0000-0000-0000-000000000053', '9000000053', 'Sambashiva Rao',    'PARENT', 'male',   'te'),
  ('20000000-0000-0000-0000-000000000054', '9000000054', 'Subbamma Devi',     'PARENT', 'female', 'te'),
  ('20000000-0000-0000-0000-000000000055', '9000000055', 'Appala Naidu',      'PARENT', 'male',   'te'),
  ('20000000-0000-0000-0000-000000000056', '9000000056', 'Chinna Lakshmi',    'PARENT', 'female', 'te'),
  ('20000000-0000-0000-0000-000000000057', '9000000057', 'Someswara Rao',     'PARENT', 'male',   'te'),
  ('20000000-0000-0000-0000-000000000058', '9000000058', 'Dhanalakshmi Devi', 'PARENT', 'female', 'te'),
  ('20000000-0000-0000-0000-000000000059', '9000000059', 'Govinda Raju',      'PARENT', 'male',   'te'),
  ('20000000-0000-0000-0000-000000000060', '9000000060', 'Bangaru Kumari',    'PARENT', 'female', 'te'),
  -- AWC 4 parents (children 61-80)
  ('20000000-0000-0000-0000-000000000061', '9000000061', 'Anjaneyulu Naidu',  'PARENT', 'male',   'te'),
  ('20000000-0000-0000-0000-000000000062', '9000000062', 'Subhadra Devi',     'PARENT', 'female', 'te'),
  ('20000000-0000-0000-0000-000000000063', '9000000063', 'Mallikarjuna Rao',  'PARENT', 'male',   'te'),
  ('20000000-0000-0000-0000-000000000064', '9000000064', 'Padmavathi Kumari', 'PARENT', 'female', 'te'),
  ('20000000-0000-0000-0000-000000000065', '9000000065', 'Chandra Shekar',    'PARENT', 'male',   'te'),
  ('20000000-0000-0000-0000-000000000066', '9000000066', 'Sujatha Devi',      'PARENT', 'female', 'te'),
  ('20000000-0000-0000-0000-000000000067', '9000000067', 'Sambasiva Reddy',   'PARENT', 'male',   'te'),
  ('20000000-0000-0000-0000-000000000068', '9000000068', 'Madhavi Kumari',    'PARENT', 'female', 'te'),
  ('20000000-0000-0000-0000-000000000069', '9000000069', 'Lingam Naidu',      'PARENT', 'male',   'te'),
  ('20000000-0000-0000-0000-000000000070', '9000000070', 'Seshamamba Devi',   'PARENT', 'female', 'te'),
  ('20000000-0000-0000-0000-000000000071', '9000000071', 'Ganapathi Rao',     'PARENT', 'male',   'te'),
  ('20000000-0000-0000-0000-000000000072', '9000000072', 'Nirmala Kumari',    'PARENT', 'female', 'te'),
  ('20000000-0000-0000-0000-000000000073', '9000000073', 'Surya Prakash',     'PARENT', 'male',   'te'),
  ('20000000-0000-0000-0000-000000000074', '9000000074', 'Aruna Devi',        'PARENT', 'female', 'te'),
  ('20000000-0000-0000-0000-000000000075', '9000000075', 'Dharma Rao',        'PARENT', 'male',   'te'),
  ('20000000-0000-0000-0000-000000000076', '9000000076', 'Sumangali Kumari',  'PARENT', 'female', 'te'),
  ('20000000-0000-0000-0000-000000000077', '9000000077', 'Ramalingam Reddy',  'PARENT', 'male',   'te'),
  ('20000000-0000-0000-0000-000000000078', '9000000078', 'Indira Devi',       'PARENT', 'female', 'te'),
  ('20000000-0000-0000-0000-000000000079', '9000000079', 'Balakrishna Naidu', 'PARENT', 'male',   'te'),
  ('20000000-0000-0000-0000-000000000080', '9000000080', 'Girija Kumari',     'PARENT', 'female', 'te'),
  -- AWC 5 parents (children 81-100)
  ('20000000-0000-0000-0000-000000000081', '9000000081', 'Subba Rao',         'PARENT', 'male',   'te'),
  ('20000000-0000-0000-0000-000000000082', '9000000082', 'Lakshmi Kumari',    'PARENT', 'female', 'te'),
  ('20000000-0000-0000-0000-000000000083', '9000000083', 'Trimurthy Reddy',   'PARENT', 'male',   'te'),
  ('20000000-0000-0000-0000-000000000084', '9000000084', 'Rukmini Devi',      'PARENT', 'female', 'te'),
  ('20000000-0000-0000-0000-000000000085', '9000000085', 'Jagadish Babu',     'PARENT', 'male',   'te'),
  ('20000000-0000-0000-0000-000000000086', '9000000086', 'Sarala Kumari',     'PARENT', 'female', 'te'),
  ('20000000-0000-0000-0000-000000000087', '9000000087', 'Prabhakar Rao',     'PARENT', 'male',   'te'),
  ('20000000-0000-0000-0000-000000000088', '9000000088', 'Vasantha Devi',     'PARENT', 'female', 'te'),
  ('20000000-0000-0000-0000-000000000089', '9000000089', 'Nagendra Naidu',    'PARENT', 'male',   'te'),
  ('20000000-0000-0000-0000-000000000090', '9000000090', 'Gayathri Kumari',   'PARENT', 'female', 'te'),
  ('20000000-0000-0000-0000-000000000091', '9000000091', 'Ravindra Babu',     'PARENT', 'male',   'te'),
  ('20000000-0000-0000-0000-000000000092', '9000000092', 'Sailaja Devi',      'PARENT', 'female', 'te'),
  ('20000000-0000-0000-0000-000000000093', '9000000093', 'Srihari Rao',       'PARENT', 'male',   'te'),
  ('20000000-0000-0000-0000-000000000094', '9000000094', 'Uma Maheshwari',    'PARENT', 'female', 'te'),
  ('20000000-0000-0000-0000-000000000095', '9000000095', 'Dhanunjay Reddy',   'PARENT', 'male',   'te'),
  ('20000000-0000-0000-0000-000000000096', '9000000096', 'Bharathi Kumari',   'PARENT', 'female', 'te'),
  ('20000000-0000-0000-0000-000000000097', '9000000097', 'Koteswara Rao',     'PARENT', 'male',   'te'),
  ('20000000-0000-0000-0000-000000000098', '9000000098', 'Rani Devi',         'PARENT', 'female', 'te'),
  ('20000000-0000-0000-0000-000000000099', '9000000099', 'Purushottam Naidu', 'PARENT', 'male',   'te'),
  ('20000000-0000-0000-0000-000000000100', '9000000100', 'Sandhya Kumari',    'PARENT', 'female', 'te'),
  -- AWC 6 parents (children 101-120)
  ('20000000-0000-0000-0000-000000000101', '9000000101', 'Murali Krishna',    'PARENT', 'male',   'te'),
  ('20000000-0000-0000-0000-000000000102', '9000000102', 'Syamalamma Devi',   'PARENT', 'female', 'te'),
  ('20000000-0000-0000-0000-000000000103', '9000000103', 'Nageswara Rao',     'PARENT', 'male',   'te'),
  ('20000000-0000-0000-0000-000000000104', '9000000104', 'Peddamma Kumari',   'PARENT', 'female', 'te'),
  ('20000000-0000-0000-0000-000000000105', '9000000105', 'Seetarama Raju',    'PARENT', 'male',   'te'),
  ('20000000-0000-0000-0000-000000000106', '9000000106', 'Eswari Devi',       'PARENT', 'female', 'te'),
  ('20000000-0000-0000-0000-000000000107', '9000000107', 'Madhusudhan Rao',   'PARENT', 'male',   'te'),
  ('20000000-0000-0000-0000-000000000108', '9000000108', 'Vimala Kumari',     'PARENT', 'female', 'te'),
  ('20000000-0000-0000-0000-000000000109', '9000000109', 'Rama Mohan Reddy',  'PARENT', 'male',   'te'),
  ('20000000-0000-0000-0000-000000000110', '9000000110', 'Kalyani Devi',      'PARENT', 'female', 'te'),
  ('20000000-0000-0000-0000-000000000111', '9000000111', 'Shankar Naidu',     'PARENT', 'male',   'te'),
  ('20000000-0000-0000-0000-000000000112', '9000000112', 'Rajeswari Kumari',  'PARENT', 'female', 'te'),
  ('20000000-0000-0000-0000-000000000113', '9000000113', 'Veera Babu',        'PARENT', 'male',   'te'),
  ('20000000-0000-0000-0000-000000000114', '9000000114', 'Chandra Kala',      'PARENT', 'female', 'te'),
  ('20000000-0000-0000-0000-000000000115', '9000000115', 'Potaraju Rao',      'PARENT', 'male',   'te'),
  ('20000000-0000-0000-0000-000000000116', '9000000116', 'Suvarna Kumari',    'PARENT', 'female', 'te'),
  ('20000000-0000-0000-0000-000000000117', '9000000117', 'Gopala Krishna',    'PARENT', 'male',   'te'),
  ('20000000-0000-0000-0000-000000000118', '9000000118', 'Pushpa Devi',       'PARENT', 'female', 'te'),
  ('20000000-0000-0000-0000-000000000119', '9000000119', 'Adinarayana Reddy', 'PARENT', 'male',   'te'),
  ('20000000-0000-0000-0000-000000000120', '9000000120', 'Swarajyam Kumari',  'PARENT', 'female', 'te'),
  -- AWC 7 parents (children 121-140)
  ('20000000-0000-0000-0000-000000000121', '9000000121', 'Pedda Babu',        'PARENT', 'male',   'te'),
  ('20000000-0000-0000-0000-000000000122', '9000000122', 'Butchamma Devi',    'PARENT', 'female', 'te'),
  ('20000000-0000-0000-0000-000000000123', '9000000123', 'Nagabhushanam Rao', 'PARENT', 'male',   'te'),
  ('20000000-0000-0000-0000-000000000124', '9000000124', 'Adilakshmi Kumari', 'PARENT', 'female', 'te'),
  ('20000000-0000-0000-0000-000000000125', '9000000125', 'Ranga Rao',         'PARENT', 'male',   'te'),
  ('20000000-0000-0000-0000-000000000126', '9000000126', 'Suseela Devi',      'PARENT', 'female', 'te'),
  ('20000000-0000-0000-0000-000000000127', '9000000127', 'Chiranjeevi Babu',  'PARENT', 'male',   'te'),
  ('20000000-0000-0000-0000-000000000128', '9000000128', 'Mangatayaru Devi',  'PARENT', 'female', 'te'),
  ('20000000-0000-0000-0000-000000000129', '9000000129', 'Damodar Rao',       'PARENT', 'male',   'te'),
  ('20000000-0000-0000-0000-000000000130', '9000000130', 'Ratnamala Kumari',  'PARENT', 'female', 'te'),
  ('20000000-0000-0000-0000-000000000131', '9000000131', 'Appanna Naidu',     'PARENT', 'male',   'te'),
  ('20000000-0000-0000-0000-000000000132', '9000000132', 'Lakshmi Narasamma', 'PARENT', 'female', 'te'),
  ('20000000-0000-0000-0000-000000000133', '9000000133', 'Trinadha Rao',      'PARENT', 'male',   'te'),
  ('20000000-0000-0000-0000-000000000134', '9000000134', 'Hymavathi Devi',    'PARENT', 'female', 'te'),
  ('20000000-0000-0000-0000-000000000135', '9000000135', 'Kasi Viswanath',    'PARENT', 'male',   'te'),
  ('20000000-0000-0000-0000-000000000136', '9000000136', 'Sarada Kumari',     'PARENT', 'female', 'te'),
  ('20000000-0000-0000-0000-000000000137', '9000000137', 'Satyanarayana Babu','PARENT', 'male',   'te'),
  ('20000000-0000-0000-0000-000000000138', '9000000138', 'Nagalakshmi Devi',  'PARENT', 'female', 'te'),
  ('20000000-0000-0000-0000-000000000139', '9000000139', 'China Naidu',       'PARENT', 'male',   'te'),
  ('20000000-0000-0000-0000-000000000140', '9000000140', 'Tayaramma Kumari',  'PARENT', 'female', 'te'),
  -- AWC 8 parents (children 141-160)
  ('20000000-0000-0000-0000-000000000141', '9000000141', 'Veerabhadra Rao',   'PARENT', 'male',   'te'),
  ('20000000-0000-0000-0000-000000000142', '9000000142', 'Anasuyamma Devi',   'PARENT', 'female', 'te'),
  ('20000000-0000-0000-0000-000000000143', '9000000143', 'Yesu Babu',         'PARENT', 'male',   'te'),
  ('20000000-0000-0000-0000-000000000144', '9000000144', 'Chellamma Kumari',  'PARENT', 'female', 'te'),
  ('20000000-0000-0000-0000-000000000145', '9000000145', 'Tataji Rao',        'PARENT', 'male',   'te'),
  ('20000000-0000-0000-0000-000000000146', '9000000146', 'Durgamma Devi',     'PARENT', 'female', 'te'),
  ('20000000-0000-0000-0000-000000000147', '9000000147', 'Pitchaiah Naidu',   'PARENT', 'male',   'te'),
  ('20000000-0000-0000-0000-000000000148', '9000000148', 'Polamma Kumari',    'PARENT', 'female', 'te'),
  ('20000000-0000-0000-0000-000000000149', '9000000149', 'Eswaraiah Reddy',   'PARENT', 'male',   'te'),
  ('20000000-0000-0000-0000-000000000150', '9000000150', 'Subbulakshmi Devi', 'PARENT', 'female', 'te'),
  ('20000000-0000-0000-0000-000000000151', '9000000151', 'Venkanna Babu',     'PARENT', 'male',   'te'),
  ('20000000-0000-0000-0000-000000000152', '9000000152', 'Appalamma Kumari',  'PARENT', 'female', 'te'),
  ('20000000-0000-0000-0000-000000000153', '9000000153', 'Raghunath Rao',     'PARENT', 'male',   'te'),
  ('20000000-0000-0000-0000-000000000154', '9000000154', 'Santhamma Devi',    'PARENT', 'female', 'te'),
  ('20000000-0000-0000-0000-000000000155', '9000000155', 'Kotaiah Naidu',     'PARENT', 'male',   'te'),
  ('20000000-0000-0000-0000-000000000156', '9000000156', 'Mangamma Kumari',   'PARENT', 'female', 'te'),
  ('20000000-0000-0000-0000-000000000157', '9000000157', 'Buchaiah Rao',      'PARENT', 'male',   'te'),
  ('20000000-0000-0000-0000-000000000158', '9000000158', 'Ramulamma Devi',    'PARENT', 'female', 'te'),
  ('20000000-0000-0000-0000-000000000159', '9000000159', 'Jogaiah Reddy',     'PARENT', 'male',   'te'),
  ('20000000-0000-0000-0000-000000000160', '9000000160', 'Venkatalakshmi',    'PARENT', 'female', 'te'),
  -- AWC 9 parents (children 161-180)
  ('20000000-0000-0000-0000-000000000161', '9000000161', 'Sominaidu Babu',    'PARENT', 'male',   'te'),
  ('20000000-0000-0000-0000-000000000162', '9000000162', 'Yellamma Devi',     'PARENT', 'female', 'te'),
  ('20000000-0000-0000-0000-000000000163', '9000000163', 'Lakshman Rao',      'PARENT', 'male',   'te'),
  ('20000000-0000-0000-0000-000000000164', '9000000164', 'Tirupatamma Kumari','PARENT', 'female', 'te'),
  ('20000000-0000-0000-0000-000000000165', '9000000165', 'Ramaswamy Naidu',   'PARENT', 'male',   'te'),
  ('20000000-0000-0000-0000-000000000166', '9000000166', 'Thulasamma Devi',   'PARENT', 'female', 'te'),
  ('20000000-0000-0000-0000-000000000167', '9000000167', 'Narasaiah Reddy',   'PARENT', 'male',   'te'),
  ('20000000-0000-0000-0000-000000000168', '9000000168', 'Kanthamma Kumari',  'PARENT', 'female', 'te'),
  ('20000000-0000-0000-0000-000000000169', '9000000169', 'Pullaiah Babu',     'PARENT', 'male',   'te'),
  ('20000000-0000-0000-0000-000000000170', '9000000170', 'Bangaru Ammal',     'PARENT', 'female', 'te'),
  ('20000000-0000-0000-0000-000000000171', '9000000171', 'Chinnaiah Rao',     'PARENT', 'male',   'te'),
  ('20000000-0000-0000-0000-000000000172', '9000000172', 'Kasamma Devi',      'PARENT', 'female', 'te'),
  ('20000000-0000-0000-0000-000000000173', '9000000173', 'Lakshmana Naidu',   'PARENT', 'male',   'te'),
  ('20000000-0000-0000-0000-000000000174', '9000000174', 'Pochamma Kumari',   'PARENT', 'female', 'te'),
  ('20000000-0000-0000-0000-000000000175', '9000000175', 'Devudaiah Rao',     'PARENT', 'male',   'te'),
  ('20000000-0000-0000-0000-000000000176', '9000000176', 'Ananthamma Devi',   'PARENT', 'female', 'te'),
  ('20000000-0000-0000-0000-000000000177', '9000000177', 'Papaiah Reddy',     'PARENT', 'male',   'te'),
  ('20000000-0000-0000-0000-000000000178', '9000000178', 'Kanakamma Kumari',  'PARENT', 'female', 'te'),
  ('20000000-0000-0000-0000-000000000179', '9000000179', 'Veeraiah Naidu',    'PARENT', 'male',   'te'),
  ('20000000-0000-0000-0000-000000000180', '9000000180', 'Mariyamma Devi',    'PARENT', 'female', 'te'),
  -- AWC 10 parents (children 181-200)
  ('20000000-0000-0000-0000-000000000181', '9000000181', 'Guruvaiah Babu',    'PARENT', 'male',   'te'),
  ('20000000-0000-0000-0000-000000000182', '9000000182', 'Suribabu Devi',     'PARENT', 'female', 'te'),
  ('20000000-0000-0000-0000-000000000183', '9000000183', 'Haranath Rao',      'PARENT', 'male',   'te'),
  ('20000000-0000-0000-0000-000000000184', '9000000184', 'Rajamma Kumari',    'PARENT', 'female', 'te'),
  ('20000000-0000-0000-0000-000000000185', '9000000185', 'Pydaiah Naidu',     'PARENT', 'male',   'te'),
  ('20000000-0000-0000-0000-000000000186', '9000000186', 'Gangamma Devi',     'PARENT', 'female', 'te'),
  ('20000000-0000-0000-0000-000000000187', '9000000187', 'Sreeramulu Reddy',  'PARENT', 'male',   'te'),
  ('20000000-0000-0000-0000-000000000188', '9000000188', 'Naagamma Kumari',   'PARENT', 'female', 'te'),
  ('20000000-0000-0000-0000-000000000189', '9000000189', 'Jangaiah Rao',      'PARENT', 'male',   'te'),
  ('20000000-0000-0000-0000-000000000190', '9000000190', 'Sundaramma Devi',   'PARENT', 'female', 'te'),
  ('20000000-0000-0000-0000-000000000191', '9000000191', 'Yellaiah Babu',     'PARENT', 'male',   'te'),
  ('20000000-0000-0000-0000-000000000192', '9000000192', 'Muthyalamma Kumari','PARENT', 'female', 'te'),
  ('20000000-0000-0000-0000-000000000193', '9000000193', 'Ramaiah Naidu',     'PARENT', 'male',   'te'),
  ('20000000-0000-0000-0000-000000000194', '9000000194', 'Bhanumathi Devi',   'PARENT', 'female', 'te'),
  ('20000000-0000-0000-0000-000000000195', '9000000195', 'Seshagiri Rao',     'PARENT', 'male',   'te'),
  ('20000000-0000-0000-0000-000000000196', '9000000196', 'Kondamma Kumari',   'PARENT', 'female', 'te'),
  ('20000000-0000-0000-0000-000000000197', '9000000197', 'Pentaiah Reddy',    'PARENT', 'male',   'te'),
  ('20000000-0000-0000-0000-000000000198', '9000000198', 'Padmamma Devi',     'PARENT', 'female', 'te'),
  ('20000000-0000-0000-0000-000000000199', '9000000199', 'Venkataiah Babu',   'PARENT', 'male',   'te'),
  ('20000000-0000-0000-0000-000000000200', '9000000200', 'Somamma Kumari',    'PARENT', 'female', 'te');

-- ============================================================
-- 6. CHILDREN (200 children, 20 per AWC)
--    Ages distributed: 2-60 months
--    IDs: AP_ECD_000001 to AP_ECD_000200
--    DOBs calculated relative to 2026-02-01
-- ============================================================

-- AWC 1 (awc_id=1, aww_id=10000000-...-001, parent_ids 001-020)
INSERT INTO children (id, child_unique_id, name, dob, gender, awc_id, parent_id, aww_id) VALUES
  (1,   'AP_ECD_000001', 'Aarav',      '2024-01-15', 'male',   1, '20000000-0000-0000-0000-000000000001', '10000000-0000-0000-0000-000000000001'),
  (2,   'AP_ECD_000002', 'Diya',       '2023-06-20', 'female', 1, '20000000-0000-0000-0000-000000000002', '10000000-0000-0000-0000-000000000001'),
  (3,   'AP_ECD_000003', 'Vihaan',     '2025-08-10', 'male',   1, '20000000-0000-0000-0000-000000000003', '10000000-0000-0000-0000-000000000001'),
  (4,   'AP_ECD_000004', 'Ananya',     '2022-11-05', 'female', 1, '20000000-0000-0000-0000-000000000004', '10000000-0000-0000-0000-000000000001'),
  (5,   'AP_ECD_000005', 'Arjun',      '2024-05-25', 'male',   1, '20000000-0000-0000-0000-000000000005', '10000000-0000-0000-0000-000000000001'),
  (6,   'AP_ECD_000006', 'Priya',      '2023-02-14', 'female', 1, '20000000-0000-0000-0000-000000000006', '10000000-0000-0000-0000-000000000001'),
  (7,   'AP_ECD_000007', 'Karthik',    '2025-01-30', 'male',   1, '20000000-0000-0000-0000-000000000007', '10000000-0000-0000-0000-000000000001'),
  (8,   'AP_ECD_000008', 'Saanvi',     '2022-04-18', 'female', 1, '20000000-0000-0000-0000-000000000008', '10000000-0000-0000-0000-000000000001'),
  (9,   'AP_ECD_000009', 'Advik',      '2024-09-07', 'male',   1, '20000000-0000-0000-0000-000000000009', '10000000-0000-0000-0000-000000000001'),
  (10,  'AP_ECD_000010', 'Meera',      '2023-12-22', 'female', 1, '20000000-0000-0000-0000-000000000010', '10000000-0000-0000-0000-000000000001'),
  (11,  'AP_ECD_000011', 'Dhruv',      '2025-04-11', 'male',   1, '20000000-0000-0000-0000-000000000011', '10000000-0000-0000-0000-000000000001'),
  (12,  'AP_ECD_000012', 'Kavya',      '2022-08-03', 'female', 1, '20000000-0000-0000-0000-000000000012', '10000000-0000-0000-0000-000000000001'),
  (13,  'AP_ECD_000013', 'Reyansh',    '2024-03-19', 'male',   1, '20000000-0000-0000-0000-000000000013', '10000000-0000-0000-0000-000000000001'),
  (14,  'AP_ECD_000014', 'Anika',      '2023-09-28', 'female', 1, '20000000-0000-0000-0000-000000000014', '10000000-0000-0000-0000-000000000001'),
  (15,  'AP_ECD_000015', 'Vivaan',     '2025-11-15', 'male',   1, '20000000-0000-0000-0000-000000000015', '10000000-0000-0000-0000-000000000001'),
  (16,  'AP_ECD_000016', 'Ishani',     '2022-01-09', 'female', 1, '20000000-0000-0000-0000-000000000016', '10000000-0000-0000-0000-000000000001'),
  (17,  'AP_ECD_000017', 'Ayaan',      '2024-07-21', 'male',   1, '20000000-0000-0000-0000-000000000017', '10000000-0000-0000-0000-000000000001'),
  (18,  'AP_ECD_000018', 'Tara',       '2023-04-06', 'female', 1, '20000000-0000-0000-0000-000000000018', '10000000-0000-0000-0000-000000000001'),
  (19,  'AP_ECD_000019', 'Kabir',      '2025-06-13', 'male',   1, '20000000-0000-0000-0000-000000000019', '10000000-0000-0000-0000-000000000001'),
  (20,  'AP_ECD_000020', 'Navya',      '2022-10-27', 'female', 1, '20000000-0000-0000-0000-000000000020', '10000000-0000-0000-0000-000000000001'),
  -- AWC 2
  (21,  'AP_ECD_000021', 'Sai',        '2024-02-08', 'male',   2, '20000000-0000-0000-0000-000000000021', '10000000-0000-0000-0000-000000000002'),
  (22,  'AP_ECD_000022', 'Lakshmi',    '2023-07-15', 'female', 2, '20000000-0000-0000-0000-000000000022', '10000000-0000-0000-0000-000000000002'),
  (23,  'AP_ECD_000023', 'Rishi',      '2025-09-22', 'male',   2, '20000000-0000-0000-0000-000000000023', '10000000-0000-0000-0000-000000000002'),
  (24,  'AP_ECD_000024', 'Hasini',     '2022-12-01', 'female', 2, '20000000-0000-0000-0000-000000000024', '10000000-0000-0000-0000-000000000002'),
  (25,  'AP_ECD_000025', 'Harsha',     '2024-06-17', 'male',   2, '20000000-0000-0000-0000-000000000025', '10000000-0000-0000-0000-000000000002'),
  (26,  'AP_ECD_000026', 'Bhavya',     '2023-03-09', 'female', 2, '20000000-0000-0000-0000-000000000026', '10000000-0000-0000-0000-000000000002'),
  (27,  'AP_ECD_000027', 'Nithish',    '2025-02-28', 'male',   2, '20000000-0000-0000-0000-000000000027', '10000000-0000-0000-0000-000000000002'),
  (28,  'AP_ECD_000028', 'Sravya',     '2022-05-14', 'female', 2, '20000000-0000-0000-0000-000000000028', '10000000-0000-0000-0000-000000000002'),
  (29,  'AP_ECD_000029', 'Tarun',      '2024-10-03', 'male',   2, '20000000-0000-0000-0000-000000000029', '10000000-0000-0000-0000-000000000002'),
  (30,  'AP_ECD_000030', 'Keerthi',    '2024-01-20', 'female', 2, '20000000-0000-0000-0000-000000000030', '10000000-0000-0000-0000-000000000002'),
  (31,  'AP_ECD_000031', 'Pranav',     '2025-05-07', 'male',   2, '20000000-0000-0000-0000-000000000031', '10000000-0000-0000-0000-000000000002'),
  (32,  'AP_ECD_000032', 'Swathi',     '2022-09-11', 'female', 2, '20000000-0000-0000-0000-000000000032', '10000000-0000-0000-0000-000000000002'),
  (33,  'AP_ECD_000033', 'Manoj',      '2024-04-26', 'male',   2, '20000000-0000-0000-0000-000000000033', '10000000-0000-0000-0000-000000000002'),
  (34,  'AP_ECD_000034', 'Divya',      '2023-10-18', 'female', 2, '20000000-0000-0000-0000-000000000034', '10000000-0000-0000-0000-000000000002'),
  (35,  'AP_ECD_000035', 'Aditya',     '2025-12-25', 'male',   2, '20000000-0000-0000-0000-000000000035', '10000000-0000-0000-0000-000000000002'),
  (36,  'AP_ECD_000036', 'Mounika',    '2022-02-16', 'female', 2, '20000000-0000-0000-0000-000000000036', '10000000-0000-0000-0000-000000000002'),
  (37,  'AP_ECD_000037', 'Varun',      '2024-08-09', 'male',   2, '20000000-0000-0000-0000-000000000037', '10000000-0000-0000-0000-000000000002'),
  (38,  'AP_ECD_000038', 'Sahithi',    '2023-05-02', 'female', 2, '20000000-0000-0000-0000-000000000038', '10000000-0000-0000-0000-000000000002'),
  (39,  'AP_ECD_000039', 'Rohith',     '2025-07-19', 'male',   2, '20000000-0000-0000-0000-000000000039', '10000000-0000-0000-0000-000000000002'),
  (40,  'AP_ECD_000040', 'Harika',     '2022-11-30', 'female', 2, '20000000-0000-0000-0000-000000000040', '10000000-0000-0000-0000-000000000002'),
  -- AWC 3
  (41,  'AP_ECD_000041', 'Charan',     '2024-03-12', 'male',   3, '20000000-0000-0000-0000-000000000041', '10000000-0000-0000-0000-000000000003'),
  (42,  'AP_ECD_000042', 'Tejaswini',  '2023-08-25', 'female', 3, '20000000-0000-0000-0000-000000000042', '10000000-0000-0000-0000-000000000003'),
  (43,  'AP_ECD_000043', 'Pavan',      '2025-10-08', 'male',   3, '20000000-0000-0000-0000-000000000043', '10000000-0000-0000-0000-000000000003'),
  (44,  'AP_ECD_000044', 'Anusha',     '2023-01-14', 'female', 3, '20000000-0000-0000-0000-000000000044', '10000000-0000-0000-0000-000000000003'),
  (45,  'AP_ECD_000045', 'Surya',      '2024-07-06', 'male',   3, '20000000-0000-0000-0000-000000000045', '10000000-0000-0000-0000-000000000003'),
  (46,  'AP_ECD_000046', 'Niharika',   '2023-04-19', 'female', 3, '20000000-0000-0000-0000-000000000046', '10000000-0000-0000-0000-000000000003'),
  (47,  'AP_ECD_000047', 'Hemanth',    '2025-03-01', 'male',   3, '20000000-0000-0000-0000-000000000047', '10000000-0000-0000-0000-000000000003'),
  (48,  'AP_ECD_000048', 'Sowmya',     '2022-06-22', 'female', 3, '20000000-0000-0000-0000-000000000048', '10000000-0000-0000-0000-000000000003'),
  (49,  'AP_ECD_000049', 'Kiran',      '2024-11-15', 'male',   3, '20000000-0000-0000-0000-000000000049', '10000000-0000-0000-0000-000000000003'),
  (50,  'AP_ECD_000050', 'Lavanya',    '2024-02-27', 'female', 3, '20000000-0000-0000-0000-000000000050', '10000000-0000-0000-0000-000000000003'),
  (51,  'AP_ECD_000051', 'Rahul',      '2025-06-05', 'male',   3, '20000000-0000-0000-0000-000000000051', '10000000-0000-0000-0000-000000000003'),
  (52,  'AP_ECD_000052', 'Shalini',    '2022-10-09', 'female', 3, '20000000-0000-0000-0000-000000000052', '10000000-0000-0000-0000-000000000003'),
  (53,  'AP_ECD_000053', 'Ganesh',     '2024-05-20', 'male',   3, '20000000-0000-0000-0000-000000000053', '10000000-0000-0000-0000-000000000003'),
  (54,  'AP_ECD_000054', 'Ramya',      '2023-11-11', 'female', 3, '20000000-0000-0000-0000-000000000054', '10000000-0000-0000-0000-000000000003'),
  (55,  'AP_ECD_000055', 'Mahesh',     '2026-01-02', 'male',   3, '20000000-0000-0000-0000-000000000055', '10000000-0000-0000-0000-000000000003'),
  (56,  'AP_ECD_000056', 'Pallavi',    '2022-03-28', 'female', 3, '20000000-0000-0000-0000-000000000056', '10000000-0000-0000-0000-000000000003'),
  (57,  'AP_ECD_000057', 'Anil',       '2024-09-14', 'male',   3, '20000000-0000-0000-0000-000000000057', '10000000-0000-0000-0000-000000000003'),
  (58,  'AP_ECD_000058', 'Madhuri',    '2023-06-07', 'female', 3, '20000000-0000-0000-0000-000000000058', '10000000-0000-0000-0000-000000000003'),
  (59,  'AP_ECD_000059', 'Siddharth',  '2025-08-23', 'male',   3, '20000000-0000-0000-0000-000000000059', '10000000-0000-0000-0000-000000000003'),
  (60,  'AP_ECD_000060', 'Vaishnavi',  '2023-01-30', 'female', 3, '20000000-0000-0000-0000-000000000060', '10000000-0000-0000-0000-000000000003'),
  -- AWC 4
  (61,  'AP_ECD_000061', 'Venkat',     '2024-04-04', 'male',   4, '20000000-0000-0000-0000-000000000061', '10000000-0000-0000-0000-000000000004'),
  (62,  'AP_ECD_000062', 'Spandana',   '2023-09-17', 'female', 4, '20000000-0000-0000-0000-000000000062', '10000000-0000-0000-0000-000000000004'),
  (63,  'AP_ECD_000063', 'Rajesh',     '2025-11-24', 'male',   4, '20000000-0000-0000-0000-000000000063', '10000000-0000-0000-0000-000000000004'),
  (64,  'AP_ECD_000064', 'Chandana',   '2023-02-10', 'female', 4, '20000000-0000-0000-0000-000000000064', '10000000-0000-0000-0000-000000000004'),
  (65,  'AP_ECD_000065', 'Naresh',     '2024-08-03', 'male',   4, '20000000-0000-0000-0000-000000000065', '10000000-0000-0000-0000-000000000004'),
  (66,  'AP_ECD_000066', 'Deepika',    '2023-05-26', 'female', 4, '20000000-0000-0000-0000-000000000066', '10000000-0000-0000-0000-000000000004'),
  (67,  'AP_ECD_000067', 'Lokesh',     '2025-04-09', 'male',   4, '20000000-0000-0000-0000-000000000067', '10000000-0000-0000-0000-000000000004'),
  (68,  'AP_ECD_000068', 'Sirisha',    '2022-07-15', 'female', 4, '20000000-0000-0000-0000-000000000068', '10000000-0000-0000-0000-000000000004'),
  (69,  'AP_ECD_000069', 'Bharath',    '2024-12-20', 'male',   4, '20000000-0000-0000-0000-000000000069', '10000000-0000-0000-0000-000000000004'),
  (70,  'AP_ECD_000070', 'Jhansi',     '2024-03-06', 'female', 4, '20000000-0000-0000-0000-000000000070', '10000000-0000-0000-0000-000000000004'),
  (71,  'AP_ECD_000071', 'Chaitanya',  '2025-07-13', 'male',   4, '20000000-0000-0000-0000-000000000071', '10000000-0000-0000-0000-000000000004'),
  (72,  'AP_ECD_000072', 'Revathi',    '2022-11-08', 'female', 4, '20000000-0000-0000-0000-000000000072', '10000000-0000-0000-0000-000000000004'),
  (73,  'AP_ECD_000073', 'Karthick',   '2024-06-29', 'male',   4, '20000000-0000-0000-0000-000000000073', '10000000-0000-0000-0000-000000000004'),
  (74,  'AP_ECD_000074', 'Sunitha',    '2023-12-05', 'female', 4, '20000000-0000-0000-0000-000000000074', '10000000-0000-0000-0000-000000000004'),
  (75,  'AP_ECD_000075', 'Naveen',     '2026-01-18', 'male',   4, '20000000-0000-0000-0000-000000000075', '10000000-0000-0000-0000-000000000004'),
  (76,  'AP_ECD_000076', 'Bhargavi',   '2022-04-22', 'female', 4, '20000000-0000-0000-0000-000000000076', '10000000-0000-0000-0000-000000000004'),
  (77,  'AP_ECD_000077', 'Dinesh',     '2024-10-11', 'male',   4, '20000000-0000-0000-0000-000000000077', '10000000-0000-0000-0000-000000000004'),
  (78,  'AP_ECD_000078', 'Yamini',     '2023-07-04', 'female', 4, '20000000-0000-0000-0000-000000000078', '10000000-0000-0000-0000-000000000004'),
  (79,  'AP_ECD_000079', 'Sandeep',    '2025-09-16', 'male',   4, '20000000-0000-0000-0000-000000000079', '10000000-0000-0000-0000-000000000004'),
  (80,  'AP_ECD_000080', 'Nagamani',   '2023-02-21', 'female', 4, '20000000-0000-0000-0000-000000000080', '10000000-0000-0000-0000-000000000004'),
  -- AWC 5
  (81,  'AP_ECD_000081', 'Prudhvi',    '2024-05-13', 'male',   5, '20000000-0000-0000-0000-000000000081', '10000000-0000-0000-0000-000000000005'),
  (82,  'AP_ECD_000082', 'Sravanthi',  '2023-10-28', 'female', 5, '20000000-0000-0000-0000-000000000082', '10000000-0000-0000-0000-000000000005'),
  (83,  'AP_ECD_000083', 'Vineeth',    '2025-12-07', 'male',   5, '20000000-0000-0000-0000-000000000083', '10000000-0000-0000-0000-000000000005'),
  (84,  'AP_ECD_000084', 'Saritha',    '2023-03-15', 'female', 5, '20000000-0000-0000-0000-000000000084', '10000000-0000-0000-0000-000000000005'),
  (85,  'AP_ECD_000085', 'Mohan',      '2024-09-01', 'male',   5, '20000000-0000-0000-0000-000000000085', '10000000-0000-0000-0000-000000000005'),
  (86,  'AP_ECD_000086', 'Padmini',    '2023-06-18', 'female', 5, '20000000-0000-0000-0000-000000000086', '10000000-0000-0000-0000-000000000005'),
  (87,  'AP_ECD_000087', 'Prabhas',    '2025-03-25', 'male',   5, '20000000-0000-0000-0000-000000000087', '10000000-0000-0000-0000-000000000005'),
  (88,  'AP_ECD_000088', 'Surekha',    '2022-08-10', 'female', 5, '20000000-0000-0000-0000-000000000088', '10000000-0000-0000-0000-000000000005'),
  (89,  'AP_ECD_000089', 'Kalyan',     '2025-01-04', 'male',   5, '20000000-0000-0000-0000-000000000089', '10000000-0000-0000-0000-000000000005'),
  (90,  'AP_ECD_000090', 'Bindu',      '2024-04-16', 'female', 5, '20000000-0000-0000-0000-000000000090', '10000000-0000-0000-0000-000000000005'),
  (91,  'AP_ECD_000091', 'Sathish',    '2025-08-19', 'male',   5, '20000000-0000-0000-0000-000000000091', '10000000-0000-0000-0000-000000000005'),
  (92,  'AP_ECD_000092', 'Vasudha',    '2022-12-23', 'female', 5, '20000000-0000-0000-0000-000000000092', '10000000-0000-0000-0000-000000000005'),
  (93,  'AP_ECD_000093', 'Ajay',       '2024-07-08', 'male',   5, '20000000-0000-0000-0000-000000000093', '10000000-0000-0000-0000-000000000005'),
  (94,  'AP_ECD_000094', 'Prasanna',   '2024-01-02', 'female', 5, '20000000-0000-0000-0000-000000000094', '10000000-0000-0000-0000-000000000005'),
  (95,  'AP_ECD_000095', 'Phani',      '2025-05-14', 'male',   5, '20000000-0000-0000-0000-000000000095', '10000000-0000-0000-0000-000000000005'),
  (96,  'AP_ECD_000096', 'Mrudula',    '2022-09-27', 'female', 5, '20000000-0000-0000-0000-000000000096', '10000000-0000-0000-0000-000000000005'),
  (97,  'AP_ECD_000097', 'Srikanth',   '2024-11-06', 'male',   5, '20000000-0000-0000-0000-000000000097', '10000000-0000-0000-0000-000000000005'),
  (98,  'AP_ECD_000098', 'Pranitha',   '2023-08-21', 'female', 5, '20000000-0000-0000-0000-000000000098', '10000000-0000-0000-0000-000000000005'),
  (99,  'AP_ECD_000099', 'Manohar',    '2025-10-30', 'male',   5, '20000000-0000-0000-0000-000000000099', '10000000-0000-0000-0000-000000000005'),
  (100, 'AP_ECD_000100', 'Varsha',     '2023-04-12', 'female', 5, '20000000-0000-0000-0000-000000000100', '10000000-0000-0000-0000-000000000005'),
  -- AWC 6
  (101, 'AP_ECD_000101', 'Gopal',      '2024-02-19', 'male',   6, '20000000-0000-0000-0000-000000000101', '10000000-0000-0000-0000-000000000006'),
  (102, 'AP_ECD_000102', 'Amulya',     '2023-07-30', 'female', 6, '20000000-0000-0000-0000-000000000102', '10000000-0000-0000-0000-000000000006'),
  (103, 'AP_ECD_000103', 'Sriram',     '2025-11-05', 'male',   6, '20000000-0000-0000-0000-000000000103', '10000000-0000-0000-0000-000000000006'),
  (104, 'AP_ECD_000104', 'Likitha',    '2023-02-24', 'female', 6, '20000000-0000-0000-0000-000000000104', '10000000-0000-0000-0000-000000000006'),
  (105, 'AP_ECD_000105', 'Teja',       '2024-08-16', 'male',   6, '20000000-0000-0000-0000-000000000105', '10000000-0000-0000-0000-000000000006'),
  (106, 'AP_ECD_000106', 'Manasa',     '2023-05-09', 'female', 6, '20000000-0000-0000-0000-000000000106', '10000000-0000-0000-0000-000000000006'),
  (107, 'AP_ECD_000107', 'Abhinav',    '2025-04-21', 'male',   6, '20000000-0000-0000-0000-000000000107', '10000000-0000-0000-0000-000000000006'),
  (108, 'AP_ECD_000108', 'Deepthi',    '2022-07-05', 'female', 6, '20000000-0000-0000-0000-000000000108', '10000000-0000-0000-0000-000000000006'),
  (109, 'AP_ECD_000109', 'Yaswanth',   '2025-01-13', 'male',   6, '20000000-0000-0000-0000-000000000109', '10000000-0000-0000-0000-000000000006'),
  (110, 'AP_ECD_000110', 'Ashwini',    '2024-04-27', 'female', 6, '20000000-0000-0000-0000-000000000110', '10000000-0000-0000-0000-000000000006'),
  (111, 'AP_ECD_000111', 'Prem',       '2025-09-03', 'male',   6, '20000000-0000-0000-0000-000000000111', '10000000-0000-0000-0000-000000000006'),
  (112, 'AP_ECD_000112', 'Archana',    '2022-12-18', 'female', 6, '20000000-0000-0000-0000-000000000112', '10000000-0000-0000-0000-000000000006'),
  (113, 'AP_ECD_000113', 'Sagar',      '2024-06-10', 'male',   6, '20000000-0000-0000-0000-000000000113', '10000000-0000-0000-0000-000000000006'),
  (114, 'AP_ECD_000114', 'Rekha',      '2023-11-23', 'female', 6, '20000000-0000-0000-0000-000000000114', '10000000-0000-0000-0000-000000000006'),
  (115, 'AP_ECD_000115', 'Yashwanth',  '2026-01-28', 'male',   6, '20000000-0000-0000-0000-000000000115', '10000000-0000-0000-0000-000000000006'),
  (116, 'AP_ECD_000116', 'Sangeeta',   '2022-05-06', 'female', 6, '20000000-0000-0000-0000-000000000116', '10000000-0000-0000-0000-000000000006'),
  (117, 'AP_ECD_000117', 'Raju',       '2024-10-22', 'male',   6, '20000000-0000-0000-0000-000000000117', '10000000-0000-0000-0000-000000000006'),
  (118, 'AP_ECD_000118', 'Akhila',     '2023-08-04', 'female', 6, '20000000-0000-0000-0000-000000000118', '10000000-0000-0000-0000-000000000006'),
  (119, 'AP_ECD_000119', 'Sumanth',    '2025-07-15', 'male',   6, '20000000-0000-0000-0000-000000000119', '10000000-0000-0000-0000-000000000006'),
  (120, 'AP_ECD_000120', 'Pavani',     '2023-03-01', 'female', 6, '20000000-0000-0000-0000-000000000120', '10000000-0000-0000-0000-000000000006'),
  -- AWC 7
  (121, 'AP_ECD_000121', 'Venkatesh',  '2024-03-24', 'male',   7, '20000000-0000-0000-0000-000000000121', '10000000-0000-0000-0000-000000000007'),
  (122, 'AP_ECD_000122', 'Srilakshmi', '2023-09-08', 'female', 7, '20000000-0000-0000-0000-000000000122', '10000000-0000-0000-0000-000000000007'),
  (123, 'AP_ECD_000123', 'Chandra',    '2025-12-15', 'male',   7, '20000000-0000-0000-0000-000000000123', '10000000-0000-0000-0000-000000000007'),
  (124, 'AP_ECD_000124', 'Himabindu',  '2023-01-07', 'female', 7, '20000000-0000-0000-0000-000000000124', '10000000-0000-0000-0000-000000000007'),
  (125, 'AP_ECD_000125', 'Raviteja',   '2024-07-20', 'male',   7, '20000000-0000-0000-0000-000000000125', '10000000-0000-0000-0000-000000000007'),
  (126, 'AP_ECD_000126', 'Supriya',    '2023-04-03', 'female', 7, '20000000-0000-0000-0000-000000000126', '10000000-0000-0000-0000-000000000007'),
  (127, 'AP_ECD_000127', 'Naga',       '2025-02-17', 'male',   7, '20000000-0000-0000-0000-000000000127', '10000000-0000-0000-0000-000000000007'),
  (128, 'AP_ECD_000128', 'Rani',       '2022-06-11', 'female', 7, '20000000-0000-0000-0000-000000000128', '10000000-0000-0000-0000-000000000007'),
  (129, 'AP_ECD_000129', 'Sarath',     '2024-11-29', 'male',   7, '20000000-0000-0000-0000-000000000129', '10000000-0000-0000-0000-000000000007'),
  (130, 'AP_ECD_000130', 'Durga',      '2024-02-14', 'female', 7, '20000000-0000-0000-0000-000000000130', '10000000-0000-0000-0000-000000000007'),
  (131, 'AP_ECD_000131', 'Ramu',       '2025-06-26', 'male',   7, '20000000-0000-0000-0000-000000000131', '10000000-0000-0000-0000-000000000007'),
  (132, 'AP_ECD_000132', 'Kumari',     '2022-10-19', 'female', 7, '20000000-0000-0000-0000-000000000132', '10000000-0000-0000-0000-000000000007'),
  (133, 'AP_ECD_000133', 'Ramana',     '2024-05-08', 'male',   7, '20000000-0000-0000-0000-000000000133', '10000000-0000-0000-0000-000000000007'),
  (134, 'AP_ECD_000134', 'Padma',      '2023-12-14', 'female', 7, '20000000-0000-0000-0000-000000000134', '10000000-0000-0000-0000-000000000007'),
  (135, 'AP_ECD_000135', 'Balu',       '2026-02-01', 'male',   7, '20000000-0000-0000-0000-000000000135', '10000000-0000-0000-0000-000000000007'),
  (136, 'AP_ECD_000136', 'Geetha',     '2022-03-16', 'female', 7, '20000000-0000-0000-0000-000000000136', '10000000-0000-0000-0000-000000000007'),
  (137, 'AP_ECD_000137', 'Kumar',      '2024-09-22', 'male',   7, '20000000-0000-0000-0000-000000000137', '10000000-0000-0000-0000-000000000007'),
  (138, 'AP_ECD_000138', 'Vijaya',     '2023-06-15', 'female', 7, '20000000-0000-0000-0000-000000000138', '10000000-0000-0000-0000-000000000007'),
  (139, 'AP_ECD_000139', 'Krish',      '2025-08-07', 'male',   7, '20000000-0000-0000-0000-000000000139', '10000000-0000-0000-0000-000000000007'),
  (140, 'AP_ECD_000140', 'Sita',       '2023-01-21', 'female', 7, '20000000-0000-0000-0000-000000000140', '10000000-0000-0000-0000-000000000007'),
  -- AWC 8
  (141, 'AP_ECD_000141', 'Deva',       '2024-04-15', 'male',   8, '20000000-0000-0000-0000-000000000141', '10000000-0000-0000-0000-000000000008'),
  (142, 'AP_ECD_000142', 'Sneha',      '2023-10-06', 'female', 8, '20000000-0000-0000-0000-000000000142', '10000000-0000-0000-0000-000000000008'),
  (143, 'AP_ECD_000143', 'Arun',       '2025-11-19', 'male',   8, '20000000-0000-0000-0000-000000000143', '10000000-0000-0000-0000-000000000008'),
  (144, 'AP_ECD_000144', 'Sudha',      '2023-03-25', 'female', 8, '20000000-0000-0000-0000-000000000144', '10000000-0000-0000-0000-000000000008'),
  (145, 'AP_ECD_000145', 'Sekhar',     '2024-09-10', 'male',   8, '20000000-0000-0000-0000-000000000145', '10000000-0000-0000-0000-000000000008'),
  (146, 'AP_ECD_000146', 'Madhavi',    '2023-06-23', 'female', 8, '20000000-0000-0000-0000-000000000146', '10000000-0000-0000-0000-000000000008'),
  (147, 'AP_ECD_000147', 'Shiva',      '2025-05-03', 'male',   8, '20000000-0000-0000-0000-000000000147', '10000000-0000-0000-0000-000000000008'),
  (148, 'AP_ECD_000148', 'Vanaja',     '2022-08-28', 'female', 8, '20000000-0000-0000-0000-000000000148', '10000000-0000-0000-0000-000000000008'),
  (149, 'AP_ECD_000149', 'Keshav',     '2025-02-06', 'male',   8, '20000000-0000-0000-0000-000000000149', '10000000-0000-0000-0000-000000000008'),
  (150, 'AP_ECD_000150', 'Tulasi',     '2024-05-19', 'female', 8, '20000000-0000-0000-0000-000000000150', '10000000-0000-0000-0000-000000000008'),
  (151, 'AP_ECD_000151', 'Nagarjuna',  '2025-09-27', 'male',   8, '20000000-0000-0000-0000-000000000151', '10000000-0000-0000-0000-000000000008'),
  (152, 'AP_ECD_000152', 'Sowjanya',   '2023-01-11', 'female', 8, '20000000-0000-0000-0000-000000000152', '10000000-0000-0000-0000-000000000008'),
  (153, 'AP_ECD_000153', 'Vikram',     '2024-07-03', 'male',   8, '20000000-0000-0000-0000-000000000153', '10000000-0000-0000-0000-000000000008'),
  (154, 'AP_ECD_000154', 'Haritha',    '2024-01-28', 'female', 8, '20000000-0000-0000-0000-000000000154', '10000000-0000-0000-0000-000000000008'),
  (155, 'AP_ECD_000155', 'Sanjay',     '2025-06-09', 'male',   8, '20000000-0000-0000-0000-000000000155', '10000000-0000-0000-0000-000000000008'),
  (156, 'AP_ECD_000156', 'Nandini',    '2022-10-03', 'female', 8, '20000000-0000-0000-0000-000000000156', '10000000-0000-0000-0000-000000000008'),
  (157, 'AP_ECD_000157', 'Bhaskar',    '2024-11-16', 'male',   8, '20000000-0000-0000-0000-000000000157', '10000000-0000-0000-0000-000000000008'),
  (158, 'AP_ECD_000158', 'Lalitha',    '2023-08-09', 'female', 8, '20000000-0000-0000-0000-000000000158', '10000000-0000-0000-0000-000000000008'),
  (159, 'AP_ECD_000159', 'Kishan',     '2025-10-22', 'male',   8, '20000000-0000-0000-0000-000000000159', '10000000-0000-0000-0000-000000000008'),
  (160, 'AP_ECD_000160', 'Aruna',      '2023-04-27', 'female', 8, '20000000-0000-0000-0000-000000000160', '10000000-0000-0000-0000-000000000008'),
  -- AWC 9
  (161, 'AP_ECD_000161', 'Prasanth',   '2024-03-05', 'male',   9, '20000000-0000-0000-0000-000000000161', '10000000-0000-0000-0000-000000000009'),
  (162, 'AP_ECD_000162', 'Rajani',     '2023-09-20', 'female', 9, '20000000-0000-0000-0000-000000000162', '10000000-0000-0000-0000-000000000009'),
  (163, 'AP_ECD_000163', 'Madhu',      '2025-12-28', 'male',   9, '20000000-0000-0000-0000-000000000163', '10000000-0000-0000-0000-000000000009'),
  (164, 'AP_ECD_000164', 'Susheela',   '2023-02-07', 'female', 9, '20000000-0000-0000-0000-000000000164', '10000000-0000-0000-0000-000000000009'),
  (165, 'AP_ECD_000165', 'Jagadish',   '2024-08-22', 'male',   9, '20000000-0000-0000-0000-000000000165', '10000000-0000-0000-0000-000000000009'),
  (166, 'AP_ECD_000166', 'Pushpavalli','2023-05-15', 'female', 9, '20000000-0000-0000-0000-000000000166', '10000000-0000-0000-0000-000000000009'),
  (167, 'AP_ECD_000167', 'Seshu',      '2025-04-01', 'male',   9, '20000000-0000-0000-0000-000000000167', '10000000-0000-0000-0000-000000000009'),
  (168, 'AP_ECD_000168', 'Sumalatha',  '2022-07-26', 'female', 9, '20000000-0000-0000-0000-000000000168', '10000000-0000-0000-0000-000000000009'),
  (169, 'AP_ECD_000169', 'Yugandhar',  '2025-01-17', 'male',   9, '20000000-0000-0000-0000-000000000169', '10000000-0000-0000-0000-000000000009'),
  (170, 'AP_ECD_000170', 'Radha',      '2024-04-08', 'female', 9, '20000000-0000-0000-0000-000000000170', '10000000-0000-0000-0000-000000000009'),
  (171, 'AP_ECD_000171', 'Rambabu',    '2025-08-25', 'male',   9, '20000000-0000-0000-0000-000000000171', '10000000-0000-0000-0000-000000000009'),
  (172, 'AP_ECD_000172', 'Bhavani',    '2022-12-10', 'female', 9, '20000000-0000-0000-0000-000000000172', '10000000-0000-0000-0000-000000000009'),
  (173, 'AP_ECD_000173', 'Satya',      '2024-06-02', 'male',   9, '20000000-0000-0000-0000-000000000173', '10000000-0000-0000-0000-000000000009'),
  (174, 'AP_ECD_000174', 'Subbalakshmi','2023-12-27', 'female', 9, '20000000-0000-0000-0000-000000000174', '10000000-0000-0000-0000-000000000009'),
  (175, 'AP_ECD_000175', 'Ramakrishna','2026-01-10', 'male',   9, '20000000-0000-0000-0000-000000000175', '10000000-0000-0000-0000-000000000009'),
  (176, 'AP_ECD_000176', 'Sarojamma',  '2022-04-04', 'female', 9, '20000000-0000-0000-0000-000000000176', '10000000-0000-0000-0000-000000000009'),
  (177, 'AP_ECD_000177', 'Tirupathi',  '2024-10-15', 'male',   9, '20000000-0000-0000-0000-000000000177', '10000000-0000-0000-0000-000000000009'),
  (178, 'AP_ECD_000178', 'Jayamma',    '2023-07-08', 'female', 9, '20000000-0000-0000-0000-000000000178', '10000000-0000-0000-0000-000000000009'),
  (179, 'AP_ECD_000179', 'Hanumanthu', '2025-09-20', 'male',   9, '20000000-0000-0000-0000-000000000179', '10000000-0000-0000-0000-000000000009'),
  (180, 'AP_ECD_000180', 'Vani',       '2023-03-13', 'female', 9, '20000000-0000-0000-0000-000000000180', '10000000-0000-0000-0000-000000000009'),
  -- AWC 10
  (181, 'AP_ECD_000181', 'Ravi',       '2024-02-26', 'male',   10, '20000000-0000-0000-0000-000000000181', '10000000-0000-0000-0000-000000000010'),
  (182, 'AP_ECD_000182', 'Kamala',     '2023-08-12', 'female', 10, '20000000-0000-0000-0000-000000000182', '10000000-0000-0000-0000-000000000010'),
  (183, 'AP_ECD_000183', 'Govind',     '2025-11-28', 'male',   10, '20000000-0000-0000-0000-000000000183', '10000000-0000-0000-0000-000000000010'),
  (184, 'AP_ECD_000184', 'Anitha',     '2023-01-16', 'female', 10, '20000000-0000-0000-0000-000000000184', '10000000-0000-0000-0000-000000000010'),
  (185, 'AP_ECD_000185', 'Srinu',      '2024-07-10', 'male',   10, '20000000-0000-0000-0000-000000000185', '10000000-0000-0000-0000-000000000010'),
  (186, 'AP_ECD_000186', 'Hemalatha',  '2023-04-22', 'female', 10, '20000000-0000-0000-0000-000000000186', '10000000-0000-0000-0000-000000000010'),
  (187, 'AP_ECD_000187', 'Nagesh',     '2025-03-08', 'male',   10, '20000000-0000-0000-0000-000000000187', '10000000-0000-0000-0000-000000000010'),
  (188, 'AP_ECD_000188', 'Laxmi',      '2022-06-19', 'female', 10, '20000000-0000-0000-0000-000000000188', '10000000-0000-0000-0000-000000000010'),
  (189, 'AP_ECD_000189', 'Mallik',     '2024-12-04', 'male',   10, '20000000-0000-0000-0000-000000000189', '10000000-0000-0000-0000-000000000010'),
  (190, 'AP_ECD_000190', 'Jyothi',     '2024-03-18', 'female', 10, '20000000-0000-0000-0000-000000000190', '10000000-0000-0000-0000-000000000010'),
  (191, 'AP_ECD_000191', 'Dharma',     '2025-07-30', 'male',   10, '20000000-0000-0000-0000-000000000191', '10000000-0000-0000-0000-000000000010'),
  (192, 'AP_ECD_000192', 'Savitha',    '2022-11-14', 'female', 10, '20000000-0000-0000-0000-000000000192', '10000000-0000-0000-0000-000000000010'),
  (193, 'AP_ECD_000193', 'Sudheer',    '2024-05-25', 'male',   10, '20000000-0000-0000-0000-000000000193', '10000000-0000-0000-0000-000000000010'),
  (194, 'AP_ECD_000194', 'Kalyani',    '2023-11-07', 'female', 10, '20000000-0000-0000-0000-000000000194', '10000000-0000-0000-0000-000000000010'),
  (195, 'AP_ECD_000195', 'Balaraju',   '2025-12-20', 'male',   10, '20000000-0000-0000-0000-000000000195', '10000000-0000-0000-0000-000000000010'),
  (196, 'AP_ECD_000196', 'Manga',      '2022-03-03', 'female', 10, '20000000-0000-0000-0000-000000000196', '10000000-0000-0000-0000-000000000010'),
  (197, 'AP_ECD_000197', 'Ramesh',     '2024-09-06', 'male',   10, '20000000-0000-0000-0000-000000000197', '10000000-0000-0000-0000-000000000010'),
  (198, 'AP_ECD_000198', 'Sandhya',    '2023-06-29', 'female', 10, '20000000-0000-0000-0000-000000000198', '10000000-0000-0000-0000-000000000010'),
  (199, 'AP_ECD_000199', 'Apparao',    '2025-08-14', 'male',   10, '20000000-0000-0000-0000-000000000199', '10000000-0000-0000-0000-000000000010'),
  (200, 'AP_ECD_000200', 'Saroja',     '2023-02-18', 'female', 10, '20000000-0000-0000-0000-000000000200', '10000000-0000-0000-0000-000000000010');

-- Reset sequences to continue after our manually inserted IDs
SELECT setval('states_id_seq', (SELECT MAX(id) FROM states));
SELECT setval('districts_id_seq', (SELECT MAX(id) FROM districts));
SELECT setval('projects_id_seq', (SELECT MAX(id) FROM projects));
SELECT setval('sectors_id_seq', (SELECT MAX(id) FROM sectors));
SELECT setval('anganwadi_centres_id_seq', (SELECT MAX(id) FROM anganwadi_centres));
SELECT setval('children_id_seq', (SELECT MAX(id) FROM children));

-- ============================================================
-- SUMMARY OF MOCK DATA
-- ============================================================
--
-- ROLE           | PHONE         | NAME                    | SCOPE
-- ───────────────┼───────────────┼─────────────────────────┼──────────────────
-- SENIOR_OFFICIAL| 8000000007    | Ramachandra Murthy      | All of AP
-- DW             | 8000000004    | Venkata Lakshmi         | Visakhapatnam Dist
-- CDPO           | 8000000001    | Rajeshwari Devi         | VSP Urban Project
-- EO             | 8000000006    | Srinivasa Rao           | VSP Urban Project
-- CW             | 8000000005    | Padmavathi Reddy        | VSP Urban Project
-- SUPERVISOR     | 8000000002    | Saraswathi Kumari       | Gajuwaka (AWCs 1-5)
-- SUPERVISOR     | 8000000003    | Bhavani Prasad          | Pendurthi (AWCs 6-10)
-- AWW            | 7000000001    | Lakshmi Devi            | AWC 1001
-- AWW            | 7000000002    | Padma Kumari            | AWC 1002
-- AWW            | 7000000003    | Sridevi Rani            | AWC 1003
-- AWW            | 7000000004    | Anuradha Devi           | AWC 1004
-- AWW            | 7000000005    | Kavitha Kumari          | AWC 1005
-- AWW            | 7000000006    | Sunitha Devi            | AWC 1006
-- AWW            | 7000000007    | Radha Kumari            | AWC 1007
-- AWW            | 7000000008    | Vijaya Lakshmi          | AWC 1008
-- AWW            | 7000000009    | Manga Devi              | AWC 1009
-- AWW            | 7000000010    | Durga Bhavani           | AWC 1010
-- PARENT         | 9000000001-200| (200 parents)           | 1 child each
--
-- CHILDREN: 200 total (20 per AWC), ages 2-60 months
-- IDs: AP_ECD_000001 to AP_ECD_000200
-- ============================================================
